10,10,11,11,10,4,13,14,15,16,12,1,2,3,3,5,6,7,8,9,9,4,12,10,10,10,
12,5,7,6,8,9,9,4,10,10,4,4,10,6,17,8,9,9,10,10,10,1,2,3,3,12,12,10,12,11,11,10,12,15,14,13,16,12,4,
4,4,4,5,10,4,10,7,6,8,9,9,4,10,10,10,6,17,8,9,9,10,6,17,8,9,9,10,10,10,10,10,10,10,10,10,15,14,13,16,12,12,1,2,3,3,10,4,11,11,10,10,10,10,10,4,4,12,10,
1,2,18,
1,2,18,
4,4,4,1,2,3,3,19,4,
1,2,2,4,4,4,4,4,18,4,20,3,3,20,
4,4,4,4,1,2,3,3,4,19,4,4,
4,19,4,1,2,2,4,4,20,3,3,20,4,4,
6,7,8,9,9,4,10,10,4,4,10,11,11,10,1,2,3,3,12,18,21,12,4,5,
22,22,10,22,22,12,1,2,3,3,4,12,12,5,7,6,8,9,9,4,10,10,10,22,22,6,17,8,9,9,10,10,10,10,10,22,22,22,12,10,11,11,10,22,22,22,12,22,22,12,12,22,22,22,22,22,22,22,22,22,22,22,22,22,15,14,13,16,12,22,22,22,22,22,22,22,10,
12,12,10,22,22,10,10,10,11,11,10,12,1,2,3,3,4,22,22,5,22,6,7,8,9,9,4,10,22,22,10,10,21,18,22,
4,4,4,18,4,1,2,2,4,4,20,20,4,4,20,3,3,20,4,4,
1,2,18,
4,4,22,22,22,10,10,5,1,2,10,22,3,3,10,12,12,6,7,8,9,9,4,10,22,22,22,10,10,10,10,10,22,22,4,10,22,10,12,4,12,12,12,12,12,12,15,16,13,14,12,12,22,22,22,22,4,12,4,4,10,22,22,12,10,10,11,11,10,22,22,22,12,12,22,22,
1,2,2,20,18,20,
12,12,10,11,11,10,6,17,8,9,9,22,4,12,4,12,4,4,10,22,6,17,8,9,9,10,5,15,14,13,16,12,1,2,3,3,22,22,7,6,8,9,9,4,22,22,22,22,22,22,11,11,22,4,22,
12,12,10,22,22,4,4,4,22,22,22,5,22,6,7,8,9,9,4,12,10,10,22,22,12,22,22,22,12,1,2,3,3,10,22,11,11,10,22,12,15,13,14,16,12,4,10,4,
4,4,4,4,4,4,4,4,1,2,2,4,4,4,4,4,18,4,4,4,4,4,20,4,4,4,3,3,20,4,4,4,4,4,4,4,4,4,4,4,
10,17,19,10,4,5,6,7,8,9,9,4,1,2,2,20,3,3,20,
5,10,7,6,8,9,9,4,10,10,10,17,6,8,9,9,10,10,18,21,10,10,4,4,4,4,4,4,4,1,2,2,4,20,3,3,20,4,
4,4,15,13,16,14,12,10,11,11,10,5,7,6,8,9,9,4,1,2,3,3,4,12,
4,4,4,4,4,4,4,1,2,3,3,4,4,4,4,4,4,4,4,4,4,4,4,4,4,4,4,4,4,4,4,4,4,4,4,4,23,23,23,4,18,23,
1,2,18,
10,10,14,16,13,15,12,4,10,10,5,10,11,11,10,7,6,8,9,9,4,1,2,3,3,12,
20,18,20,1,2,2,
4,4,4,4,4,4,4,4,4,4,4,4,19,4,4,4,4,4,4,4,1,2,3,3,4,4,4,4,4,
1,2,18,
1,2,18,
4,18,4,1,2,3,3,4,4,
1,2,2,20,18,20,
1,2,3,3,4,18,4,
22,22,22,22,22,22,22,22,12,4,22,5,12,22,22,22,22,4,22,6,7,8,9,9,4,22,22,10,22,22,12,12,12,22,4,22,22,4,10,22,22,10,10,10,10,22,22,12,14,15,16,13,12,22,22,22,22,22,12,12,4,22,4,1,2,22,3,3,22,22,22,22,22,22,22,4,12,12,22,4,4,4,22,4,12,22,22,22,4,4,4,22,22,12,12,22,22,12,12,22,12,22,10,11,11,10,4,22,
6,7,8,9,9,4,10,17,6,8,9,9,10,10,10,10,10,10,10,19,17,10,10,10,10,10,10,1,2,3,3,10,10,4,5,
12,12,10,10,10,10,11,11,10,12,1,2,3,3,4,15,14,16,13,12,5,6,7,8,9,9,4,10,
1,2,3,3,4,10,12,12,10,22,22,5,6,7,8,9,9,4,10,22,10,12,10,11,11,10,12,12,12,15,13,16,14,12,4,4,
4,4,5,7,6,8,9,9,4,1,2,3,3,10,10,10,19,17,10,4,
18,4,4,4,4,4,4,4,1,2,3,3,4,
1,2,2,20,18,20,
4,4,4,10,5,6,7,8,9,9,4,10,10,10,10,10,10,10,10,10,10,10,1,2,3,3,10,10,10,10,10,10,10,10,10,19,17,10,10,10,10,
1,2,18,
4,10,10,10,5,10,10,10,6,7,8,9,9,4,10,10,10,10,10,10,10,10,10,1,2,2,10,10,10,10,10,4,10,4,10,10,20,3,3,20,10,19,17,10,10,10,10,10,
1,2,2,4,20,3,3,20,18,4,
4,5,6,7,8,9,9,4,10,17,6,8,9,9,10,10,10,1,2,3,3,12,18,21,12,10,11,11,10,
1,2,18,
21,18,12,4,5,6,7,8,9,9,4,10,12,12,10,11,11,10,10,12,1,2,3,3,
20,20,1,2,2,18,4,20,20,3,3,20,4,4,4,4,4,4,20,4,
20,20,3,3,20,4,18,4,1,2,2,20,
1,2,18,
6,7,8,9,9,4,10,10,10,10,10,10,4,10,10,4,4,4,10,19,17,10,1,2,10,10,3,3,4,5,
1,2,18,
1,2,4,3,3,19,4,4,4,4,4,
12,15,14,13,16,12,1,2,3,3,4,4,4,4,4,5,10,11,11,10,7,6,8,9,9,4,
12,21,18,12,10,11,11,10,4,5,7,6,8,9,9,4,1,2,3,3,
1,2,18,
1,2,18,
1,2,2,20,20,20,18,20,
5,6,7,8,9,9,4,10,10,10,17,19,10,1,2,2,4,20,3,3,20,
18,20,1,2,2,20,
1,2,18,
10,10,12,10,10,21,18,12,10,4,11,11,10,4,4,5,10,7,6,8,9,9,4,1,2,3,3,10,
4,4,4,4,5,7,6,8,9,9,4,10,4,10,10,10,12,12,12,10,11,11,10,4,1,2,21,18,12,3,3,4,4,4,4,4,
1,2,18,
1,2,18,
20,3,3,20,22,22,22,11,11,22,22,22,22,4,22,4,4,22,22,12,5,10,7,6,8,9,9,4,10,10,12,10,12,10,22,12,12,15,14,13,16,12,10,10,12,10,10,10,1,2,2,17,6,8,9,9,22,10,11,11,10,
1,2,18,
1,2,18,
20,18,20,1,2,2,
1,2,18,
1,2,18,
20,3,3,20,10,10,4,4,5,7,6,8,9,9,4,10,4,4,4,17,19,10,1,2,2,10,10,
20,18,20,1,2,2,
18,20,1,2,2,20,
1,2,18,
1,2,18,
5,7,6,8,9,9,4,10,10,11,11,10,10,12,12,15,16,14,13,12,10,10,1,2,3,3,12,4,
1,2,2,23,23,23,23,23,18,23,
3,3,20,4,4,1,2,2,4,19,4,4,4,4,4,4,4,20,
1,2,18,
1,2,2,4,4,4,18,4,20,3,3,20,
1,2,17,6,8,9,9,10,10,22,3,3,22,22,10,10,22,22,10,22,22,22,22,22,22,22,22,22,22,22,22,22,22,22,22,22,22,22,22,22,22,22,22,22,22,22,22,22,12,12,22,22,4,22,22,22,4,22,22,22,22,22,10,12,12,12,10,10,22,10,22,4,22,22,22,22,22,22,22,12,12,22,22,22,22,10,22,5,11,11,10,22,10,22,10,10,22,15,13,14,16,12,22,10,22,4,6,7,8,9,9,4,4,22,10,
1,2,18,
1,2,2,20,18,20,
4,4,4,4,4,4,4,4,4,4,4,4,4,4,4,4,4,1,2,3,3,4,19,4,4,4,4,4,4,4,4,4,
15,14,13,16,12,4,4,22,22,22,22,4,4,10,11,11,10,5,6,7,8,9,9,4,12,12,22,22,22,1,2,12,12,3,3,12,22,22,22,12,22,12,22,22,22,22,22,4,
4,4,10,10,10,10,4,10,10,4,4,10,10,4,4,5,4,4,4,4,7,6,8,9,9,4,10,10,1,2,2,10,10,17,19,10,10,20,3,3,20,10,4,10,10,4,
4,5,1,2,3,3,7,6,8,9,9,4,10,10,10,10,17,19,10,10,10,
18,21,12,4,10,10,10,11,11,10,10,4,10,10,4,17,6,8,9,9,10,10,12,10,10,1,2,2,10,10,10,10,4,10,10,10,4,20,5,3,3,20,7,6,8,9,9,4,
1,2,18,
22,22,22,22,22,22,22,22,22,22,22,22,22,22,22,4,10,22,4,10,10,4,22,22,10,4,22,22,22,22,22,12,12,15,14,13,16,22,22,22,22,22,22,22,22,22,22,22,4,22,12,22,1,2,12,3,3,22,22,22,10,5,22,11,11,10,6,7,22,22,12,8,9,9,4,22,22,22,22,22,22,22,22,22,22,22,22,22,22,
4,4,4,4,4,4,4,4,4,4,4,4,19,1,2,3,3,4,4,4,4,4,
20,1,2,2,18,20,
19,4,1,2,2,20,3,3,20,4,
5,7,6,8,9,9,4,10,11,11,10,12,4,4,14,15,16,13,12,1,2,3,3,4,
1,2,3,3,4,4,5,6,7,8,9,9,4,10,19,17,10,4,
1,2,2,20,12,12,3,3,20,4,10,11,11,10,5,7,6,8,9,9,4,12,18,21,12,
17,19,10,4,5,6,7,8,9,9,4,1,2,2,20,3,3,20,4,4,10,
1,2,18,
1,2,18,
17,19,10,5,1,2,3,3,4,6,7,8,9,9,4,4,4,4,10,4,4,10,10,10,10,4,
10,10,10,10,1,2,2,10,20,10,3,3,20,4,5,7,6,8,9,9,4,10,10,10,10,10,10,10,10,17,19,10,10,10,10,10,10,10,10,10,
1,2,18,
1,2,2,20,18,20,
6,7,8,9,9,4,21,18,12,10,10,4,1,2,3,3,4,4,4,4,4,4,12,4,4,10,10,11,11,10,10,5,
6,17,8,9,9,10,10,10,10,10,19,17,10,10,10,10,10,10,10,10,1,2,10,3,3,10,4,4,10,10,10,4,10,5,7,6,8,9,9,4,10,
20,18,20,1,2,2,
10,10,10,17,19,10,10,4,5,1,2,3,3,6,7,8,9,9,4,10,10,10,
1,2,2,20,18,20,
4,4,4,18,4,1,2,2,20,3,3,20,4,4,
1,2,2,20,18,20,
4,4,10,10,10,10,10,4,10,4,10,10,4,17,19,10,4,4,10,10,1,2,3,3,4,4,4,4,4,4,4,4,4,5,4,4,4,6,7,8,9,9,4,4,4,4,10,10,4,4,4,4,4,4,10,4,4,10,4,4,4,10,4,4,
1,2,18,
12,4,22,10,11,11,10,22,22,10,22,22,22,12,12,5,10,22,7,6,8,9,9,4,22,4,22,22,22,22,22,22,1,2,3,3,14,16,13,15,22,12,22,4,4,4,4,4,22,22,6,17,8,9,9,22,22,22,12,22,
10,4,10,11,11,10,4,4,4,12,10,10,4,4,4,4,4,4,4,4,4,4,4,4,16,14,13,15,12,4,4,4,1,2,5,3,3,6,7,8,9,9,4,4,4,4,4,10,4,4,
12,22,10,22,13,15,14,16,22,12,12,12,10,10,11,11,10,10,12,12,1,2,3,3,4,12,12,12,12,5,12,22,22,12,6,7,8,9,9,4,12,10,
22,22,22,12,22,22,22,22,22,22,12,22,22,22,22,22,22,22,13,15,14,16,12,22,22,22,1,2,3,3,4,5,6,7,8,9,9,4,10,11,11,10,12,12,22,22,22,22,12,12,
1,2,3,3,4,18,4,
20,20,20,1,2,2,18,20,
1,2,18,
1,2,18,
12,10,10,10,10,10,10,10,10,10,10,10,12,10,10,10,12,12,10,12,14,16,15,13,12,12,22,17,6,12,8,9,9,10,22,10,12,12,12,12,12,17,6,8,9,9,10,10,12,10,10,1,2,3,3,12,12,10,10,12,12,10,10,12,10,10,10,10,6,17,8,9,9,10,10,10,10,10,11,11,10,10,17,6,8,9,9,10,12,10,12,10,12,12,12,4,10,22,10,22,10,12,22,22,10,22,5,10,12,10,6,7,8,9,9,4,10,10,10,6,17,8,9,9,10,10,12,
1,2,18,
1,2,18,
22,22,22,22,22,22,22,22,22,4,4,22,12,1,2,2,10,11,11,10,22,22,12,22,22,22,4,12,12,22,22,22,22,22,22,22,22,22,5,22,6,7,8,9,9,4,10,20,6,17,8,9,9,10,3,3,20,21,18,12,
20,18,20,1,2,2,
18,20,1,2,2,20,
10,10,4,4,4,12,4,5,6,7,8,9,9,4,10,15,13,16,14,12,10,4,10,11,11,10,1,2,3,3,
1,2,18,
4,4,5,22,6,7,8,9,9,4,10,11,11,10,12,12,12,22,22,22,22,22,4,22,4,22,22,22,22,15,14,13,16,22,22,22,1,2,3,3,4,
12,1,2,3,3,4,14,15,16,13,12,5,10,6,7,8,9,9,4,10,10,10,10,11,11,10,
4,4,4,4,4,4,4,4,4,4,1,2,3,3,4,4,4,4,4,4,4,4,4,4,4,19,
10,10,4,10,10,5,10,10,10,10,1,2,10,3,3,7,6,8,9,9,4,10,10,10,10,10,10,10,10,10,17,19,10,10,10,
22,12,22,22,12,22,22,22,15,13,16,14,12,4,4,22,11,11,22,12,12,22,22,22,6,17,8,9,9,22,10,11,11,10,12,12,1,2,3,3,22,4,22,5,10,6,7,8,9,9,4,10,10,10,10,17,6,8,9,9,10,
10,4,10,12,4,10,4,4,10,10,13,15,14,16,12,17,6,8,9,9,10,10,5,7,6,10,8,9,9,4,1,2,3,3,4,10,11,11,10,10,10,
4,5,4,4,18,4,1,2,3,3,
5,6,7,8,9,9,4,10,11,11,10,12,15,13,16,14,12,1,2,3,3,4,
1,2,18,
4,19,4,1,2,2,20,3,3,20,4,4,
1,2,2,20,18,20,
1,2,2,20,18,20,
4,1,2,2,20,20,4,20,3,3,20,4,4,19,4,4,4,4,4,4,4,4,
1,2,2,20,18,20,
1,2,2,20,18,20,
1,2,2,20,18,20,
22,22,10,22,22,1,2,22,3,3,22,22,22,22,22,10,12,12,10,10,22,22,4,4,17,6,8,9,9,22,4,22,12,22,22,17,6,8,9,9,12,22,22,12,22,22,22,4,22,22,22,22,22,12,12,22,22,12,11,11,22,22,11,11,22,22,22,10,22,22,22,11,11,22,10,12,22,12,22,22,22,22,22,22,22,22,4,12,22,22,22,17,6,8,9,9,22,22,14,15,16,13,12,22,22,5,22,22,12,12,7,6,8,9,9,4,22,22,
1,2,2,20,18,20,
1,2,2,20,3,3,20,4,4,4,19,4,4,4,
17,6,8,9,9,10,12,1,2,3,3,4,4,4,5,7,6,8,9,9,4,16,14,13,15,12,10,11,11,10,10,
15,13,14,16,12,4,5,1,2,4,3,3,12,4,6,7,8,9,9,4,10,11,11,10,4,4,4,4,
4,4,4,4,4,4,4,4,4,4,4,4,4,4,4,4,4,1,2,4,3,3,4,4,4,4,4,4,5,4,19,4,4,4,4,4,4,
4,4,4,4,4,4,4,4,4,4,4,4,20,3,3,20,4,4,4,4,4,4,4,4,4,4,19,4,4,4,4,4,1,2,2,
4,1,2,3,3,4,4,10,5,10,6,7,8,9,9,4,10,10,4,4,4,4,4,4,4,4,4,12,4,10,11,11,10,21,18,12,
1,2,18,
10,4,4,10,10,5,10,10,10,4,4,10,10,7,6,8,9,9,4,10,6,17,8,9,9,10,10,10,10,10,10,10,1,2,10,3,3,4,4,10,17,19,4,4,10,10,10,10,10,10,10,10,10,10,4,4,4,4,4,10,
1,2,2,20,18,20,
1,2,18,
22,10,10,22,22,12,12,12,12,12,22,22,12,22,22,22,12,12,4,10,11,11,10,22,17,19,22,22,1,2,2,20,3,3,20,5,7,6,8,9,9,4,
1,2,18,
1,2,18,
4,4,4,4,4,4,4,4,4,4,4,1,2,3,3,4,4,4,4,4,4,4,4,4,4,19,4,4,
17,6,8,9,9,10,10,10,1,2,3,3,10,17,19,10,10,10,10,4,10,5,7,6,8,9,9,4,10,
1,2,18,
4,20,3,3,20,18,4,1,2,2,
1,2,18,
1,2,18,
1,2,2,20,3,3,20,4,19,4,
1,2,2,4,4,20,3,3,20,4,4,19,4,4,4,4,
1,2,2,4,20,20,20,4,20,20,3,3,20,18,4,4,
1,2,2,20,18,20,
4,4,1,2,2,20,3,3,20,4,4,4,4,4,4,4,18,4,
1,2,18,
4,4,4,4,4,4,19,4,4,4,4,1,2,2,4,4,20,3,3,20,
10,6,17,8,9,9,10,14,13,15,16,12,10,12,12,10,11,11,10,10,1,2,3,3,4,4,4,22,22,4,22,22,22,22,22,4,5,12,7,6,8,9,9,4,22,22,12,
1,2,2,20,20,20,3,3,20,4,18,4,
1,2,18,
1,2,18,
1,2,2,20,18,20,
4,10,17,19,10,5,6,7,8,9,9,4,4,4,1,2,3,3,
1,2,2,20,18,20,
4,20,10,22,10,3,3,20,4,4,5,6,7,8,9,9,4,10,11,11,10,22,22,12,10,10,10,21,18,22,10,10,10,10,10,22,22,22,22,22,12,12,10,22,22,22,10,1,2,2,22,22,
18,4,1,2,2,20,3,3,20,4,
1,2,2,20,3,3,20,4,18,4,
1,2,2,20,18,20,
4,4,4,4,4,4,4,4,4,4,18,4,4,4,4,4,4,4,4,4,1,2,4,3,3,4,4,4,4,4,4,4,4,4,4,
22,22,12,12,22,12,10,11,11,10,22,12,22,10,1,2,10,3,3,12,16,14,15,13,10,12,10,4,12,12,12,10,10,4,4,5,7,6,8,9,9,4,
4,4,12,12,4,1,2,3,3,10,11,11,10,4,4,12,15,16,14,13,12,5,7,6,8,9,9,4,4,4,
4,18,4,20,1,2,2,3,3,20,
10,4,4,12,22,22,10,22,18,21,12,22,22,4,22,22,4,4,20,1,2,2,5,3,3,20,10,6,7,8,9,9,4,11,11,10,12,12,22,22,12,22,22,
8,9,9,10,10,22,22,10,10,10,5,10,22,6,7,8,9,9,4,10,10,11,11,10,10,10,22,22,12,10,10,22,22,22,10,22,12,10,10,4,10,1,2,2,20,14,15,16,13,12,10,20,22,10,4,4,10,10,10,12,12,22,22,22,20,10,3,3,20,6,17,10,
1,2,18,
4,10,10,4,4,4,4,4,10,4,5,6,7,8,9,9,4,10,4,4,4,4,10,4,10,4,4,4,10,4,4,4,19,17,10,4,4,4,4,4,4,4,4,4,10,4,10,4,1,2,10,3,3,10,10,10,4,10,4,4,4,4,4,4,4,4,4,10,
20,18,20,1,2,2,
1,2,18,
4,5,7,6,8,9,9,4,1,2,3,3,10,19,17,10,
1,2,2,20,18,20,
22,12,5,10,6,7,8,9,9,4,11,11,10,12,13,15,16,14,12,22,22,22,1,2,3,3,12,22,12,12,12,12,12,4,
4,5,1,2,3,3,19,4,
7,6,8,9,9,4,1,2,2,10,10,17,19,10,4,4,10,10,10,10,10,20,3,3,20,4,4,4,10,4,4,10,10,10,10,5,10,
1,2,2,10,10,10,10,10,10,10,4,6,17,8,9,9,10,10,10,10,5,10,10,6,7,8,9,9,4,10,20,10,10,10,3,3,20,10,10,10,10,19,17,10,10,10,10,10,10,10,10,10,10,
4,1,2,2,4,4,18,4,20,3,3,20,
1,2,2,20,18,20,
4,18,4,1,2,2,4,4,20,3,3,20,
4,12,12,12,12,4,4,12,22,22,1,2,3,3,13,15,14,16,12,22,10,11,11,10,12,4,4,4,5,4,7,6,8,9,9,4,10,10,4,4,
1,2,3,3,10,10,4,10,5,10,10,10,7,6,8,9,9,4,10,10,10,10,10,10,10,10,10,10,4,4,10,19,17,10,10,
22,4,22,10,11,11,10,5,12,12,1,2,3,3,12,7,6,8,9,9,4,12,12,15,14,16,13,12,22,22,4,4,12,10,22,4,4,4,4,10,22,4,22,4,22,22,
1,2,18,
1,2,2,20,3,3,20,4,18,4,
1,2,3,3,4,4,4,12,5,7,6,8,9,9,4,12,10,10,12,10,10,15,16,14,13,12,10,11,11,10,
22,22,22,17,6,8,9,9,22,12,12,22,11,11,22,22,10,10,10,12,12,10,22,22,22,12,10,10,22,22,22,1,2,2,22,20,3,3,20,4,5,22,22,6,7,8,9,9,4,12,12,22,22,22,10,22,11,11,10,12,12,22,22,12,15,16,14,13,22,12,
1,2,18,
22,22,22,22,12,12,13,15,16,14,12,22,22,22,22,22,22,22,10,11,11,10,22,22,22,12,22,22,22,22,22,22,1,2,22,22,12,3,3,4,5,22,22,6,7,8,9,9,4,22,
1,2,2,20,18,20,
10,10,10,5,10,10,10,6,7,8,9,9,4,10,17,6,8,9,9,10,1,2,3,3,10,10,10,19,17,10,10,10,10,10,4,
20,18,20,1,2,2,
1,2,2,20,18,20,
22,22,22,18,21,12,1,2,3,3,10,10,22,22,4,10,4,22,4,10,22,22,22,10,22,10,17,6,8,9,9,12,22,22,22,22,10,10,5,7,6,8,9,9,4,22,22,22,22,22,22,11,11,22,22,12,22,10,11,11,10,22,22,22,12,22,22,22,22,
4,19,4,1,2,2,20,20,20,3,3,20,4,4,4,4,4,4,4,4,4,4,4,4,
1,2,2,20,18,20,
10,6,17,8,9,9,10,10,10,10,10,1,2,3,3,10,19,17,10,4,5,6,7,8,9,9,4,
1,2,18,
1,2,18,
20,20,20,20,20,1,2,2,20,20,20,20,20,20,20,20,20,20,18,20,
10,10,10,19,17,10,4,4,4,4,4,5,1,2,3,3,7,6,8,9,9,4,10,10,
5,22,22,6,7,8,9,9,4,10,17,6,8,9,9,10,22,12,12,22,22,22,22,22,10,11,11,10,12,6,17,10,10,8,9,9,12,22,22,22,22,22,15,13,14,16,22,12,12,12,1,2,3,3,22,22,22,4,22,22,
10,11,11,10,12,12,12,4,15,14,13,16,12,5,6,7,8,9,9,4,1,2,3,3,
10,11,11,10,1,2,3,3,12,21,18,12,12,10,4,4,4,12,5,6,7,8,9,9,4,10,
1,2,18,
5,12,7,6,8,9,9,4,18,21,12,1,2,3,3,10,11,11,10,4,
22,22,22,22,22,10,10,22,10,22,10,10,22,22,10,10,22,10,11,11,4,10,22,22,22,1,2,3,3,22,22,22,22,22,22,12,22,22,22,22,12,12,12,22,22,12,22,22,22,12,10,10,22,10,10,10,22,22,22,10,22,4,22,12,22,21,18,12,22,5,22,6,7,8,9,9,4,22,10,12,4,22,12,12,12,12,12,10,10,22,
18,4,1,2,2,20,3,3,20,4,
4,10,10,10,10,10,12,10,12,10,10,10,10,4,10,11,11,10,1,2,2,12,20,5,21,18,12,3,3,20,6,7,8,9,9,4,10,10,4,
10,4,10,10,5,10,10,10,10,10,7,6,8,9,9,4,10,10,10,10,10,10,10,10,10,10,10,1,2,3,3,10,10,10,10,17,19,10,10,10,10,10,10,10,10,
10,10,11,11,10,12,10,6,17,8,9,9,10,22,22,22,4,4,4,10,22,10,4,4,4,4,4,1,2,3,3,12,12,12,4,22,22,13,15,14,16,12,22,5,6,7,8,9,9,4,10,
1,2,18,
12,10,11,11,10,4,5,6,7,8,9,9,4,15,16,14,13,12,10,10,1,2,3,3,
1,2,2,4,4,4,4,20,3,3,20,22,12,12,10,10,4,22,22,22,22,10,4,10,4,4,4,4,4,4,4,4,12,10,10,10,11,11,10,4,4,4,4,22,4,5,7,6,8,9,9,4,10,12,10,18,21,12,22,
1,2,3,3,4,4,4,4,4,4,4,4,4,4,4,4,4,4,4,19,
12,12,12,1,2,2,20,3,3,20,4,5,7,6,8,9,9,12,4,22,22,10,10,12,10,11,11,10,22,22,12,22,22,15,14,13,16,12,22,
1,2,18,
16,13,15,14,12,1,2,3,3,4,4,4,5,7,6,8,9,9,4,10,11,11,10,12,
4,1,2,4,3,3,4,4,4,4,4,19,4,
10,12,10,11,11,10,5,10,22,10,4,4,10,10,10,22,22,6,7,8,9,9,4,10,22,10,10,10,10,10,6,17,8,9,9,10,10,21,18,22,17,6,8,9,9,10,10,12,12,1,2,2,22,20,12,3,3,20,4,12,
1,2,18,
1,2,2,20,20,20,18,20,
4,4,1,2,3,3,4,4,4,18,4,4,4,
10,11,11,10,12,12,12,12,12,12,12,14,15,16,13,12,22,22,1,2,22,3,3,4,22,5,22,6,7,8,9,9,4,12,
4,19,4,1,2,2,20,3,3,20,4,4,
1,2,18,
4,4,4,4,4,1,2,3,3,4,4,4,4,19,4,4,4,4,4,4,4,4,
1,2,18,
6,7,8,9,9,4,10,10,12,12,22,22,22,22,22,22,12,12,22,1,2,12,3,3,22,22,10,10,22,22,10,11,11,10,22,22,22,14,13,15,16,12,4,12,12,4,4,22,22,5,
1,2,18,
21,18,12,7,6,8,9,9,4,4,20,3,3,20,4,4,12,1,2,2,5,10,11,11,10,
1,2,2,20,18,20,
1,2,3,3,4,4,4,19,4,
14,15,16,13,22,12,12,4,10,4,10,22,5,6,7,8,9,9,4,10,6,17,8,9,9,10,10,4,4,12,10,1,2,2,22,20,22,22,3,3,20,22,4,10,11,11,10,10,10,
4,4,4,4,4,4,4,4,4,4,4,4,4,4,4,4,4,4,4,4,20,3,3,20,19,4,4,1,2,2,
20,3,3,20,1,2,2,4,4,4,4,4,18,4,
12,1,2,3,3,4,15,14,13,16,12,4,4,10,11,11,10,5,7,6,8,9,9,4,
3,3,20,4,4,4,4,19,4,4,4,4,4,4,4,4,4,1,2,2,4,20,
10,10,10,10,10,10,10,10,10,10,10,10,10,10,10,10,10,10,19,17,10,10,10,10,1,2,10,3,3,4,5,6,7,8,9,9,4,
1,2,3,3,4,19,4,
1,2,2,20,18,20,
12,10,10,10,10,10,15,16,13,14,12,10,10,17,6,8,9,9,10,10,10,10,10,1,2,3,3,4,10,11,11,10,5,10,6,7,8,9,9,4,10,10,10,10,10,10,10,10,10,
5,6,7,8,9,9,4,10,10,12,12,12,10,11,11,10,15,13,14,16,12,1,2,3,3,4,
4,12,5,6,7,8,9,9,4,18,21,12,10,10,10,11,11,10,1,2,3,3,
10,10,15,14,13,16,12,10,10,10,10,10,10,10,10,1,2,3,3,4,10,10,10,10,10,10,5,10,10,6,7,8,9,9,4,10,10,10,10,12,10,10,10,10,10,10,10,10,11,11,10,6,17,8,9,9,10,10,10,10,10,12,10,10,10,12,10,10,10,10,10,10,10,
1,2,18,
10,10,10,10,10,10,10,10,4,4,10,10,10,10,10,10,10,10,10,10,10,10,10,10,10,4,4,4,4,4,4,4,4,5,4,4,4,4,10,4,6,7,10,8,9,9,4,1,2,3,3,10,4,4,17,19,10,10,10,4,4,4,4,10,10,4,10,10,10,4,4,10,4,4,4,
1,2,18,
1,2,18,
1,2,2,20,18,20,
4,4,4,1,2,3,3,5,10,12,10,7,6,8,9,9,4,12,12,12,12,4,12,4,12,4,12,4,4,18,21,12,10,4,11,11,10,12,
1,2,2,20,18,20,
10,10,12,1,2,3,3,10,11,11,10,13,15,14,16,12,4,5,6,7,8,9,9,4,10,10,
15,13,14,16,12,5,6,7,8,9,9,4,10,10,12,12,10,12,10,10,11,11,10,1,2,3,3,12,12,12,4,12,
19,17,10,4,4,10,10,1,2,2,3,3,20,10,10,10,10,4,5,20,10,7,6,8,9,9,4,10,4,10,10,10,10,10,10,10,10,10,10,4,10,
1,2,18,
10,20,7,6,8,9,9,4,4,10,10,10,10,4,4,20,4,3,3,20,10,10,10,1,2,2,10,10,10,10,10,10,10,20,10,4,10,10,10,10,10,10,10,10,17,19,4,4,5,10,
5,22,22,22,6,7,8,9,9,4,10,22,22,10,22,22,22,22,22,12,22,12,22,10,10,22,12,12,10,10,10,10,12,10,11,11,10,22,22,18,21,12,22,22,20,22,22,3,3,20,4,12,1,2,2,22,22,22,22,
1,2,2,10,11,11,10,12,12,12,4,20,14,15,13,16,12,3,3,20,5,6,7,8,9,9,4,
1,2,2,10,17,19,10,4,5,6,7,8,9,9,4,10,10,10,10,10,10,20,3,3,20,10,10,
10,10,10,10,10,10,1,2,2,10,10,10,4,10,5,6,7,8,9,9,4,10,10,10,19,17,10,10,10,10,10,20,3,3,20,10,10,
17,19,10,4,1,2,3,3,5,6,7,8,9,9,4,10,10,10,
1,2,2,20,18,20,
4,22,22,10,22,22,22,5,22,6,7,8,9,9,4,10,22,15,14,16,13,12,22,22,12,12,12,22,10,22,22,10,10,22,22,22,22,22,10,4,11,11,10,22,22,12,22,4,12,1,2,22,22,3,3,22,22,4,22,22,22,22,22,10,4,12,12,22,4,22,22,22,22,4,
1,2,18,
5,6,7,8,9,9,4,10,11,11,10,12,14,15,13,16,12,1,2,2,20,3,3,20,4,
3,3,4,5,6,7,8,9,9,4,12,10,10,10,10,10,11,11,10,15,13,14,16,12,1,2,
1,2,3,3,4,18,4,
1,2,2,20,3,3,20,4,18,4,
10,1,2,3,3,10,10,10,10,10,10,10,10,10,4,10,4,10,4,5,10,19,17,6,7,8,9,9,4,10,10,10,10,10,10,10,10,10,10,
1,2,18,
12,1,2,3,3,4,13,14,16,15,12,10,11,11,10,5,10,6,7,10,8,9,9,4,10,10,10,10,10,10,
1,2,2,20,18,20,
1,2,2,20,20,18,20,20,
12,10,12,11,11,10,15,14,16,13,12,10,12,12,1,2,3,3,10,4,5,6,7,8,9,9,4,12,
1,2,18,
12,10,10,12,10,10,11,11,10,1,2,3,3,4,12,10,5,7,6,8,9,9,4,15,13,16,14,12,
4,5,7,6,8,9,9,4,10,10,4,4,10,10,10,10,10,19,17,1,2,3,3,
1,2,18,
10,10,10,1,2,3,3,4,5,10,10,10,10,10,10,10,10,10,10,10,10,6,7,10,8,9,9,4,10,10,10,10,10,10,10,10,10,19,17,10,10,10,10,6,17,8,9,9,10,10,10,
18,20,1,2,2,20,
4,4,10,4,12,10,10,1,2,12,12,3,3,10,12,12,6,17,8,9,9,12,22,15,14,16,13,22,10,4,4,11,11,10,4,5,7,6,8,9,9,4,10,17,6,8,9,9,10,10,10,4,
10,11,11,10,12,10,15,14,13,16,12,10,10,12,10,10,10,1,2,3,3,4,12,12,12,5,6,7,8,9,9,4,
18,21,12,12,22,10,10,6,7,8,9,9,4,22,12,12,12,22,1,2,10,3,3,4,11,11,10,22,22,22,22,22,5,12,12,22,22,22,
20,3,3,20,4,12,12,10,12,10,10,12,17,6,8,9,9,10,10,15,13,14,16,10,12,10,5,10,6,7,12,12,8,9,9,4,22,22,10,10,11,11,10,10,12,22,22,22,12,1,2,2,
1,2,18,
1,2,2,20,18,20,
18,20,1,2,2,20,20,20,
4,4,4,4,4,4,5,6,7,8,9,9,4,10,6,17,8,9,9,10,4,4,4,10,4,10,4,4,4,4,4,4,4,4,4,4,10,17,19,10,10,10,10,10,10,1,2,3,3,4,
1,2,18,
1,2,18,
1,2,18,
4,1,2,3,3,4,4,4,4,4,4,4,4,4,4,4,4,4,4,4,4,19,4,4,4,4,4,4,
5,6,7,8,9,9,4,10,10,1,2,12,3,3,10,11,11,10,15,14,13,16,12,10,4,4,10,4,
4,4,4,4,4,4,4,4,4,1,2,2,4,20,3,3,20,4,4,4,4,4,4,4,19,4,4,4,4,4,4,4,4,4,4,4,4,4,4,4,4,4,4,
1,2,18,
4,4,4,4,4,1,2,3,3,10,19,17,10,4,4,4,4,5,6,7,8,9,9,4,10,10,
1,2,18,
1,2,18,
1,2,18,
10,10,10,11,11,10,10,12,10,4,4,10,10,21,18,12,5,6,7,8,9,9,4,10,4,4,10,10,1,2,3,3,17,6,8,9,9,10,10,4,10,
4,4,4,4,4,4,4,4,4,4,4,4,4,4,4,4,4,4,4,19,4,4,1,2,3,3,4,4,4,4,4,4,
1,2,2,20,3,3,20,4,18,4,
1,2,3,3,4,4,4,4,4,4,4,4,4,19,4,
23,23,23,12,4,10,11,11,10,5,6,7,8,9,9,4,1,2,3,3,15,13,16,14,12,10,10,12,12,12,
10,10,11,11,10,10,10,10,10,10,10,12,1,2,10,10,3,3,10,10,10,15,13,14,16,12,4,10,10,10,17,6,8,9,9,10,10,5,10,10,7,6,8,9,9,4,10,6,17,8,9,9,10,10,10,10,
1,2,18,
1,2,2,20,18,20,
20,18,20,1,2,2,20,20,
23,18,23,1,2,2,23,23,
4,4,4,4,4,4,10,4,10,1,2,2,10,4,10,5,4,20,4,3,3,20,10,6,7,8,9,9,4,4,10,10,19,17,10,4,4,
10,5,7,6,8,9,9,4,10,10,10,10,10,10,10,10,10,10,10,10,10,10,10,10,10,10,19,17,1,2,10,3,3,10,10,10,10,10,4,
20,18,20,1,2,2,20,20,
20,18,20,1,2,2,20,20,
12,5,6,7,8,9,9,4,10,10,10,10,10,10,10,10,10,10,14,15,13,16,10,12,10,10,10,10,11,11,10,10,10,10,10,10,10,1,2,3,3,4,
1,2,3,3,10,7,6,8,9,9,4,4,10,4,15,16,14,13,12,10,11,11,10,4,12,5,
1,2,2,23,18,23,23,23,
1,2,3,3,4,5,22,12,22,7,6,8,9,9,4,10,6,17,8,9,9,10,10,11,11,10,12,12,12,12,12,22,22,12,22,22,22,15,13,16,14,22,12,22,12,
1,2,3,3,10,4,11,11,10,4,4,12,5,6,7,8,9,9,4,10,17,6,8,9,9,10,10,10,6,17,8,9,9,12,22,14,15,13,16,22,
10,6,17,8,9,9,10,4,10,12,10,4,1,2,3,3,4,4,4,4,4,4,4,4,5,4,6,7,8,9,9,4,6,17,8,9,9,12,22,15,14,13,16,22,10,11,11,10,4,4,
4,4,4,4,4,4,4,4,4,4,4,1,2,3,3,4,4,4,4,4,4,4,4,19,4,
20,18,20,20,1,2,2,20,
15,13,16,14,12,1,2,3,3,4,10,10,4,4,12,5,10,10,11,11,10,10,6,7,8,9,9,4,10,10,
1,2,18,
13,15,16,14,12,4,12,5,7,6,8,9,9,4,10,10,10,11,11,10,1,2,3,3,4,4,
20,18,20,1,2,2,
20,12,22,3,3,20,4,4,22,4,22,18,21,22,5,4,10,11,11,10,12,12,6,7,8,9,9,4,10,10,10,22,22,22,22,10,4,12,4,22,12,12,4,22,1,2,2,22,22,22,
1,2,18,
1,2,18,
20,18,20,1,2,2,
1,2,18,
1,2,3,3,4,4,4,12,5,10,11,11,10,6,7,8,9,9,4,10,10,18,21,12,
1,2,18,
4,4,4,4,4,4,1,2,4,3,3,4,4,4,4,4,4,4,4,4,4,4,4,4,4,4,19,4,4,4,4,4,4,4,4,4,4,4,4,4,4,4,4,4,4,4,4,4,4,4,
1,2,18,
1,2,18,
22,5,16,15,13,14,22,20,3,3,20,7,6,8,9,9,4,10,12,6,17,8,9,9,10,10,10,12,12,10,10,1,2,2,10,10,12,12,4,10,11,11,10,12,22,22,22,6,17,8,9,9,12,
10,10,10,10,10,10,10,10,10,10,10,10,10,10,10,10,10,5,1,2,10,3,3,10,7,6,8,9,9,4,10,10,10,10,10,10,10,10,10,10,10,10,10,10,17,19,10,10,10,10,4,
18,4,1,2,3,3,4,4,4,
10,10,13,15,14,16,12,4,12,12,4,4,5,6,7,8,9,9,4,12,22,1,2,3,3,22,22,12,22,10,22,22,11,11,10,22,10,10,
10,19,17,10,4,4,4,5,6,7,8,9,9,4,1,2,3,3,
1,2,18,
1,2,18,
1,2,2,20,18,20,
1,2,18,
1,2,18,
4,10,10,10,22,5,10,22,22,10,11,11,10,12,22,4,22,6,7,8,9,9,4,10,4,4,4,4,4,10,22,10,22,22,10,22,15,13,14,16,12,1,2,3,3,12,12,12,
10,11,11,10,4,4,4,12,1,2,3,3,5,18,21,12,6,7,8,9,9,4,10,10,
10,5,10,6,7,8,9,9,4,10,10,10,10,22,12,12,10,12,12,12,12,12,10,12,22,22,22,10,22,22,10,22,22,12,22,22,12,22,22,22,22,22,22,22,22,12,22,12,12,14,15,16,13,12,12,12,10,11,11,10,12,1,2,3,3,4,4,4,
4,4,4,4,4,4,4,4,4,4,4,19,4,1,2,4,3,3,
1,2,2,4,20,3,3,20,4,4,4,4,4,4,4,18,4,4,
4,4,1,2,2,4,20,3,3,20,18,4,4,4,
4,4,5,7,6,8,9,9,4,10,10,10,17,6,8,9,9,10,10,10,12,1,2,3,3,10,10,16,14,13,15,12,10,4,11,11,10,
1,2,18,
4,4,4,4,4,4,4,4,4,4,4,4,4,4,4,19,4,1,2,3,3,4,4,4,4,4,4,4,4,4,
22,22,22,22,22,22,10,22,22,22,10,10,10,11,11,10,22,22,10,22,22,22,1,2,3,3,4,22,22,22,5,11,11,22,6,7,8,9,9,4,10,22,10,22,22,22,22,12,22,22,22,12,12,17,6,8,9,9,22,6,17,22,8,9,9,22,22,22,12,22,22,22,22,22,22,22,22,22,22,22,22,22,22,21,18,22,22,22,22,22,12,12,
14,16,15,13,12,1,2,3,3,4,4,4,5,7,6,8,9,9,4,10,11,11,10,12,
4,5,6,7,8,9,9,4,10,10,11,11,10,10,1,2,3,3,4,12,4,4,14,15,13,16,12,4,
10,10,10,10,10,10,10,10,10,10,1,2,3,3,10,10,10,10,4,10,17,19,5,6,7,8,9,9,4,10,10,
4,4,4,4,4,5,6,7,8,9,9,4,10,10,17,6,8,9,9,10,10,17,6,8,9,9,10,10,10,10,10,10,10,10,10,10,10,10,10,10,10,19,17,1,2,3,3,
1,2,18,
1,2,3,3,4,5,4,4,19,4,
1,2,3,3,4,4,4,19,4,
12,4,6,7,8,9,9,4,4,4,22,22,22,22,4,12,12,1,2,10,3,3,11,11,10,12,12,4,4,4,4,4,4,12,15,13,14,16,12,12,22,22,22,22,22,4,12,12,12,22,22,5,
1,2,18,
4,4,4,18,4,1,2,2,20,3,3,20,
12,7,6,8,9,9,4,10,10,10,12,10,12,10,12,10,12,21,18,12,10,1,2,3,3,10,10,11,11,4,10,5,
1,2,2,20,20,20,18,20,
1,2,3,3,12,4,4,4,14,16,15,13,12,4,4,5,7,6,8,9,9,4,10,10,10,11,11,10,
1,2,3,3,4,5,10,6,7,8,9,9,4,10,10,10,10,19,17,10,10,10,
10,10,10,10,4,4,1,2,2,10,10,10,10,20,3,3,20,4,4,10,19,17,4,10,10,10,5,10,6,7,8,9,9,4,
10,10,10,10,10,10,10,10,11,11,10,1,2,2,20,3,3,20,4,10,5,10,6,7,8,9,9,4,12,10,21,18,12,
22,10,22,22,22,1,2,2,12,20,3,3,20,4,4,4,22,22,22,12,15,16,14,13,12,5,12,12,10,11,11,10,6,7,8,9,9,4,10,
12,22,22,22,12,12,22,22,4,1,2,3,3,12,12,12,13,14,15,16,12,5,10,10,11,11,10,6,7,8,9,9,4,10,10,10,12,12,
12,14,13,16,15,12,4,1,2,3,3,5,7,6,8,9,9,4,10,10,11,11,10,10,
18,4,20,3,3,20,4,4,4,1,2,2,4,4,4,4,
4,1,2,3,3,22,22,5,22,22,22,6,7,8,9,9,4,22,12,12,22,10,11,11,10,22,4,4,12,10,22,10,14,16,15,13,12,10,12,6,17,8,9,9,10,
10,10,10,10,10,4,10,12,12,5,4,22,22,6,7,8,9,9,4,10,4,10,1,2,12,3,3,12,10,22,10,4,11,11,10,10,10,4,15,16,14,13,12,10,10,10,
20,3,3,20,1,2,2,4,18,4,
22,22,22,4,5,22,6,7,8,9,9,4,10,10,22,22,22,12,22,22,22,22,22,22,15,13,14,16,12,22,22,22,22,22,22,22,22,1,2,3,3,17,6,8,9,9,22,12,22,11,11,22,22,22,22,22,22,22,12,10,11,11,10,22,22,22,22,22,22,22,4,22,22,22,22,12,12,22,12,12,12,4,22,22,22,12,22,22,
4,4,10,4,19,17,10,20,3,3,20,4,4,5,6,7,8,9,9,4,10,10,1,2,2,
1,2,3,3,4,4,4,19,4,4,4,
1,2,3,3,5,6,7,8,9,9,4,15,14,13,16,12,10,11,11,10,12,4,
1,2,2,20,18,20,
10,10,4,4,10,10,4,1,2,3,3,5,10,10,6,7,8,9,9,4,10,10,10,10,10,10,10,10,10,10,19,17,10,10,10,4,10,10,4,10,10,
4,12,12,12,13,15,14,16,12,4,4,4,12,10,10,10,10,11,11,10,12,12,10,5,22,22,6,7,8,9,9,4,10,22,10,10,10,1,2,3,3,12,12,4,4,4,
4,10,4,10,10,10,10,10,10,10,4,12,4,4,10,5,10,10,10,10,10,10,7,6,8,9,9,4,17,6,8,9,9,10,10,10,10,10,10,1,2,11,11,10,10,3,3,12,10,10,12,15,14,16,13,12,10,
4,10,5,7,6,8,9,9,4,12,10,11,11,10,20,3,3,12,20,4,10,4,10,4,1,2,2,12,12,4,10,4,4,13,14,16,15,12,12,12,4,4,12,20,20,
10,4,10,10,10,4,10,10,1,2,10,3,3,4,10,10,19,17,10,10,10,10,5,10,6,7,8,9,9,4,10,10,10,10,
4,4,18,4,1,2,3,3,4,
4,5,6,7,8,9,9,4,10,6,17,8,9,9,10,10,10,10,1,2,3,3,19,17,10,
1,2,18,
4,4,4,4,4,19,4,4,4,4,1,2,3,3,
18,20,20,1,2,2,
1,2,3,3,4,18,4,
23,18,23,23,23,23,23,23,23,1,2,2,
1,2,18,
1,2,18,
1,2,18,
20,3,3,20,4,18,4,1,2,2,
4,17,19,22,4,4,5,4,22,22,22,6,7,8,9,9,4,10,6,17,8,9,9,10,22,22,12,22,22,22,22,22,22,22,10,11,11,10,22,12,12,22,22,4,1,2,22,3,3,22,22,22,
20,12,1,2,2,3,3,20,10,11,11,10,18,21,12,4,5,7,6,8,9,9,4,10,10,
1,2,18,
4,4,1,2,4,4,3,3,4,4,4,4,4,4,4,19,4,4,4,4,4,4,4,4,
15,16,13,14,12,5,6,7,8,9,9,4,10,10,12,12,12,12,23,23,23,1,2,2,12,12,20,12,12,12,3,3,20,4,12,10,11,11,10,4,4,
1,2,18,
20,18,20,1,2,2,
1,2,18,
10,10,10,10,10,10,10,10,10,10,10,10,10,10,10,10,10,10,1,2,3,3,10,10,10,10,17,19,10,10,10,10,10,4,5,7,6,8,9,9,4,
20,18,20,1,2,2,
5,6,7,8,9,9,4,12,10,11,11,10,21,18,12,12,4,1,2,3,3,4,12,4,4,4,
4,4,4,4,4,4,4,4,20,4,4,3,3,20,4,4,4,4,4,4,4,19,4,4,1,2,2,4,4,4,4,
1,2,18,
12,1,2,2,10,10,10,11,11,10,20,3,3,20,16,15,14,13,12,4,10,10,10,10,5,6,7,8,9,9,4,10,10,
1,2,2,20,18,20,
14,13,15,16,12,10,10,10,10,10,10,1,2,3,3,4,10,4,4,5,10,10,12,12,12,12,6,7,8,9,9,4,10,10,10,10,10,10,11,11,10,10,17,6,8,9,9,10,10,12,10,10,10,10,10,
18,20,1,2,2,20,
20,18,20,1,2,2,
1,2,18,
1,2,18,
4,18,4,1,2,2,20,3,3,20,4,4,
22,22,12,4,22,22,22,22,21,18,12,10,11,11,10,22,12,12,4,4,4,4,22,22,22,4,4,5,22,22,22,22,7,6,8,9,9,4,22,22,22,12,10,10,10,17,6,8,9,9,10,10,10,10,12,12,1,2,3,3,22,22,12,10,22,22,22,22,22,
10,10,5,10,10,7,6,8,9,9,4,10,10,10,12,12,22,10,10,10,22,12,10,12,11,11,10,21,18,12,10,10,12,1,2,3,3,12,22,22,22,4,12,12,
1,2,18,
1,2,2,20,18,20,
1,2,18,
6,7,8,9,9,4,10,10,12,10,10,10,10,18,21,12,10,10,10,10,10,10,10,17,6,8,9,9,10,10,10,10,10,10,10,10,10,10,10,10,10,10,10,10,10,10,10,11,11,10,10,4,1,2,2,20,10,10,10,10,10,10,3,3,20,5,
4,4,4,4,4,4,4,1,2,2,4,4,4,4,4,4,4,4,4,4,4,4,4,4,4,4,4,4,4,4,4,4,4,4,4,4,20,4,3,3,20,4,4,4,4,4,4,4,4,4,4,4,4,4,19,4,4,4,4,4,4,4,4,4,4,4,4,4,4,4,4,4,4,4,4,
12,12,10,10,10,15,13,14,16,12,12,12,10,10,11,11,10,12,12,12,1,2,3,3,4,22,22,5,22,7,6,8,9,9,4,12,
1,2,2,20,18,20,
7,6,8,9,9,4,10,17,6,8,9,9,10,10,10,10,10,14,15,16,13,12,4,12,1,2,3,3,10,11,11,10,5,
20,18,20,1,2,2,
1,2,2,4,18,4,20,3,3,20,
13,14,16,15,12,10,11,11,10,1,2,3,3,4,5,10,12,6,7,8,9,9,4,10,
1,2,2,20,18,20,
1,2,3,3,4,4,4,4,4,4,4,4,4,4,4,4,4,4,4,19,4,4,4,4,4,4,
1,2,18,
1,2,2,20,18,20,
1,2,18,
1,2,2,20,18,20,
1,2,3,3,4,4,4,4,4,4,4,4,4,4,4,4,4,4,4,4,4,4,4,4,19,4,4,4,4,4,4,
1,2,18,
10,4,10,5,6,7,8,9,9,4,1,2,3,3,10,19,17,10,4,4,
1,2,18,
4,12,22,22,5,22,22,7,6,8,9,9,4,22,22,22,22,22,22,22,22,10,22,22,11,11,10,15,16,14,13,12,22,22,22,22,12,12,12,12,10,22,10,22,12,22,1,2,3,3,
1,2,2,20,18,20,
1,2,3,3,14,15,13,16,12,4,5,6,7,8,9,9,4,12,4,10,11,11,10,4,4,4,
1,2,2,20,18,20,20,20,
1,2,2,20,18,20,
4,4,10,11,11,10,1,2,3,3,4,12,5,7,6,8,9,9,4,21,18,12,
1,2,18,
20,18,20,1,2,2,
4,4,4,4,4,4,4,4,4,4,4,4,4,4,4,4,4,4,4,19,4,4,4,4,4,4,4,4,4,1,2,3,3,4,4,4,
4,4,4,1,2,2,4,4,4,20,3,3,20,4,4,4,18,4,4,4,4,4,
4,15,14,13,16,12,10,10,10,11,11,10,4,4,1,2,2,20,20,20,10,3,3,20,10,10,17,6,8,9,9,10,4,10,4,4,12,4,4,10,4,5,6,7,8,9,9,4,
7,6,8,9,9,4,14,16,15,13,12,10,10,22,10,22,10,12,10,12,12,12,11,11,10,1,2,3,3,22,22,22,4,4,4,12,12,5,
10,5,11,11,10,12,12,6,7,8,9,9,4,10,10,10,12,10,10,10,1,2,3,3,4,15,14,16,13,12,4,4,
18,4,20,3,3,20,1,2,2,4,
4,4,4,18,4,20,3,3,20,1,2,2,
22,1,2,3,3,5,10,11,11,10,22,22,7,6,8,9,9,4,10,22,10,22,12,22,12,12,13,14,16,15,22,12,12,22,22,22,22,22,22,22,22,22,22,12,12,22,4,22,22,22,
10,4,4,4,10,4,10,10,10,4,4,1,2,3,3,10,4,10,10,4,4,4,4,4,4,4,10,10,4,10,4,4,5,10,10,17,19,10,10,6,7,8,9,9,4,10,
4,4,1,2,3,3,4,4,4,4,4,4,4,18,4,
1,2,2,20,18,20,
15,14,13,16,12,22,22,22,22,22,4,22,4,4,1,2,12,3,3,5,6,7,8,9,9,4,12,12,12,10,11,11,10,22,
4,4,19,4,5,4,1,2,3,3,
1,2,18,
20,18,20,1,2,2,
18,20,1,2,2,20,
10,10,10,10,10,10,10,10,10,10,10,6,17,8,9,9,10,10,10,4,10,10,10,10,10,10,10,10,4,4,4,4,10,10,10,10,10,10,10,10,10,10,10,10,17,19,1,2,3,3,4,10,4,10,4,4,5,10,6,7,8,9,9,4,
10,7,6,8,9,9,4,10,10,19,17,10,4,10,10,10,4,10,4,10,4,4,4,4,4,4,4,1,2,3,3,4,4,4,10,10,4,4,10,4,4,4,10,4,10,4,4,4,10,10,10,10,10,4,10,5,
10,10,10,10,10,10,19,17,10,10,10,4,10,10,10,1,2,3,3,5,10,10,10,7,6,8,9,9,4,10,
1,2,18,
20,18,20,1,2,2,
8,9,9,4,10,11,11,22,10,12,12,22,22,22,12,12,22,22,22,22,22,15,14,16,13,12,22,1,2,2,20,3,3,20,4,22,5,7,6,
5,19,17,10,6,7,8,9,9,4,10,10,1,2,3,3,4,10,4,4,
22,10,1,2,3,3,11,11,10,10,10,10,12,10,22,10,10,10,10,10,22,22,22,10,22,22,22,4,22,22,19,17,22,22,10,4,4,5,12,12,10,7,6,8,9,9,4,10,10,
1,2,2,20,18,20,
4,4,4,4,4,4,4,4,1,2,2,20,4,4,3,3,20,4,19,4,4,4,
4,4,4,10,5,7,6,10,8,9,9,4,10,10,20,20,20,20,20,1,2,2,3,3,20,4,10,17,19,10,4,
10,10,12,15,13,14,16,12,1,2,2,20,3,3,20,4,10,11,11,10,5,6,7,8,9,9,4,
1,2,18,
1,2,18,
6,7,8,9,9,4,10,10,10,10,10,10,10,10,10,10,10,10,10,10,10,10,10,10,17,6,8,9,9,10,10,10,10,10,10,10,10,10,17,19,10,1,2,2,10,10,10,10,20,3,3,20,4,10,10,10,10,10,10,5,
10,10,10,17,19,10,10,10,1,2,3,3,4,5,7,6,8,9,9,4,
22,22,10,11,11,10,5,6,7,8,9,9,4,22,10,22,10,10,4,10,10,10,10,10,1,2,2,10,22,12,12,4,10,20,3,3,20,10,10,10,10,22,22,22,12,22,22,10,4,10,22,22,12,12,12,22,22,15,16,14,13,12,10,17,6,8,9,9,10,12,10,10,10,10,
1,2,2,20,18,20,
10,10,12,4,4,12,12,10,18,21,12,10,4,20,3,3,20,10,11,11,10,10,10,10,10,10,5,6,7,8,9,9,4,10,10,10,1,2,2,4,4,
1,2,18,
1,2,3,3,4,10,22,22,22,5,7,6,8,9,9,4,10,10,22,10,10,22,22,10,10,22,12,22,22,12,10,22,12,12,10,11,11,10,15,14,13,16,12,10,22,10,10,10,22,22,12,12,
1,2,18,
1,2,3,3,4,4,4,4,4,19,4,
12,1,2,3,3,4,10,10,5,6,7,8,9,9,4,10,11,11,10,15,14,13,16,12,10,10,
10,6,7,8,9,9,4,10,10,10,10,1,2,3,3,4,10,11,11,10,4,4,12,5,10,10,21,18,12,10,10,10,
1,2,18,
22,22,22,22,22,15,14,13,16,12,10,11,11,10,12,22,22,22,12,12,22,12,12,22,22,12,22,12,22,22,22,22,1,2,22,22,3,3,22,22,22,4,22,12,12,12,5,22,22,12,6,7,8,9,9,4,22,22,22,12,22,12,12,22,22,22,
20,18,20,1,2,2,
1,2,18,
1,2,18,
10,12,10,10,10,17,6,8,9,9,10,10,10,1,2,2,12,10,12,12,10,12,12,4,15,16,14,13,12,20,12,3,3,20,5,7,6,8,9,9,4,10,10,10,11,11,
1,2,18,
4,10,10,11,11,10,10,5,10,12,7,6,8,9,9,4,10,10,1,2,2,10,6,17,8,9,9,10,10,10,10,12,22,22,12,10,20,10,3,3,20,22,22,10,12,12,10,10,10,22,12,22,22,22,22,22,22,22,22,6,17,8,9,9,12,22,14,13,15,16,22,
4,5,10,4,6,7,8,9,9,4,10,10,1,2,2,10,10,10,10,10,10,10,20,3,3,20,10,10,10,10,4,10,4,17,19,10,4,
22,22,22,22,22,22,12,12,12,1,2,2,20,22,22,20,20,3,3,20,4,10,4,4,10,5,7,6,8,9,9,4,22,12,14,15,13,16,12,22,10,11,11,10,22,
5,7,6,8,9,9,4,10,10,10,10,10,10,10,10,10,10,10,1,2,3,3,10,10,10,10,10,10,19,17,10,10,10,4,10,4,4,
4,4,4,4,4,4,4,1,2,3,3,4,19,4,4,4,
4,10,10,10,10,16,14,13,15,12,10,1,2,10,3,3,10,10,12,10,22,22,10,4,4,11,11,10,22,5,7,6,8,9,9,4,10,12,12,12,
10,11,11,10,12,1,2,2,20,3,3,20,4,5,6,7,8,9,9,4,10,12,12,10,15,13,14,16,12,
1,2,18,
4,10,11,11,10,22,5,22,22,22,6,7,12,12,8,9,9,4,22,22,22,10,22,12,4,22,4,22,22,10,22,4,22,10,22,10,22,21,18,12,22,4,10,10,22,12,12,22,22,22,22,22,22,22,22,22,22,1,2,22,12,22,12,3,3,22,22,22,22,22,22,4,4,22,22,22,22,22,22,22,4,4,
1,2,18,
18,4,20,3,3,20,1,2,2,4,
1,2,18,
4,4,10,10,1,2,3,3,10,10,10,10,10,4,10,5,10,19,17,6,7,8,9,9,4,
20,20,1,2,2,20,18,20,
1,2,3,3,4,19,4,
12,12,12,12,4,12,12,5,22,22,12,22,6,7,8,9,9,4,22,22,22,10,12,22,10,1,2,3,3,12,12,18,21,12,22,22,22,10,11,11,10,12,
4,4,4,12,4,4,22,22,22,22,12,10,4,4,22,4,4,4,22,1,2,2,20,22,22,3,3,20,22,22,22,22,22,22,4,4,4,12,4,4,5,6,7,8,9,9,4,4,14,15,13,16,10,12,4,10,4,10,11,11,10,4,10,4,4,22,12,12,12,
4,4,4,4,1,2,3,3,4,4,4,4,4,4,4,19,4,4,4,4,4,4,
10,11,11,10,5,7,6,8,9,9,4,12,15,13,14,16,12,1,2,3,3,10,10,10,10,4,
10,5,10,7,6,8,9,9,4,10,10,10,10,10,10,10,1,2,3,3,10,10,19,17,10,10,4,4,10,10,4,
1,2,3,3,4,4,4,19,4,
22,22,22,22,22,22,22,22,22,22,12,12,22,12,12,22,22,22,12,22,1,2,3,3,4,12,5,7,6,22,8,9,9,4,10,10,12,15,14,16,13,12,22,22,22,10,10,22,10,11,11,10,
5,10,6,7,8,9,9,4,10,10,10,17,6,8,9,9,10,17,19,10,1,2,2,20,20,20,3,3,20,4,
1,2,2,20,18,20,
4,4,4,4,4,4,4,4,4,4,4,1,2,2,4,4,19,20,3,3,20,4,4,4,4,4,4,
1,2,18,
12,1,2,3,3,4,5,12,7,6,8,9,9,4,10,15,14,16,13,12,10,12,10,10,10,10,10,11,11,10,
22,12,12,10,6,17,8,9,9,10,22,12,12,1,2,10,11,11,10,3,3,4,13,14,15,16,12,10,10,10,22,22,10,22,5,10,6,7,10,8,9,9,4,
4,10,19,17,10,5,7,6,8,9,9,4,1,2,3,3,
1,2,18,
10,1,2,10,3,3,10,19,17,10,10,10,4,4,4,4,4,10,10,5,6,7,8,9,9,4,10,10,10,10,
1,2,2,20,18,20,
22,7,6,8,9,9,4,10,10,12,1,2,2,12,12,22,22,22,12,10,10,4,12,10,11,11,10,12,16,14,13,15,12,22,20,5,3,3,20,
10,11,11,10,4,12,19,17,22,5,7,6,8,9,9,4,22,22,22,1,2,2,22,22,10,22,10,10,10,22,22,4,22,12,12,4,4,4,20,3,3,20,
1,2,18,
3,3,20,10,17,19,10,4,10,10,1,2,2,5,6,7,8,9,9,4,4,4,20,
22,22,10,22,11,11,10,12,22,12,12,13,14,15,16,12,22,22,22,22,22,10,22,22,22,10,22,22,22,12,12,22,12,22,22,1,2,2,12,20,3,3,20,4,5,6,7,8,9,9,4,
1,2,18,
1,2,18,
20,18,20,1,2,2,
1,2,18,
20,18,20,1,2,2,
10,10,10,10,1,2,2,20,3,3,20,4,5,10,11,11,10,7,6,12,8,9,9,4,10,10,21,18,12,
1,2,18,
1,2,18,
1,2,18,
1,2,18,
1,2,18,
20,3,3,20,4,18,4,4,1,2,2,4,
3,3,4,4,4,4,19,4,4,4,4,4,1,2,
4,1,2,3,3,4,4,4,19,4,
1,2,18,
12,10,11,11,10,15,16,13,14,12,4,5,6,7,8,9,9,4,10,4,10,1,2,3,3,4,
4,20,20,20,20,20,20,18,4,20,3,3,20,1,2,2,
6,17,8,9,9,10,10,11,11,10,15,14,13,16,12,4,5,7,6,8,9,9,4,10,10,12,4,10,4,1,2,10,10,3,3,
10,6,7,8,9,9,4,4,11,11,10,10,10,18,21,12,10,10,1,2,3,3,10,12,10,4,4,5,
10,10,15,16,14,13,4,12,11,11,10,10,10,10,10,4,10,5,6,7,8,9,9,4,10,10,10,17,6,8,9,9,10,10,10,12,1,2,3,3,4,
1,2,18,
4,4,4,20,3,3,20,19,4,1,2,2,
1,2,2,20,20,20,18,20,
4,1,2,2,5,10,10,6,7,8,9,9,4,10,10,10,10,10,10,10,20,10,19,17,3,3,20,10,
10,17,19,10,1,2,3,3,4,4,4,5,7,6,8,9,9,4,
1,2,2,20,3,3,20,4,18,4,
10,10,10,10,10,1,2,3,3,10,10,10,10,10,10,10,4,10,10,5,10,10,6,7,8,9,9,4,10,10,10,10,10,10,10,10,17,19,10,10,10,
1,2,3,3,4,19,4,
1,2,18,
10,11,11,10,12,12,12,12,4,5,6,7,8,9,9,4,10,10,10,17,6,8,9,9,10,10,10,10,10,22,10,22,22,12,22,12,10,22,22,12,12,15,16,14,13,12,22,10,10,1,2,3,3,
1,2,3,3,10,4,11,11,10,5,6,7,8,9,9,4,4,4,10,10,12,10,10,16,15,13,14,12,
12,12,7,6,8,9,9,4,10,10,10,10,12,12,22,22,1,2,3,3,10,11,11,10,12,4,13,16,14,15,12,4,22,22,4,22,22,4,4,22,12,5,
12,12,10,11,11,10,1,2,3,3,4,10,4,10,10,18,21,12,10,10,10,4,5,12,6,7,8,9,9,4,12,12,
4,4,4,20,3,3,20,1,2,2,4,4,4,4,4,19,4,4,4,4,4,
1,2,18,
1,2,18,
4,18,4,20,3,3,20,1,2,2,
10,11,11,10,4,4,4,5,6,7,8,9,9,4,12,10,10,10,10,1,2,3,3,15,13,14,16,12,
20,18,20,1,2,2,
10,4,10,4,10,10,10,10,10,10,4,4,4,4,4,4,4,4,10,10,10,10,10,4,4,4,4,4,10,10,10,10,4,10,4,4,10,4,4,4,10,17,19,5,10,1,2,6,7,8,9,9,4,3,3,10,10,
4,19,4,1,2,3,3,
1,2,18,
1,2,3,3,4,5,10,10,6,7,8,9,9,4,10,11,11,10,10,10,12,22,22,22,22,12,15,14,13,16,12,22,12,12,
12,22,22,10,12,10,16,14,13,15,12,10,17,6,22,8,9,9,10,10,10,10,10,1,2,3,3,4,5,6,7,8,9,9,4,10,10,10,10,10,10,10,12,12,10,10,11,11,10,10,10,
20,20,20,20,20,18,20,1,2,2,
10,10,10,10,10,10,10,10,10,10,10,10,1,2,3,3,10,4,5,7,6,8,9,9,4,10,10,10,4,17,19,10,10,4,
4,4,19,4,1,2,3,3,4,4,4,4,4,
10,22,22,22,22,22,12,10,22,22,22,22,10,10,22,22,22,22,1,2,3,3,4,21,18,22,22,5,22,22,6,7,8,9,9,4,22,10,22,22,10,10,10,12,12,10,11,11,10,
10,10,10,10,1,2,3,3,10,10,4,5,10,10,6,7,8,9,9,4,10,10,10,19,17,10,10,
1,2,2,20,18,20,
12,12,12,1,2,3,3,12,4,12,5,7,6,14,15,16,13,12,8,9,9,4,10,10,10,11,11,10,12,12,
1,2,18,
1,2,18,
4,4,4,1,2,4,3,3,4,10,10,10,10,4,10,5,7,6,8,9,9,4,19,17,10,4,4,4,
1,2,18,
1,2,18,
1,2,5,3,3,15,13,14,16,12,6,7,8,9,9,4,10,10,10,11,11,10,12,4,
1,2,2,20,20,20,20,20,10,11,11,10,3,3,20,12,20,20,4,20,20,16,14,15,13,12,20,20,5,7,6,8,9,9,4,
4,20,3,3,20,4,1,2,2,4,4,4,4,4,4,20,4,4,4,19,4,20,4,4,4,4,4,4,4,4,4,4,4,4,4,
1,2,18,
1,2,18,
1,2,18,
4,1,2,3,3,4,4,4,4,4,4,4,4,4,4,4,4,4,4,19,4,4,4,4,4,
1,2,18,
1,2,2,20,18,20,
22,10,10,22,20,20,10,10,11,11,10,12,21,18,22,10,22,10,10,1,2,2,20,3,3,20,22,4,10,6,17,8,9,9,10,5,6,7,8,9,9,4,10,10,12,12,22,22,22,22,22,22,10,10,10,10,10,6,17,8,9,9,22,10,
20,18,20,1,2,2,
4,4,4,4,10,12,12,11,11,10,12,4,4,4,4,4,4,12,12,5,6,7,8,9,9,4,10,10,14,15,16,13,12,4,1,2,3,3,
1,2,2,20,18,20,
20,18,20,1,2,2,
4,1,2,3,3,19,4,
5,10,7,6,8,9,9,4,10,10,10,10,10,10,1,2,3,3,10,4,10,4,10,10,10,10,19,17,10,10,10,10,10,4,10,
4,4,5,7,6,8,9,9,4,10,19,17,10,1,2,2,4,20,3,3,20,
4,4,4,1,2,2,4,4,4,20,4,4,3,3,20,4,4,4,4,4,4,4,4,4,4,4,4,4,4,4,4,19,4,4,4,
20,1,2,2,18,20,
4,4,4,4,4,4,4,4,4,20,4,1,2,2,3,3,20,4,4,4,19,4,4,4,
22,4,12,1,2,3,3,5,7,6,8,9,9,4,10,10,4,14,15,16,13,12,4,12,12,12,12,22,22,22,22,22,22,22,22,10,11,11,10,22,22,22,22,22,12,22,22,22,
5,3,3,20,7,6,8,9,9,4,10,10,17,19,10,10,1,2,2,4,4,4,20,
4,5,7,6,8,9,9,4,10,10,1,2,3,3,10,19,17,10,
10,10,19,17,10,1,2,3,3,4,5,7,6,8,9,9,4,10,
20,18,20,1,2,2,
4,4,4,1,2,2,4,5,6,7,8,9,9,4,10,4,4,10,4,4,10,19,17,10,4,20,4,3,3,20,4,
4,4,4,4,4,4,4,4,1,2,2,4,4,4,4,4,4,4,4,4,4,4,4,4,18,4,4,4,20,3,3,20,4,4,4,4,
20,20,20,18,20,1,2,2,
1,2,18,
4,19,4,20,3,3,20,1,2,2,
4,18,4,1,2,2,4,4,4,4,4,4,4,4,20,3,3,20,
4,1,2,3,3,19,4,
4,4,4,4,4,4,4,4,4,4,4,4,4,5,6,7,8,9,9,4,10,17,19,10,10,10,4,4,4,4,1,2,3,3,10,10,
1,2,18,
4,4,4,4,4,4,4,5,10,4,4,17,19,10,1,2,3,3,7,6,8,9,9,4,10,6,17,8,9,9,10,4,4,10,4,4,10,
20,18,20,1,2,2,
1,2,18,
22,22,10,5,10,6,7,8,9,9,4,22,22,22,22,22,22,22,10,6,17,8,9,9,22,4,10,22,22,22,4,11,11,22,12,22,10,11,11,10,22,22,22,22,22,12,17,6,8,9,9,12,22,22,12,1,2,6,17,8,9,9,12,3,3,22,15,13,14,16,22,4,12,
1,2,2,20,18,20,
4,1,2,3,3,5,4,4,7,6,8,9,9,4,10,17,6,8,9,9,10,10,10,10,11,11,10,12,10,10,10,10,12,12,15,13,14,16,12,
4,4,4,4,4,4,4,4,1,2,2,4,4,4,4,4,4,4,4,4,4,4,4,4,4,4,4,4,4,4,4,4,4,4,4,4,4,19,4,20,3,3,20,
20,18,20,1,2,2,
1,2,3,3,4,4,4,4,4,4,4,4,18,4,4,
1,2,18,
3,3,20,12,4,22,22,5,12,22,12,12,12,7,6,8,9,9,4,12,1,2,2,12,14,15,16,13,12,10,11,11,10,10,12,12,12,20,
4,4,20,3,3,20,4,1,2,2,4,4,4,4,4,19,4,4,4,4,
1,2,18,
4,20,20,20,3,3,20,19,4,1,2,2,20,20,
4,18,4,1,2,2,20,3,3,20,
4,4,4,18,4,1,2,3,3,
10,17,19,10,4,5,6,7,8,9,9,4,10,1,2,3,3,10,10,10,10,10,
1,2,18,
10,4,10,5,1,10,2,3,3,10,6,7,8,9,9,4,10,17,6,8,9,9,10,10,10,10,10,10,10,4,4,10,10,17,19,10,10,10,
1,2,18,
20,18,20,1,2,2,
4,5,7,6,8,9,9,4,4,4,4,4,1,2,3,3,10,19,17,
10,10,10,4,10,1,2,3,3,10,10,10,5,10,10,10,7,6,8,9,9,4,10,10,10,10,4,10,4,4,4,10,10,17,19,10,10,4,4,10,10,
1,2,18,
1,2,3,3,10,10,10,10,10,12,10,10,10,11,11,10,10,4,5,6,7,8,9,9,4,10,10,13,15,16,14,12,
4,10,11,11,10,4,1,2,3,3,5,10,10,6,7,8,9,9,4,10,10,10,17,6,8,9,9,10,12,10,10,15,14,13,16,12,4,
10,5,10,4,6,7,8,9,9,4,10,6,17,8,9,9,10,10,4,10,10,10,1,2,3,3,10,10,10,10,10,10,4,4,10,10,10,10,10,10,17,19,10,10,10,4,
10,19,17,10,10,10,20,3,3,20,4,1,2,2,4,4,10,5,10,7,6,8,9,9,4,10,17,6,8,9,9,10,10,10,10,10,
20,18,20,1,2,2,
3,3,20,5,6,7,8,9,9,4,10,10,10,11,11,10,12,21,18,12,1,2,2,4,20,
1,2,18,
4,4,18,4,1,2,3,3,4,
12,12,12,22,22,4,12,12,10,11,11,10,1,2,3,3,22,5,22,7,6,8,9,9,4,10,10,22,22,22,12,15,14,13,16,12,
10,10,11,11,10,4,4,4,12,5,1,2,3,3,7,6,8,9,9,4,10,10,18,21,12,10,
1,2,18,
1,2,3,3,4,4,4,4,4,18,4,
14,15,16,13,12,4,4,10,11,11,10,4,1,2,3,3,4,4,12,5,6,7,8,9,9,4,10,10,
20,20,20,18,20,1,2,2,
4,4,4,4,18,4,20,20,20,4,3,3,20,4,4,4,4,1,2,2,4,4,4,4,4,4,
20,3,3,20,4,4,4,5,7,6,8,9,9,4,12,16,14,13,15,12,10,11,11,10,1,2,2,
1,2,2,20,18,20,
22,12,22,10,11,11,10,22,22,22,12,1,2,3,3,4,12,12,5,7,6,8,9,9,4,14,13,15,16,12,
1,2,18,
20,18,20,1,2,2,
1,2,18,
1,2,2,20,3,3,20,4,19,4,
1,2,18,
1,2,2,20,18,20,
20,18,20,1,2,2,
4,10,11,11,10,4,10,10,5,6,7,8,9,9,4,22,12,12,22,17,19,22,22,1,2,3,3,22,4,22,12,10,22,10,22,4,4,
20,18,20,1,2,2,
20,18,20,1,2,2,
22,22,5,12,12,22,7,6,8,9,9,4,22,12,22,22,22,22,22,22,22,22,22,22,11,11,22,22,22,12,12,6,17,8,9,9,22,22,22,15,14,13,16,12,22,22,22,22,22,22,22,22,22,22,22,22,22,12,12,22,10,11,11,10,22,1,2,3,3,4,
1,2,18,
1,2,2,4,4,4,4,4,18,4,20,3,3,20,
1,2,2,20,18,20,
1,2,18,
12,10,10,21,18,12,12,12,1,2,3,3,4,4,4,5,10,6,7,8,9,9,4,11,11,10,
4,10,10,4,4,10,5,6,7,8,9,9,4,4,10,4,10,10,10,10,17,19,10,10,10,1,2,3,3,10,10,4,10,4,
12,17,19,12,4,12,5,1,2,3,3,10,6,7,8,9,9,4,11,11,10,10,10,12,
20,18,20,1,2,2,
1,2,18,
4,4,3,3,20,4,4,4,4,4,18,4,1,2,2,20,20,20,
1,2,18,
20,3,3,20,1,2,2,4,18,4,
20,18,20,1,2,2,
1,2,2,20,18,20,
1,2,3,3,10,4,5,17,19,10,7,6,8,9,9,4,10,10,
1,2,18,
1,2,18,
4,4,19,4,4,1,2,3,3,
1,2,18,
1,2,3,3,4,18,4,4,4,
1,2,18,
1,2,3,3,10,4,18,21,10,5,7,6,8,9,9,4,10,10,
1,2,18,
1,2,18,
18,1,2,
20,3,3,20,4,4,4,4,1,2,2,4,4,4,4,4,4,4,4,4,4,4,4,4,4,4,20,4,4,4,19,20,4,4,4,
12,1,2,12,3,3,4,14,15,13,16,12,12,12,5,7,6,8,9,9,4,12,10,10,10,11,11,10,
5,10,6,7,17,19,10,8,9,9,4,1,2,3,3,4,
20,3,3,20,4,18,4,1,2,2,
20,18,20,1,2,2,
1,2,18,
20,18,20,20,20,1,2,2,
1,2,10,3,3,4,10,5,6,7,8,9,9,4,10,11,11,10,12,21,18,12,10,10,
22,22,22,23,22,23,1,2,3,3,23,22,4,12,12,23,23,12,12,5,7,6,8,9,9,4,12,10,11,11,10,12,22,10,10,10,10,12,10,18,21,12,22,10,22,22,22,22,22,22,22,22,22,10,10,22,12,12,22,22,
1,2,3,3,14,15,13,16,12,4,4,4,10,17,6,8,9,9,10,10,5,10,10,7,6,8,9,9,4,12,10,10,11,11,10,
10,10,10,10,12,10,10,1,2,3,3,21,18,12,10,10,4,10,11,11,10,5,6,7,8,9,9,4,
1,2,18,
4,4,4,4,4,4,4,4,4,4,1,2,4,3,3,4,4,19,4,4,4,4,4,4,
1,2,2,20,18,20,
4,10,10,10,10,10,5,6,7,8,9,9,4,10,10,10,10,10,10,10,10,10,10,10,10,10,10,10,10,10,17,19,4,4,1,2,3,3,10,10,10,10,10,4,4,4,4,4,10,4,10,
1,2,3,3,10,17,19,10,4,4,4,5,7,6,8,9,9,4,10,10,
1,2,3,3,4,18,4,
12,1,2,3,3,4,13,14,16,15,12,4,4,5,6,7,8,9,9,4,10,10,10,11,11,10,
1,2,18,
1,2,2,20,18,20,
10,1,2,10,3,3,19,17,10,4,10,5,10,10,10,10,6,7,8,9,9,4,10,10,
20,3,3,20,10,10,4,10,19,17,5,6,7,8,9,9,4,10,10,10,10,1,2,2,
1,2,18,
1,2,2,10,11,11,10,20,3,3,20,4,12,12,12,12,12,12,4,4,12,4,4,5,7,6,8,9,9,4,10,21,18,12,10,
1,2,18,
10,17,19,10,1,2,2,20,3,3,20,4,5,6,7,8,9,9,4,
10,11,11,10,22,22,5,22,6,7,8,9,9,4,12,22,22,22,12,12,15,16,14,13,12,1,2,3,3,22,22,12,22,22,22,4,
15,14,13,16,12,1,2,3,3,4,5,12,6,7,8,9,9,4,10,11,11,10,4,4,4,4,
20,18,20,1,2,2,
4,18,4,4,4,20,3,3,20,4,4,4,4,4,4,1,2,2,
10,5,1,2,3,3,10,7,6,8,9,9,4,4,4,10,10,10,17,19,10,10,10,4,
10,11,11,10,1,2,3,3,14,15,13,16,12,4,5,7,6,8,9,9,4,12,
4,4,20,3,3,20,1,2,2,18,4,4,
4,4,14,15,16,13,12,10,10,10,4,11,11,10,4,4,5,1,2,3,3,7,6,8,9,9,4,12,
1,2,3,3,14,16,13,15,12,12,12,12,12,12,12,4,10,12,11,11,12,10,12,5,6,7,8,9,9,4,
1,2,2,20,18,20,
4,1,2,2,20,3,3,20,4,19,4,4,4,4,4,4,5,4,4,
4,4,4,10,10,4,10,4,10,10,10,10,10,1,2,3,3,4,10,5,10,6,7,8,9,9,4,10,10,10,17,19,10,10,4,10,10,10,10,10,10,
4,4,4,18,4,4,4,4,4,4,4,4,4,20,4,3,3,20,1,2,2,4,4,4,4,4,
5,22,6,7,8,9,9,4,4,4,10,12,22,10,22,4,4,4,4,4,4,4,4,12,10,11,11,10,14,15,13,16,12,22,22,22,1,2,3,3,12,12,4,12,12,4,4,22,
10,22,22,22,22,1,2,3,3,10,11,11,10,12,12,22,22,12,22,12,10,10,22,4,22,22,22,14,13,15,16,12,22,5,22,6,7,8,9,9,4,10,6,17,8,9,9,10,10,
17,6,8,9,9,10,10,11,11,10,12,10,10,10,10,4,22,22,22,5,6,7,8,9,9,4,12,12,12,12,1,2,3,3,10,10,10,22,22,12,10,22,10,10,22,22,4,4,22,22,22,14,15,16,13,12,10,
4,4,4,4,4,4,18,4,20,3,3,20,1,2,2,4,4,4,4,4,
1,2,2,20,18,20,
4,4,4,18,4,1,2,2,20,3,3,20,
1,2,3,3,10,10,10,10,10,10,10,10,4,10,10,10,10,10,10,10,10,10,10,10,4,4,5,10,10,19,17,10,6,7,8,9,9,4,10,6,17,8,9,9,10,10,10,10,
4,4,15,13,14,16,12,1,2,3,3,4,10,4,4,5,6,7,8,9,9,4,10,10,10,11,11,10,10,10,6,17,8,9,9,10,10,10,12,
4,4,4,4,4,4,19,4,4,1,2,3,3,4,4,4,4,4,4,
1,2,18,
4,17,19,10,5,6,7,8,9,9,4,1,2,2,20,3,3,20,4,4,10,
10,11,11,10,4,12,10,10,5,6,7,8,9,9,4,10,10,20,10,10,10,15,16,14,13,12,10,1,2,2,20,20,3,3,20,
12,1,2,3,3,12,22,12,12,22,12,12,12,22,22,12,22,12,12,12,22,22,4,12,12,22,12,12,12,22,12,12,12,12,12,12,12,12,12,22,5,22,7,6,8,9,9,4,22,22,22,22,22,22,22,22,22,14,15,16,13,12,12,10,12,11,11,10,
15,13,16,14,12,10,11,11,10,1,2,3,3,4,5,7,6,8,9,9,4,12,
18,20,1,2,2,20,
20,18,20,1,2,2,
20,3,3,20,10,10,4,4,10,10,10,10,10,10,10,10,4,4,5,4,4,4,10,10,10,6,7,8,9,9,4,4,4,10,10,10,10,10,10,10,10,19,10,17,4,4,10,10,4,10,10,4,1,2,2,10,10,10,10,10,
4,4,19,4,1,2,3,3,4,4,4,4,4,
15,16,14,13,12,1,2,3,3,4,5,7,6,8,9,9,4,10,10,10,11,11,10,12,
1,2,2,20,18,20,
10,10,10,19,17,10,1,2,2,4,4,20,3,3,20,4,4,4,4,4,5,6,7,8,9,9,4,10,10,
1,2,18,
1,2,2,20,18,20,
22,22,12,22,22,22,12,12,1,2,3,3,4,4,4,5,6,7,8,9,9,4,10,10,12,12,12,21,18,12,10,11,11,10,12,12,
4,4,1,2,3,3,4,19,4,4,4,
1,2,18,
10,4,4,22,10,22,4,10,10,12,12,10,11,11,10,5,7,6,8,9,9,4,10,4,10,4,10,22,22,10,22,12,22,22,22,12,22,10,10,4,22,10,10,4,1,2,3,3,15,14,16,13,12,22,22,22,
10,1,2,3,3,10,4,10,10,4,4,5,7,6,8,9,9,4,10,10,10,10,10,10,10,10,10,10,19,17,10,10,10,10,10,
10,10,10,10,10,10,10,10,1,2,10,10,10,10,10,3,3,17,6,8,9,9,10,10,10,10,10,10,10,10,10,19,17,10,17,6,8,9,9,10,10,4,10,10,10,5,10,7,6,8,9,9,4,10,10,10,
5,7,6,8,9,9,4,18,21,12,10,11,11,10,1,2,3,3,4,12,4,4,
5,10,10,7,6,8,9,9,4,10,10,10,10,10,10,10,10,10,10,10,10,10,10,10,10,17,19,10,1,2,3,3,4,
4,4,4,4,4,4,4,4,4,4,4,4,4,4,4,4,4,19,4,4,1,2,3,3,
4,4,4,18,4,1,2,3,3,
1,2,18,
1,2,18,
10,10,17,19,10,10,1,2,3,3,4,4,4,5,6,7,8,9,9,4,10,17,6,8,9,9,10,10,10,10,10,
4,4,4,4,4,4,4,4,1,2,3,3,4,4,4,4,19,4,4,
20,18,20,1,2,2,
20,18,20,1,2,2,
20,18,20,1,2,2,
22,10,10,22,1,2,3,3,22,4,5,22,22,7,6,8,9,9,4,22,22,10,22,12,10,15,13,14,16,12,22,22,22,10,12,12,10,10,10,22,22,22,10,22,11,11,10,22,22,10,10,22,22,22,10,10,22,10,10,12,22,22,22,12,12,22,10,22,22,22,10,22,12,22,22,22,12,22,22,22,22,22,
1,2,18,
10,11,11,10,12,21,18,12,1,2,3,3,10,10,4,5,6,7,8,9,9,4,10,10,
10,10,10,17,19,10,1,2,3,3,10,10,4,5,6,7,8,9,9,4,10,10,
1,2,3,3,4,4,4,18,4,
1,2,18,
1,2,2,20,20,20,18,20,
22,10,22,4,4,12,12,22,22,12,22,22,22,22,22,12,1,2,2,12,12,15,14,16,13,4,4,12,20,12,4,12,3,3,20,10,11,11,10,5,6,7,8,9,9,4,10,
1,2,18,
20,18,20,1,2,2,
1,2,18,
1,2,18,
1,2,18,
1,2,18,
1,2,18,
1,2,2,20,3,3,20,4,18,4,
10,11,11,10,1,2,3,3,4,4,4,12,5,6,7,8,9,9,4,15,14,13,16,12,
4,4,4,4,4,4,4,4,4,1,2,3,3,12,5,4,4,4,6,7,8,9,9,4,10,21,18,12,4,4,4,10,10,10,11,11,10,10,10,10,10,10,
1,2,2,20,18,20,
4,10,4,4,4,4,4,4,4,4,4,10,4,4,4,12,4,4,4,4,4,4,10,10,10,10,10,12,12,10,12,4,11,11,10,4,12,4,12,4,12,4,15,16,14,13,12,4,4,4,4,4,1,2,2,5,20,3,3,20,4,4,4,6,7,8,9,9,4,10,4,
1,2,3,3,10,10,10,10,4,10,19,17,10,10,10,4,4,5,6,7,8,9,9,4,10,10,
10,1,2,3,3,4,5,6,7,8,9,9,4,10,6,17,8,9,9,10,10,10,17,6,8,9,9,10,10,10,10,10,10,10,10,19,17,10,10,
4,4,4,4,4,12,10,4,4,10,10,10,4,4,4,1,2,2,4,10,10,18,21,12,4,4,20,4,4,4,3,3,20,10,10,11,11,10,10,4,5,6,7,8,9,9,4,10,10,4,4,4,4,
22,4,4,4,12,12,22,22,22,22,12,5,6,7,8,9,9,4,10,17,6,8,9,9,10,10,10,10,10,12,12,12,22,22,10,11,11,10,1,2,3,3,22,10,22,10,22,22,22,19,17,22,22,22,22,22,22,22,
22,10,12,10,6,7,8,9,9,4,14,15,13,16,10,22,12,10,22,22,22,22,22,22,22,11,11,22,10,10,10,10,22,12,12,12,22,12,10,12,22,22,10,11,11,10,22,6,17,8,9,9,12,22,22,22,22,22,10,12,10,10,22,10,1,2,2,22,20,22,22,22,3,3,20,4,5,10,
1,2,2,20,18,20,
1,2,18,
1,2,3,3,4,4,19,4,4,
4,4,4,4,4,18,4,4,4,1,2,2,20,3,3,20,4,4,4,4,
6,17,8,9,9,10,10,10,10,10,10,10,10,10,1,2,2,10,20,17,19,10,10,4,3,3,20,10,10,10,10,10,10,5,10,10,10,10,6,7,8,9,9,4,10,
20,20,3,3,20,4,1,2,2,18,4,4,4,4,20,20,20,4,
1,2,18,
4,4,4,4,4,20,3,3,20,4,1,2,2,19,4,4,4,4,
4,1,2,3,3,4,18,4,4,4,4,4,4,
3,3,20,1,2,2,4,19,4,4,4,20,20,20,20,20,
5,7,6,1,2,8,9,9,4,10,3,3,10,10,10,10,10,4,10,17,19,10,4,4,4,4,10,10,
20,3,3,20,1,2,2,15,13,14,16,12,22,22,4,22,10,22,10,22,23,23,23,5,10,23,10,23,7,6,8,9,9,4,10,10,22,12,12,10,12,10,20,20,20,10,10,11,11,10,10,10,10,10,10,12,23,23,23,22,
1,2,2,20,18,20,
10,10,5,6,7,10,8,9,9,4,10,10,10,10,10,10,10,1,2,2,10,10,10,10,17,19,10,10,10,20,3,3,20,10,4,10,
1,2,2,20,18,20,
4,4,4,4,4,4,4,4,4,20,4,4,3,3,20,19,4,4,1,2,2,4,4,4,4,4,4,4,4,
5,10,6,7,8,9,9,4,10,10,17,6,8,9,9,10,10,17,6,8,9,9,10,10,10,6,17,8,9,9,10,10,1,2,10,3,3,10,10,10,10,19,17,10,4,
1,2,3,3,4,18,4,
1,2,18,
1,2,18,
10,10,10,10,10,4,4,4,10,11,11,10,10,18,21,12,10,12,10,10,10,5,1,2,3,3,12,12,6,7,8,9,9,4,10,4,6,17,8,9,9,10,10,10,4,
4,4,20,3,3,20,4,4,4,5,6,7,8,9,9,4,10,10,10,4,4,19,17,10,1,2,2,
12,10,10,1,2,3,3,10,10,10,10,22,4,10,11,11,10,12,10,12,5,6,17,8,9,9,12,22,22,10,22,10,19,17,22,10,10,10,10,10,10,10,22,6,7,8,9,9,4,
1,2,18,
10,22,4,22,11,11,10,22,22,22,12,22,22,22,10,6,17,8,9,9,22,22,22,10,22,22,22,22,5,22,10,22,6,7,8,9,9,4,10,10,22,22,22,22,22,22,22,22,22,22,22,22,22,22,22,22,22,22,22,12,12,10,22,22,1,2,22,3,3,17,19,22,22,22,10,22,22,22,22,22,22,22,22,22,22,10,22,22,22,22,22,22,22,22,22,22,22,22,22,22,22,22,22,22,22,22,
10,6,17,8,9,9,10,10,16,14,15,13,12,22,10,12,12,12,12,12,12,1,2,3,3,4,10,11,11,10,22,5,6,7,8,9,9,4,12,12,22,22,22,
4,4,4,4,10,10,10,5,11,11,10,7,6,8,9,9,4,12,10,12,12,22,10,22,22,12,12,12,12,10,10,22,22,22,12,21,18,12,22,1,2,3,3,4,
12,12,1,2,3,3,12,22,22,22,4,10,11,11,10,10,5,16,14,15,13,12,7,6,8,9,9,4,10,12,
1,2,2,20,3,3,20,4,5,7,6,8,9,9,4,10,11,11,10,12,14,15,16,13,12,
4,21,18,12,6,7,8,9,9,4,4,10,10,1,2,2,4,4,12,20,3,3,20,4,10,11,11,10,5,
4,5,4,19,4,4,1,2,2,20,3,3,20,
1,2,18,
12,5,22,10,12,6,7,8,9,9,22,22,4,22,10,11,11,10,10,12,12,12,12,12,12,21,18,12,22,12,12,12,12,1,2,3,3,12,4,12,
1,2,18,
1,2,2,20,18,20,
4,1,2,3,3,4,5,4,7,6,8,9,9,4,10,11,11,10,12,4,4,10,10,13,14,16,15,12,
1,2,2,20,18,20,
12,12,12,1,2,3,3,4,12,10,10,5,21,18,12,6,7,8,9,9,4,10,10,10,10,10,11,11,10,12,
1,2,18,
1,2,18,
10,11,11,10,4,5,1,2,6,7,8,9,9,4,3,3,12,19,17,12,
1,2,3,3,4,19,4,
1,2,2,20,18,20,
15,14,13,16,12,10,5,4,7,6,4,8,9,9,4,10,11,11,10,10,10,1,2,3,3,10,10,12,10,4,
20,3,3,20,4,1,2,2,18,4,
1,2,18,
12,12,22,22,22,22,10,22,22,22,22,10,12,12,22,22,22,4,22,22,22,22,22,22,22,22,22,22,22,22,22,22,12,22,22,10,22,5,22,11,11,10,22,22,22,22,22,22,22,6,7,22,22,12,8,9,9,4,22,10,10,22,22,22,10,22,22,22,22,11,11,22,22,22,22,22,22,10,22,22,22,22,22,12,22,6,17,8,9,9,22,22,22,10,10,22,22,22,22,22,22,22,14,15,16,13,12,22,22,10,22,22,10,1,2,22,3,3,22,10,22,22,22,22,22,22,22,22,10,22,
1,2,2,20,18,20,
1,2,2,20,20,20,18,20,
1,2,18,
4,4,10,10,1,2,2,4,4,4,20,4,12,3,3,20,4,4,4,4,4,5,7,6,8,9,9,4,10,11,11,10,15,13,14,16,12,
4,4,4,4,4,18,4,1,2,3,3,4,4,
1,2,18,
22,4,15,14,13,16,12,12,12,10,10,12,22,22,22,5,12,6,7,8,9,9,4,10,11,11,10,12,12,12,12,12,12,12,12,12,12,1,2,3,3,22,12,12,12,12,
4,4,4,4,1,2,3,3,19,4,4,4,
20,18,20,1,2,2,
4,10,10,10,10,10,4,10,5,6,7,8,9,9,4,10,10,10,10,10,10,10,10,10,10,10,10,10,10,10,10,10,10,19,17,10,10,10,10,10,1,2,3,3,4,10,10,
1,2,2,20,18,20,
1,2,2,20,18,20,
1,2,18,
22,17,6,22,8,9,9,12,22,22,4,22,22,22,22,11,11,22,4,4,5,6,7,8,9,9,4,10,11,11,10,1,2,3,3,4,22,4,12,22,22,15,16,14,13,12,12,
5,6,7,8,9,9,4,10,17,6,8,9,9,10,10,19,17,10,10,10,1,2,10,3,3,10,10,10,4,
1,2,18,
1,2,18,
18,21,12,1,2,2,4,4,6,7,8,9,9,4,4,4,10,11,11,10,4,20,4,4,4,3,3,20,12,4,5,
1,2,2,20,18,20,
1,2,2,4,18,4,20,3,3,20,
1,2,18,
1,2,18,
22,22,22,22,22,22,12,12,22,22,22,12,12,12,1,2,2,12,12,22,22,20,22,3,3,20,4,22,22,10,12,12,11,11,10,5,22,22,6,7,8,9,9,4,12,22,22,22,22,12,12,12,22,22,12,22,12,22,22,12,15,16,14,13,12,12,12,12,12,12,12,22,22,22,22,22,12,
1,2,18,
4,10,4,4,5,7,6,8,9,9,4,10,10,10,10,10,10,10,10,1,2,3,3,17,19,10,10,10,10,10,10,4,10,4,
20,20,20,18,20,1,2,2,
4,4,4,4,4,4,4,4,4,4,4,4,4,4,4,19,4,4,4,4,4,4,4,4,4,4,4,4,4,1,2,3,3,4,
20,18,20,1,2,2,
12,10,4,1,2,2,10,6,7,8,9,9,10,4,20,10,3,3,20,10,6,17,8,9,9,10,4,10,10,4,4,4,4,10,10,10,4,4,4,5,4,10,10,21,18,12,4,4,4,4,4,4,10,4,11,11,10,4,4,10,
1,2,18,
10,11,11,10,10,10,10,12,12,10,10,10,10,10,17,6,8,9,9,10,10,20,3,3,20,10,4,10,10,4,10,10,10,12,17,6,8,9,9,10,22,1,2,2,22,10,17,19,22,22,22,10,10,10,10,4,10,10,5,10,10,6,7,8,9,9,4,22,
15,16,14,13,22,22,12,22,22,22,10,11,11,10,22,22,22,22,10,4,12,12,10,22,22,22,10,22,22,12,22,22,22,22,22,22,22,22,4,22,4,12,22,22,22,22,22,22,22,22,22,22,22,22,22,22,4,22,22,4,22,22,22,22,22,22,22,22,22,5,6,7,8,9,9,4,22,10,22,22,22,22,22,1,2,22,3,3,22,22,22,22,22,22,22,22,22,22,22,22,22,22,22,22,12,12,22,22,22,22,4,4,22,22,12,12,22,22,22,22,22,22,22,22,22,
12,4,12,5,12,4,4,10,7,6,10,8,9,9,4,4,4,12,10,14,16,13,15,12,10,4,4,1,2,3,3,10,11,11,10,10,12,10,10,10,
20,18,20,1,2,2,
4,1,2,3,3,18,4,
1,2,18,
4,4,4,4,1,2,3,3,4,4,4,4,4,4,4,4,4,4,4,4,4,4,4,4,4,4,19,4,4,4,4,4,4,4,4,4,
1,2,18,
1,2,2,20,3,3,20,4,18,4,
10,4,12,4,4,4,4,4,14,15,13,16,12,22,10,4,10,22,10,22,22,22,10,10,22,12,22,22,20,4,4,4,10,10,22,22,22,3,3,20,12,12,4,5,4,10,4,4,10,6,7,8,9,9,4,10,10,10,10,22,22,22,1,2,2,22,22,22,12,22,10,10,10,10,22,12,10,4,11,11,10,4,4,
20,18,20,1,2,2,
4,3,3,4,4,4,4,4,4,4,4,4,4,4,4,19,4,4,1,2,
22,10,22,1,2,3,3,4,10,22,22,5,17,19,22,6,7,8,9,9,4,10,12,10,22,22,10,10,22,22,22,22,10,22,12,12,11,11,10,10,10,
1,2,2,18,4,20,4,4,20,20,3,3,20,4,
22,10,10,10,1,2,10,3,3,12,12,12,10,10,4,10,22,10,5,6,7,8,9,9,4,15,16,14,13,12,10,11,11,10,12,22,22,22,10,10,22,22,
1,2,2,20,18,20,
1,2,18,
4,4,4,4,4,4,4,4,4,4,5,1,2,3,3,10,10,10,11,11,10,6,7,8,9,9,4,12,10,4,4,21,18,12,10,4,4,4,4,4,4,4,4,4,
4,10,10,10,10,1,2,3,3,5,6,7,8,9,9,4,10,10,14,15,16,13,12,12,12,10,12,10,10,11,11,10,
4,15,13,14,16,12,4,10,11,11,10,12,12,1,2,3,3,12,22,22,22,4,22,22,22,5,12,7,6,8,9,9,4,4,4,22,22,22,12,12,
23,18,23,23,23,1,2,2,
20,3,3,20,4,18,4,1,2,2,
4,18,4,1,2,3,3,
10,10,10,10,10,10,1,2,3,3,10,10,10,10,10,10,4,10,10,10,19,17,10,10,5,10,6,7,8,9,9,4,10,10,10,10,10,10,10,
10,6,17,8,9,9,10,10,10,4,4,10,4,10,4,4,10,10,4,4,4,10,10,4,4,1,2,3,3,10,10,4,4,10,4,4,4,10,19,17,4,10,4,4,10,4,4,5,4,7,6,8,9,9,4,4,10,10,10,4,4,4,
4,4,10,10,10,11,11,10,4,4,10,12,10,1,2,3,3,4,14,15,13,16,12,5,6,7,8,9,9,4,
20,18,20,1,2,2,
4,20,3,3,20,18,4,1,2,2,
1,2,2,20,18,20,
1,2,2,20,20,18,20,20,20,20,
1,2,18,
4,10,10,4,10,1,2,3,3,10,4,4,4,5,10,10,10,17,19,10,10,6,7,8,9,9,4,10,10,10,
1,2,18,
4,4,4,4,1,2,3,3,4,5,7,6,8,9,9,4,10,10,4,4,10,17,19,10,
1,2,2,20,18,20,
1,2,2,20,18,20,
12,12,12,1,2,3,3,4,15,13,14,16,12,22,22,5,6,7,8,9,9,4,22,22,22,22,12,12,22,10,11,11,10,12,
4,4,18,4,1,2,3,3,4,
1,2,18,
4,10,10,10,4,4,4,10,4,4,10,5,6,7,8,9,9,4,10,1,2,3,3,4,10,10,10,10,10,10,10,4,4,4,4,10,19,17,10,10,10,4,4,10,
1,2,18,
4,4,4,4,4,4,1,2,2,20,3,3,20,4,4,19,4,
1,2,2,20,18,20,
1,2,2,20,18,20,
12,4,4,5,6,7,8,9,9,4,10,10,10,10,10,10,10,15,16,14,13,12,10,6,17,8,9,9,10,1,2,3,3,4,10,10,4,11,11,10,4,
1,2,2,20,18,20,
1,2,2,20,18,20,
1,2,18,
22,22,15,14,16,13,12,12,12,12,12,12,22,22,22,22,22,22,10,11,11,10,22,12,4,4,5,6,7,8,9,9,4,22,22,22,22,22,22,1,2,3,3,22,22,22,22,22,4,12,
20,18,20,1,2,2,
1,2,3,3,4,10,11,11,10,5,7,6,8,9,9,4,10,10,12,15,14,16,13,12,10,10,
1,2,18,
4,4,5,6,7,8,9,9,4,10,10,1,2,3,3,10,10,10,10,10,10,4,10,17,19,10,10,10,10,
4,4,1,2,3,3,4,18,4,
4,4,4,4,4,4,4,4,4,4,4,4,1,2,3,3,4,4,4,4,4,4,4,19,4,4,4,4,4,4,4,4,
10,10,10,10,10,10,12,10,10,11,11,10,10,10,10,10,4,10,12,1,2,12,3,3,10,21,18,12,10,10,5,10,6,7,8,9,9,4,10,10,10,10,
10,10,10,10,10,10,10,10,10,1,2,2,20,3,3,20,4,10,10,10,19,17,10,4,4,4,10,4,10,5,10,6,7,8,9,9,4,10,10,10,
4,4,4,4,4,4,4,4,4,4,4,4,4,1,2,3,3,4,19,4,4,4,4,4,4,4,4,4,4,4,4,4,
10,12,10,10,22,22,10,22,22,10,22,17,6,8,9,9,10,22,10,22,22,10,22,22,22,22,22,22,22,12,22,22,10,22,18,21,22,22,10,10,10,1,2,10,10,3,3,4,22,22,22,22,5,6,7,8,9,9,4,10,10,10,22,22,10,22,10,10,22,12,22,22,12,12,22,22,10,11,11,10,
10,11,11,10,10,10,12,1,2,3,3,4,5,6,7,8,9,9,4,14,15,16,13,12,10,10,
1,2,18,
1,2,2,20,20,18,20,20,
1,2,2,20,20,18,20,20,
10,10,10,10,10,19,17,10,10,1,2,2,20,10,10,3,3,20,4,5,10,6,7,8,9,9,4,10,10,
1,2,18,
10,10,17,19,10,10,10,1,2,3,3,4,5,7,6,8,9,9,4,10,
4,4,17,19,10,4,4,4,4,10,4,4,4,5,6,7,8,9,9,4,10,10,1,2,3,3,
1,2,18,
10,5,17,19,10,6,7,8,9,9,4,1,2,3,3,4,
1,2,3,3,4,15,14,13,16,12,10,5,10,12,7,6,8,9,9,4,10,11,11,10,
1,2,2,20,18,20,
1,2,18,
1,2,18,
1,2,2,20,18,20,
4,4,20,20,1,2,2,3,3,20,4,4,4,20,5,18,4,4,4,
4,4,4,4,4,1,2,3,3,5,4,6,7,8,9,9,4,10,4,17,6,8,9,9,10,4,4,10,4,4,4,19,17,10,4,10,10,10,10,
10,10,1,2,3,3,4,5,10,17,19,6,7,8,9,9,4,10,10,10,10,10,10,10,10,
5,7,6,8,9,9,4,10,10,10,17,19,10,1,2,3,3,10,4,10,
1,2,18,
1,2,18,
4,4,4,1,2,3,3,4,4,4,4,19,4,4,
4,12,5,7,6,8,9,9,4,10,10,1,2,3,3,10,11,11,10,15,13,14,16,12,
10,10,10,10,10,10,10,10,10,10,10,10,10,10,1,2,3,3,4,5,6,7,8,9,9,4,10,19,17,10,10,10,10,
10,19,17,10,10,10,10,10,1,2,3,3,4,4,4,5,6,7,8,9,9,4,
10,11,11,10,12,22,12,4,1,2,10,3,3,5,10,6,17,8,9,9,12,22,15,14,16,13,22,12,7,6,8,9,9,4,10,17,6,8,9,9,10,4,10,12,10,4,12,12,22,22,
1,2,18,
1,2,18,
1,2,18,
10,11,11,10,1,2,3,3,4,5,7,6,8,9,9,4,12,4,4,15,16,14,13,12,4,4,
10,10,11,11,10,10,10,12,1,2,3,3,4,5,6,7,8,9,9,4,15,13,16,14,12,10,10,10,10,10,10,10,10,10,
15,14,13,16,12,22,12,12,4,4,10,10,4,12,12,1,2,3,3,5,12,7,6,8,9,9,4,4,4,10,11,11,10,22,22,12,
10,6,17,8,9,9,12,22,22,10,22,10,12,22,11,11,10,4,10,22,22,6,17,8,9,9,10,10,10,5,22,6,7,8,9,9,4,10,15,16,14,13,22,6,17,8,9,9,10,10,10,10,10,10,10,10,10,22,12,12,22,22,22,10,1,2,3,3,10,
3,3,4,4,12,12,12,12,12,10,10,10,11,11,10,18,21,12,4,5,6,7,8,9,9,4,10,10,1,2,
1,2,18,
4,5,1,2,3,3,6,7,8,9,9,4,12,10,11,11,10,4,4,15,13,14,16,12,10,10,
10,10,10,10,10,10,10,10,10,10,10,10,10,1,2,3,3,10,10,10,19,17,10,4,10,10,5,6,7,8,9,9,4,10,
3,3,20,4,4,21,18,12,20,12,12,1,2,2,4,10,11,11,10,5,20,12,20,7,6,8,9,9,4,
1,2,3,3,10,10,10,10,4,10,10,10,10,5,7,6,8,9,9,4,10,10,10,10,10,10,10,19,10,17,10,10,10,10,10,
1,2,3,3,10,4,5,10,10,19,17,10,6,7,8,9,9,4,10,4,10,4,4,4,
10,12,14,15,13,16,12,22,1,2,3,3,22,12,12,12,22,22,22,4,5,6,7,8,9,9,4,10,10,11,11,10,
4,5,10,11,11,10,12,7,6,8,9,9,4,16,14,13,15,12,10,10,22,12,10,1,2,22,3,3,10,10,22,11,11,22,10,12,22,12,12,10,6,17,8,9,9,22,22,22,10,12,
20,18,20,1,2,2,
20,3,3,20,12,22,12,4,12,12,5,6,7,8,9,9,4,12,15,13,16,14,12,10,11,11,10,12,1,2,2,12,12,22,22,22,22,
3,3,6,7,8,9,9,4,10,19,17,10,4,4,4,5,1,2,
1,2,5,3,3,6,7,8,9,9,4,10,10,4,4,4,4,4,10,12,10,10,11,11,10,21,18,12,4,4,
4,4,4,4,1,2,4,3,3,4,4,4,4,4,4,4,4,5,4,10,4,4,10,4,4,7,6,8,9,9,4,4,4,10,17,19,10,10,4,4,10,4,4,10,10,10,4,4,4,4,4,
10,11,11,10,20,10,10,4,4,5,4,6,7,8,9,9,4,3,3,20,10,1,2,2,10,12,10,10,10,14,15,13,16,12,10,
12,22,22,22,22,22,22,22,1,2,3,3,22,22,12,12,22,12,10,11,11,10,22,22,22,10,4,10,12,12,22,22,22,5,22,22,6,7,8,9,9,4,10,12,16,15,14,13,12,10,22,22,
1,2,18,
4,10,10,19,17,10,1,2,3,3,10,4,4,4,5,7,6,8,9,9,4,4,
20,18,20,1,2,2,
10,5,10,10,11,11,10,6,7,8,9,9,4,10,6,17,8,9,9,10,4,22,10,14,15,16,13,22,10,22,22,4,4,10,4,10,12,12,22,22,22,22,22,22,1,2,3,3,4,12,
4,4,4,4,20,3,3,20,4,4,4,4,4,4,4,4,4,4,19,4,4,1,2,2,4,4,
20,1,2,2,18,20,
1,2,18,
6,7,8,9,9,4,10,4,11,11,10,4,12,10,10,4,4,14,13,15,16,12,10,10,1,2,3,3,4,4,4,10,10,5,
4,4,4,5,1,2,3,3,19,4,
1,2,2,20,18,20,
1,2,18,
1,2,18,
1,2,18,
10,11,11,10,22,22,22,22,12,22,22,22,22,22,22,22,22,22,17,19,1,22,2,22,3,3,22,22,4,22,22,22,12,12,5,12,12,6,7,8,9,9,4,12,12,22,22,12,22,
1,2,2,20,18,20,
22,22,22,22,22,22,12,10,11,11,10,22,22,22,12,12,22,12,22,14,15,13,16,12,12,1,2,2,20,3,3,20,4,5,6,7,8,9,9,4,12,22,22,
10,10,14,15,16,13,12,10,10,10,1,2,3,3,4,10,5,7,6,8,9,9,4,10,10,11,11,10,10,12,10,10,
1,2,2,20,18,20,
10,4,4,10,10,10,10,4,10,10,5,7,6,8,9,9,4,10,10,19,17,10,10,10,1,2,3,3,10,10,10,
18,20,1,2,2,20,
20,20,20,18,20,1,2,2,
1,2,2,20,3,3,20,4,19,4,
1,2,18,
1,2,18,
4,4,4,4,10,4,10,4,4,4,10,11,11,10,5,7,6,8,9,9,4,12,12,15,16,14,13,12,12,1,2,3,3,4,4,4,4,4,12,4,12,4,4,4,
22,5,22,6,7,8,9,9,4,10,10,12,10,11,11,10,12,22,22,22,10,15,13,16,14,22,12,10,12,12,22,22,1,2,3,3,4,22,
10,7,6,17,6,8,9,9,8,9,9,4,10,12,10,10,12,15,13,14,16,12,10,17,6,8,9,9,10,1,2,2,12,20,3,3,20,4,5,10,10,11,11,10,6,17,8,9,9,10,
5,6,7,8,9,9,4,10,11,11,10,12,12,22,12,12,22,22,14,16,13,15,22,22,12,22,22,22,22,22,22,22,22,22,1,2,2,20,22,22,3,3,20,4,22,
4,10,10,10,10,5,6,7,8,9,9,4,10,10,10,10,10,17,19,10,1,2,3,3,
1,2,3,3,4,18,4,
1,2,2,20,18,20,
4,1,2,3,3,5,7,6,8,9,9,4,10,6,17,8,9,9,10,10,4,19,17,10,4,4,4,4,4,10,4,4,10,
5,12,6,7,8,9,9,4,10,10,14,13,15,16,12,10,11,11,10,10,1,2,3,3,10,10,10,4,10,10,
12,22,10,10,12,12,1,2,3,3,12,4,22,12,22,10,22,22,22,22,10,4,4,5,13,14,16,15,12,6,7,8,9,9,4,10,12,12,17,6,8,9,9,10,22,22,22,10,11,11,10,22,22,
10,10,10,10,12,10,10,10,11,11,10,12,12,1,2,3,3,15,13,14,16,12,4,10,5,10,10,10,10,10,6,7,8,9,9,4,10,10,
1,2,18,
1,2,18,
20,3,3,20,4,18,4,1,2,2,
4,4,10,5,10,7,6,8,9,9,4,10,17,6,8,9,9,10,10,10,10,10,10,17,19,10,10,1,2,3,3,4,
1,2,18,
10,10,10,10,10,1,2,3,3,4,10,5,6,7,8,9,9,4,10,10,10,10,10,10,10,10,10,10,10,10,10,10,10,17,19,10,10,10,10,10,10,
1,2,3,3,10,10,10,10,11,11,10,4,10,12,10,4,10,21,18,12,4,10,5,10,7,6,8,9,9,4,10,10,
4,1,2,2,4,4,4,4,4,20,3,3,20,4,18,4,4,4,4,4,
1,2,3,3,4,21,18,12,5,7,6,8,9,9,4,10,11,11,10,10,6,17,8,9,9,10,10,10,12,
5,6,7,8,9,9,4,13,15,14,16,12,10,10,10,11,11,10,10,10,12,1,2,3,3,4,
1,2,18,
1,2,18,
10,10,4,11,11,10,5,12,12,22,12,22,6,7,8,9,9,4,15,14,16,13,12,22,12,22,22,22,22,22,22,1,2,2,10,22,22,20,3,3,20,
18,20,1,2,2,20,
1,2,3,3,4,12,5,7,6,8,9,9,4,10,11,11,10,15,13,14,16,12,
18,20,1,2,2,20,
1,2,2,20,3,3,20,4,18,4,
10,4,4,4,4,4,10,4,10,10,10,10,10,10,10,4,4,4,4,4,10,4,4,4,4,4,4,4,4,10,4,4,10,10,4,4,10,10,4,10,10,4,4,4,10,4,5,4,10,10,10,4,7,6,8,9,9,4,10,10,10,1,2,2,4,19,10,17,10,4,4,20,3,3,20,4,4,4,4,10,
1,2,18,
1,2,3,3,4,4,4,19,4,
1,2,2,20,18,20,
1,2,18,
5,22,7,6,8,9,9,4,10,6,17,8,9,9,10,22,22,12,22,22,22,22,22,22,15,16,14,13,12,22,12,22,22,6,17,8,9,9,22,22,22,22,22,22,22,12,12,22,10,11,11,22,22,10,22,10,10,1,2,3,3,22,4,10,11,11,10,
1,2,18,
1,2,3,3,4,4,4,4,4,4,4,19,4,
20,18,20,1,2,2,
20,18,20,1,2,2,
6,7,8,9,9,4,22,10,11,11,10,10,22,22,10,12,22,12,12,12,21,18,12,1,2,3,3,4,22,22,22,4,4,5,
1,2,18,
1,2,18,
1,2,2,22,4,11,11,22,4,22,17,6,8,9,9,22,22,22,22,22,22,12,4,4,10,22,22,5,7,6,8,9,9,4,12,10,10,10,22,20,10,3,3,20,22,22,22,13,14,16,15,12,22,10,17,6,8,9,9,12,22,22,22,12,12,10,10,22,22,22,10,22,10,22,10,10,10,10,10,10,22,22,10,10,10,11,11,10,10,10,4,
1,2,18,
22,22,22,22,22,22,4,10,22,11,11,10,4,22,22,22,22,22,12,22,22,12,22,22,22,22,22,22,22,22,6,17,8,9,9,12,4,4,22,22,22,4,22,22,4,22,22,22,16,14,13,22,22,22,22,22,22,4,22,22,22,22,22,22,20,22,22,22,3,3,20,22,22,22,22,22,22,22,22,12,5,4,4,7,6,8,9,9,4,10,22,22,22,22,22,22,22,22,22,17,6,8,9,9,10,1,2,2,22,
4,19,4,4,1,2,3,3,4,5,
4,5,7,6,8,9,9,4,1,10,2,3,3,10,12,10,14,15,16,13,12,11,11,10,
17,19,10,4,4,4,5,6,7,8,9,9,4,10,10,1,2,3,3,10,
18,20,1,2,2,20,
20,3,3,20,4,18,4,1,2,2,
1,2,2,20,18,20,
20,1,2,2,3,3,20,21,18,12,4,5,6,7,8,9,9,4,10,10,10,10,10,11,11,10,12,
10,10,12,10,11,11,10,10,12,1,10,2,3,3,4,4,4,4,4,4,12,4,10,5,6,7,8,9,9,4,10,10,15,14,13,16,12,10,
1,2,18,
1,2,18,
12,22,22,1,2,3,3,10,11,11,10,12,12,4,4,10,4,4,4,12,10,4,4,4,4,4,4,4,22,22,4,22,22,4,4,12,4,4,5,22,22,22,4,7,6,8,9,9,4,10,4,10,10,4,10,4,4,4,4,4,12,12,12,4,4,15,14,13,16,4,12,22,4,22,4,22,4,22,22,22,
5,19,4,1,2,3,3,4,4,4,4,4,
10,11,11,10,22,22,12,12,22,22,22,22,22,22,22,1,2,12,3,3,14,13,15,16,12,10,22,22,10,22,22,22,22,4,12,5,22,22,22,7,6,8,9,9,4,22,
1,2,2,20,3,3,20,4,18,4,
1,2,18,
11,11,10,22,1,2,22,22,3,3,10,12,10,10,22,22,22,22,22,22,22,10,22,10,12,12,12,12,12,10,10,4,15,14,13,16,12,10,10,5,12,6,7,8,9,9,4,10,22,10,10,10,12,10,22,22,10,22,22,22,22,10,22,10,
1,2,3,3,4,19,4,4,4,4,4,4,4,4,4,
18,4,1,2,2,20,3,3,20,4,4,4,4,4,4,4,4,4,4,4,
1,2,18,
1,2,3,3,4,4,4,4,4,4,4,4,4,4,4,4,4,4,4,19,4,4,4,4,4,4,
1,2,18,
4,4,4,4,1,2,2,4,20,4,4,3,3,20,4,4,19,4,4,4,4,4,4,4,4,4,
4,4,5,10,10,10,7,6,8,9,9,4,10,10,10,10,17,6,8,9,9,10,10,10,10,19,17,10,1,2,3,3,10,10,4,
4,4,4,12,4,5,6,7,8,9,9,4,10,10,14,15,13,16,12,10,11,11,10,1,2,3,3,4,4,4,
1,2,18,
4,19,4,1,2,3,3,4,4,
1,2,18,
4,4,4,4,4,5,18,4,1,2,3,3,
1,2,3,3,4,5,6,7,8,9,9,4,10,10,10,10,10,10,10,10,17,19,10,10,
10,11,11,10,12,4,15,13,14,16,12,5,6,7,8,9,9,4,10,10,1,2,3,3,10,10,
7,6,8,9,9,4,10,10,4,4,4,4,15,13,14,16,12,10,11,11,10,20,3,3,20,4,4,4,4,4,4,10,4,4,4,10,1,2,2,12,5,
1,2,10,3,3,10,11,11,10,12,10,10,13,15,14,16,12,4,5,10,6,7,8,9,9,4,
1,2,2,10,10,4,4,4,5,10,10,10,10,10,10,6,7,8,9,9,4,10,10,10,10,10,20,10,3,3,20,10,17,19,10,
1,2,3,3,19,4,4,
23,23,23,10,10,23,23,12,4,4,4,4,4,4,4,4,5,7,6,8,9,9,4,10,4,4,4,4,17,6,8,9,9,10,1,2,2,4,4,4,4,4,4,4,10,4,11,11,10,4,20,4,3,3,20,17,6,8,9,9,12,22,15,14,16,13,22,10,10,4,4,4,4,
22,1,2,3,3,4,22,5,7,6,8,9,9,4,10,12,10,12,12,14,15,13,16,12,10,11,11,10,22,22,22,12,
1,2,3,3,4,10,5,7,6,8,9,9,4,17,19,10,
4,4,4,4,4,1,2,2,4,4,4,4,18,4,20,4,4,3,3,20,4,4,4,4,4,4,
1,2,18,
10,10,1,2,3,3,10,10,10,10,10,12,10,10,10,17,6,8,9,9,10,11,11,10,10,10,4,4,4,4,10,10,10,10,5,4,10,4,6,7,8,9,9,4,4,10,10,10,15,14,13,16,12,
1,2,18,
1,2,18,
17,19,10,5,6,7,8,9,9,4,10,10,1,2,3,3,4,4,4,10,
4,4,4,4,4,4,4,4,4,4,4,4,4,4,4,4,4,20,4,19,1,2,2,3,3,20,4,4,4,4,4,4,4,4,4,
1,2,18,
10,10,1,2,3,3,4,4,4,4,4,5,6,7,8,9,9,4,10,10,10,17,19,10,
1,2,18,
4,19,4,1,2,3,3,
4,19,4,4,4,1,2,3,3,4,4,4,4,
5,6,7,8,9,9,4,10,10,10,19,17,10,10,10,10,10,10,10,10,4,10,4,1,2,3,3,10,4,10,
12,10,12,12,12,12,12,18,21,12,4,4,10,10,4,4,4,5,6,7,8,9,9,4,12,4,12,10,4,11,11,10,1,2,10,3,3,4,4,4,10,4,12,12,10,12,
1,2,18,
1,2,18,
4,12,12,12,10,4,10,10,10,4,4,4,5,4,6,17,8,9,9,12,6,7,8,9,9,4,10,22,6,17,8,9,9,10,14,16,15,13,22,10,11,11,10,1,2,2,20,3,3,20,4,
20,18,20,1,2,2,
1,2,2,10,17,19,10,5,6,7,8,9,9,4,10,10,4,20,3,3,20,
20,18,20,1,2,2,
18,1,2,
1,2,18,
3,3,20,18,4,1,2,2,4,4,4,4,4,20,
4,4,4,4,12,22,22,22,10,11,11,10,1,2,12,3,3,15,13,14,16,22,12,22,4,4,22,22,12,12,4,22,5,6,7,8,9,9,4,10,22,10,12,12,
1,2,2,4,4,20,3,3,20,4,18,4,
1,2,18,
4,10,10,10,10,10,17,19,10,4,5,4,7,6,8,9,9,4,10,1,2,17,6,8,9,9,10,3,3,10,10,
1,2,18,
4,22,4,22,22,11,11,22,22,1,2,3,3,12,12,4,22,22,22,22,5,16,15,14,13,6,7,12,8,9,9,4,10,17,6,8,9,9,22,22,10,22,10,11,11,10,22,22,12,12,
1,2,18,
1,2,2,20,18,20,
1,2,18,
1,2,2,20,18,20,
1,2,18,
7,6,8,9,9,4,10,10,10,15,14,16,13,12,10,11,11,10,10,10,12,4,10,5,1,2,3,3,
4,16,14,13,15,12,1,2,3,3,10,11,11,10,5,7,6,8,9,9,4,12,12,10,12,10,
12,12,22,22,10,14,15,16,13,12,11,11,10,22,10,12,12,12,12,12,22,22,17,6,8,9,9,10,4,22,22,22,1,2,5,3,3,12,12,6,7,8,9,9,4,10,17,6,8,9,9,10,10,10,
12,12,10,22,22,22,4,12,22,22,12,22,15,14,13,16,12,5,22,6,7,8,9,9,4,10,11,11,10,1,2,3,3,10,
4,10,4,10,12,4,4,4,5,10,10,10,10,6,7,8,9,9,4,10,10,15,14,16,13,12,1,2,3,3,10,10,4,4,10,10,10,11,11,10,10,4,10,4,
10,19,17,10,4,5,6,7,8,9,9,4,1,2,3,3,10,10,10,10,
10,10,4,10,10,4,4,4,4,10,17,19,10,1,2,3,3,5,6,7,8,9,9,4,
4,18,4,4,4,1,2,3,3,4,4,4,4,
1,2,18,
4,19,1,2,2,20,3,3,20,4,4,
1,2,18,
4,4,4,4,4,4,4,4,4,4,1,2,2,4,4,4,4,4,4,4,4,4,4,4,4,4,4,19,4,4,4,4,4,20,3,3,20,
12,1,2,3,3,4,5,10,11,11,10,6,7,8,9,9,4,10,22,22,12,12,10,22,12,15,13,14,16,12,
4,19,4,1,2,3,3,4,4,
4,4,4,4,1,2,3,3,4,19,4,4,
1,2,2,20,18,20,
10,10,10,10,10,1,2,3,3,10,10,10,4,5,4,4,7,6,8,9,9,4,10,19,17,10,4,10,10,10,10,4,10,10,10,
10,10,12,10,10,10,14,15,16,13,12,1,2,3,3,10,4,10,10,10,10,10,10,5,11,11,10,10,10,10,7,6,8,9,9,4,10,4,10,10,10,10,10,4,
1,2,18,
1,2,2,20,18,20,
4,20,3,3,20,4,4,4,4,4,4,1,2,2,18,4,4,4,20,20,
18,20,1,2,2,20,
1,2,2,20,18,20,
1,2,2,20,3,3,20,4,18,4,
10,10,10,10,10,17,19,10,10,10,10,10,10,10,10,10,10,10,10,10,10,10,1,2,2,20,10,3,3,20,4,10,4,4,5,6,7,8,9,9,4,10,10,
1,2,2,20,18,20,
1,2,18,
1,2,2,20,18,20,
1,2,18,
1,2,18,
3,3,4,4,10,19,17,10,4,5,6,7,8,9,9,4,10,17,6,8,9,9,10,10,10,4,4,4,4,1,2,
10,12,10,1,2,3,3,22,22,22,22,22,22,22,22,22,22,4,22,4,22,12,12,4,10,12,11,11,10,22,5,7,6,15,14,13,16,12,8,9,9,4,
1,2,18,
4,5,7,6,8,9,9,4,10,10,17,6,8,9,9,10,10,17,6,8,9,9,10,10,17,19,10,10,1,2,3,3,
1,2,18,
1,2,2,20,18,20,
1,2,18,
4,4,4,4,4,4,4,1,2,4,4,3,3,18,4,
20,18,20,1,2,2,
20,3,3,20,4,4,4,4,4,18,4,1,2,2,
1,2,18,
10,19,17,10,1,2,2,4,4,4,4,4,10,10,4,4,10,10,10,20,10,10,3,3,20,4,4,10,5,7,6,8,9,9,4,10,10,10,10,
1,2,3,3,4,4,4,5,7,6,8,9,9,4,10,11,11,10,12,4,4,18,21,12,10,10,
4,4,4,4,4,4,4,4,1,2,4,3,3,4,4,4,4,4,4,4,4,4,4,19,4,4,4,4,4,4,
22,10,10,15,14,16,13,12,12,12,22,6,17,8,9,9,10,10,10,10,10,10,22,10,10,1,2,3,3,10,10,10,22,10,11,11,10,10,22,10,22,22,22,22,22,22,4,10,12,10,5,6,7,8,9,9,4,10,10,12,10,6,17,8,9,9,10,10,10,22,22,22,22,10,10,22,10,10,22,10,
1,2,18,
22,22,12,12,22,10,10,22,22,10,22,10,12,22,22,1,2,3,3,4,22,22,22,22,22,12,12,17,19,22,22,5,22,22,22,22,12,6,7,8,9,9,4,10,17,6,8,9,9,10,10,11,11,10,
20,18,20,1,2,2,
1,2,18,
1,2,3,3,4,10,10,5,10,7,6,8,9,9,4,10,19,17,10,10,
4,12,12,12,4,18,21,12,5,6,7,8,9,9,4,10,10,1,2,3,3,10,10,11,11,10,10,10,10,4,
1,2,18,
1,2,18,
4,4,18,4,1,2,3,3,4,
1,2,2,20,20,4,19,4,20,20,20,20,4,20,3,3,20,4,20,20,
4,1,2,2,4,4,18,4,20,20,3,3,20,4,4,20,4,4,
5,7,6,8,9,9,4,10,10,10,10,10,19,17,10,10,10,10,10,10,10,4,4,1,2,3,3,4,
1,2,2,22,22,12,12,4,22,4,12,10,11,11,10,22,22,12,12,12,12,12,22,22,12,12,22,12,22,12,12,22,22,22,22,22,22,20,22,3,3,20,21,18,12,4,4,4,12,22,4,22,22,5,22,22,22,22,22,6,7,8,9,9,4,4,12,10,12,12,10,
1,2,18,
4,1,2,3,3,4,4,5,6,7,8,9,9,4,10,17,19,10,
1,2,2,20,18,20,
4,10,10,10,4,17,6,8,9,9,10,10,10,10,10,4,10,10,4,10,4,1,2,2,10,10,10,4,10,10,10,10,4,10,10,10,4,10,10,10,10,10,10,10,10,10,17,6,8,9,9,10,10,10,10,10,10,10,10,17,6,8,9,9,10,4,10,10,10,10,20,10,10,4,10,10,4,10,17,19,10,5,10,10,10,20,10,20,10,10,3,3,20,10,10,6,7,8,9,9,4,10,10,10,10,10,10,10,10,
22,22,1,2,22,3,3,22,22,4,17,6,8,9,9,22,22,22,4,4,5,12,12,12,22,6,7,8,9,9,4,10,11,11,10,13,14,16,15,12,10,10,10,22,10,10,10,12,22,11,11,22,
10,17,19,10,1,2,3,3,4,4,5,7,6,8,9,9,4,10,10,4,10,4,4,4,4,10,4,4,4,4,
10,11,11,10,1,2,12,3,3,4,22,4,4,5,6,7,8,9,9,4,12,15,14,13,16,12,22,22,12,22,12,12,12,12,12,22,22,12,12,12,22,22,22,22,22,12,
4,1,2,2,10,10,10,5,7,6,8,9,9,4,19,17,10,20,3,3,20,
10,11,11,10,5,6,7,8,9,9,4,10,10,12,12,12,1,2,3,3,12,10,22,10,22,10,10,21,18,12,22,4,22,22,22,22,
20,18,20,20,1,2,2,20,
10,4,10,4,5,19,17,10,7,6,8,9,9,4,1,2,4,3,3,10,
4,4,4,4,4,4,4,4,4,4,4,4,4,4,4,20,4,4,4,3,3,20,4,4,20,4,4,4,4,4,4,4,4,4,4,4,4,4,4,4,4,19,4,4,20,4,1,2,2,4,4,
1,2,2,20,3,3,20,4,5,6,7,8,9,9,4,10,17,19,10,
4,10,1,2,2,10,5,20,10,10,6,7,8,9,9,4,10,10,4,10,3,3,20,10,4,10,10,10,19,17,10,
1,2,2,4,20,4,3,3,20,4,4,4,18,4,
1,2,2,20,20,20,18,20,
4,4,4,4,4,4,4,4,4,4,4,1,2,2,20,4,20,4,4,4,4,20,4,4,3,3,20,4,4,4,4,4,4,4,4,4,19,4,4,4,4,4,4,4,4,4,4,
4,4,5,12,12,4,6,7,8,9,9,4,10,20,15,13,14,16,12,3,3,20,10,10,11,11,10,1,2,2,12,
10,10,10,20,3,3,20,10,10,10,1,2,2,12,10,4,10,5,11,11,10,10,10,7,6,8,9,9,4,10,4,14,15,16,13,12,4,
1,2,18,
20,18,20,1,2,2,
4,4,20,4,18,4,1,2,2,20,20,20,20,4,4,3,3,20,
20,1,2,2,18,20,
22,4,4,4,4,22,5,12,12,22,6,7,8,9,9,4,10,10,10,10,12,12,12,22,22,12,22,22,12,22,22,22,22,22,1,2,12,3,3,12,22,12,12,22,4,15,16,14,13,12,10,11,11,10,
4,5,6,7,8,9,9,4,4,4,4,4,1,2,3,3,10,21,18,10,
10,10,12,12,20,3,3,20,1,2,2,4,10,11,11,10,12,4,4,5,18,21,12,6,7,8,9,9,4,
1,2,18,
4,18,4,1,2,3,3,
3,3,4,5,6,7,8,9,9,4,15,14,16,13,12,12,12,12,12,10,12,11,11,10,1,2,
1,2,18,
1,2,18,
22,22,4,10,22,22,12,10,22,22,12,12,12,5,22,22,22,15,14,16,13,12,6,7,8,9,9,4,12,22,1,2,10,3,3,11,11,10,22,22,12,22,22,22,22,10,22,22,12,12,22,10,12,22,22,12,12,22,
22,6,17,8,9,9,22,22,17,6,8,9,9,22,12,12,22,22,10,11,11,10,22,11,11,22,12,1,2,3,3,4,5,6,7,8,9,9,4,10,12,10,15,13,14,16,12,
1,2,2,20,20,20,3,3,20,4,18,4,
1,2,2,20,3,3,20,4,5,7,6,8,9,9,4,10,12,14,15,16,13,12,12,10,10,10,12,12,10,11,11,10,12,
1,2,18,
1,2,18,
10,10,10,12,4,10,10,10,17,6,8,9,9,10,10,10,10,5,10,10,10,7,6,8,9,9,4,10,10,10,10,10,11,11,10,22,22,10,22,22,22,10,10,10,10,16,14,13,15,12,10,12,12,22,12,1,2,22,3,3,10,
1,2,2,20,18,20,
22,22,22,22,22,22,22,22,6,17,8,9,9,22,12,22,12,22,11,11,22,1,2,3,3,4,12,22,22,22,22,22,22,22,12,12,17,6,8,9,9,22,22,22,19,17,22,10,11,11,10,5,7,6,8,9,9,4,10,22,6,17,8,9,9,10,10,12,10,10,10,22,10,10,12,10,22,22,10,10,10,22,10,10,22,22,22,22,22,22,
1,2,18,
1,2,18,
4,1,2,3,3,4,4,18,4,4,4,
22,22,22,12,15,16,14,13,12,4,4,4,1,2,3,3,5,22,7,6,8,9,9,4,22,12,12,10,11,11,10,12,22,22,12,12,
1,2,18,
1,2,18,
12,4,5,20,18,21,12,3,3,20,6,7,8,9,9,4,10,10,1,2,2,4,10,10,4,10,11,11,10,10,10,
1,2,18,
10,10,1,2,10,10,3,3,4,10,10,5,10,10,10,7,6,8,9,9,4,10,10,10,10,10,10,10,10,6,17,8,9,9,10,10,10,10,10,10,10,17,19,10,
1,2,18,
12,10,10,10,10,10,11,11,10,15,14,16,13,12,1,2,3,3,4,5,6,7,8,9,9,4,
20,18,20,1,2,2,
10,10,10,10,10,4,10,4,10,11,11,10,4,4,10,10,4,10,10,12,15,13,14,16,12,10,10,4,5,4,6,7,8,9,9,4,1,2,3,3,4,4,
4,5,6,7,8,9,9,4,12,12,12,22,22,12,22,10,11,11,10,15,14,13,16,12,1,2,3,3,
10,12,4,1,2,3,3,5,10,6,7,8,9,9,4,10,6,17,8,9,9,10,10,10,10,10,10,11,11,10,12,12,12,12,12,12,10,10,15,13,14,16,12,
1,2,2,20,20,20,18,20,
22,22,6,17,8,9,9,22,22,5,12,6,7,8,9,9,4,22,22,22,10,10,22,22,12,12,10,4,4,22,22,22,22,22,22,22,22,10,22,1,2,2,4,4,10,11,11,10,12,22,11,11,22,10,20,14,15,16,13,12,3,3,20,10,4,22,4,12,12,12,4,
1,2,2,20,18,20,
19,4,4,4,4,1,2,3,3,
1,2,18,
12,22,5,22,12,7,6,8,9,9,4,10,22,22,22,10,10,22,4,22,22,22,4,22,22,1,2,2,4,22,22,22,22,22,10,11,11,10,12,12,22,22,22,15,14,16,13,12,20,3,3,20,22,22,22,22,22,4,4,22,10,
4,10,10,5,10,11,11,10,6,7,8,9,9,1,2,4,10,3,3,4,4,12,6,17,8,9,9,10,10,17,6,8,9,9,10,10,21,18,12,4,4,10,
1,2,18,
20,3,3,20,1,2,2,4,10,19,17,20,5,10,20,6,7,8,9,9,4,10,10,10,10,10,
23,18,23,1,2,2,23,23,
22,4,5,6,7,8,9,9,4,10,10,12,12,10,12,10,10,10,12,12,15,14,16,13,12,10,11,11,10,4,4,12,22,22,1,2,3,3,
1,2,18,
4,4,1,2,3,3,4,19,
1,2,18,
10,10,10,10,1,2,3,3,10,10,4,10,10,5,10,10,7,6,10,19,17,8,9,9,4,10,10,
10,10,10,10,10,10,10,10,10,1,2,3,3,10,10,10,10,10,10,17,19,4,10,5,10,6,7,8,9,9,4,
4,4,4,4,4,5,7,6,8,9,9,4,1,2,3,3,10,17,19,10,
1,2,2,20,18,20,
18,4,1,2,3,3,4,
10,11,11,10,14,16,15,13,12,5,6,7,8,9,9,4,10,10,10,10,1,2,12,3,3,4,
18,1,2,
1,2,2,20,18,20,
1,2,2,20,18,20,
1,2,18,
10,11,11,10,12,1,2,2,20,3,3,20,21,18,12,4,5,6,7,8,9,9,4,
1,2,2,20,18,20,
4,18,4,1,2,3,3,4,4,
10,4,4,4,4,4,4,10,10,4,4,4,4,4,4,4,4,4,4,4,10,11,11,10,12,21,18,12,4,4,4,4,4,5,4,7,6,8,9,9,4,10,1,2,3,3,
1,2,2,20,18,20,
10,1,2,2,10,12,20,10,10,3,3,20,4,10,10,10,18,21,12,5,7,6,8,9,9,4,10,17,6,8,9,9,10,10,10,11,11,10,
1,2,18,
10,22,22,15,16,14,13,22,10,12,6,17,8,9,9,10,10,10,22,10,10,10,22,11,11,10,22,22,1,2,2,22,20,10,3,3,20,4,10,12,12,10,10,5,6,7,8,9,9,4,10,10,10,
4,4,4,19,4,4,4,4,4,1,2,3,3,
1,2,3,3,4,22,5,12,12,6,7,8,9,9,4,12,10,11,11,10,15,13,14,16,12,12,22,22,
1,2,18,
1,2,2,20,18,20,
8,9,9,4,10,10,1,2,2,10,10,20,10,10,11,11,10,3,3,20,4,4,10,10,10,10,18,21,12,4,10,10,10,12,10,10,10,10,5,10,17,6,8,9,9,10,10,10,7,6,
4,4,4,4,1,2,3,3,4,4,19,4,4,4,
4,22,22,5,6,7,8,9,9,4,22,22,22,12,15,13,14,16,12,12,12,1,2,10,3,3,11,11,10,22,12,22,
11,11,10,6,7,22,8,9,9,4,10,17,6,8,9,9,10,15,16,13,14,12,12,12,12,22,22,22,22,22,22,12,12,22,22,1,2,3,3,4,10,10,12,12,22,5,10,
20,18,20,1,2,2,
20,18,20,1,2,2,
1,2,2,20,18,20,
1,2,18,
10,10,4,4,10,4,4,10,10,10,4,4,1,2,3,3,4,4,4,4,4,4,10,10,4,10,10,5,10,7,6,8,9,9,4,4,4,4,4,10,10,10,10,17,19,4,10,4,10,4,4,
1,2,18,
10,22,22,22,10,12,12,10,10,10,10,10,10,22,22,10,12,1,2,10,3,3,4,10,18,21,22,5,6,7,8,9,9,10,4,22,11,11,10,12,12,22,10,
1,2,18,
12,10,21,18,12,4,10,11,11,10,5,1,2,2,6,7,8,9,9,4,20,10,3,3,20,6,17,8,9,9,10,10,
10,10,10,10,10,10,4,10,10,10,10,10,10,10,5,6,7,8,9,9,4,10,10,10,10,10,10,10,10,20,3,3,20,1,2,2,10,10,10,17,19,10,10,10,10,10,10,10,
1,2,18,
22,22,4,12,10,22,5,22,10,22,22,22,7,6,8,9,9,4,22,22,22,12,22,15,14,16,13,12,10,10,11,11,10,10,22,22,22,22,22,22,12,12,1,2,3,3,
1,2,2,20,18,20,
1,2,18,
12,1,2,3,3,4,5,7,6,8,9,9,4,10,10,15,14,16,13,12,10,11,11,10,
1,2,18,
4,10,10,10,10,4,4,4,5,4,4,6,7,8,9,9,4,10,10,10,10,11,11,10,1,2,3,3,10,10,12,10,14,15,16,13,12,4,4,4,
1,2,18,
12,1,2,3,3,15,13,14,16,12,4,5,10,7,6,8,9,9,4,10,10,11,11,10,12,12,22,22,22,22,22,12,22,22,
1,2,2,20,18,20,
20,18,20,1,2,2,
10,10,10,10,1,2,3,3,10,4,10,10,10,10,10,10,10,10,10,10,10,10,10,5,6,7,8,9,9,4,10,10,10,10,10,10,19,17,10,10,10,
1,2,18,
1,2,18,
1,2,18,
4,4,4,4,4,18,4,20,3,3,20,1,2,2,
4,4,4,4,4,4,12,4,4,4,20,3,3,20,5,4,4,4,4,4,7,6,8,9,9,4,4,10,4,4,18,21,12,12,12,1,2,2,4,4,10,11,11,10,10,4,4,4,4,4,4,
1,2,18,
20,18,20,1,2,2,
20,20,20,20,20,18,20,1,2,2,
20,18,20,1,2,2,
1,2,2,20,18,20,
1,2,18,
10,10,4,5,6,7,8,9,9,4,12,1,2,3,3,16,14,13,15,12,10,11,11,10,
1,2,2,20,18,20,
5,6,7,8,9,9,4,10,10,10,10,10,10,10,11,11,10,10,12,15,13,14,16,12,10,10,12,10,10,10,10,6,17,8,9,9,10,10,10,10,10,1,2,2,20,3,3,20,4,12,
1,2,2,20,18,20,
1,2,18,
1,2,18,
1,2,2,20,18,20,
1,2,18,
22,22,22,12,22,22,22,15,13,16,14,12,22,10,22,11,11,10,12,22,22,22,22,22,22,1,2,3,3,22,4,22,5,22,6,7,8,9,9,4,10,10,22,22,22,22,12,12,
20,1,2,2,18,20,
1,2,18,
1,2,18,
20,3,3,20,4,19,4,1,2,2,
22,11,11,10,5,22,22,22,12,6,7,8,9,9,4,10,6,17,8,9,9,10,10,12,12,10,12,22,22,22,22,15,16,14,13,12,22,12,12,22,22,12,12,22,12,22,22,22,22,22,22,22,22,22,12,12,22,22,22,22,22,12,1,2,2,22,22,22,20,22,3,3,20,4,22,12,12,22,22,22,22,22,22,12,10,22,
20,18,20,1,2,2,
1,2,3,3,4,18,4,
1,2,18,
10,10,10,4,10,4,1,2,3,3,4,4,4,4,4,12,10,11,11,10,5,10,6,7,8,9,9,4,10,12,15,14,16,13,12,10,12,10,
4,1,2,3,3,18,4,4,4,
1,2,2,20,18,20,
1,2,18,
22,12,12,10,10,22,22,15,16,14,13,12,22,1,2,3,3,4,5,12,12,10,11,11,10,22,12,12,7,6,8,9,9,4,
10,10,1,2,10,3,3,4,10,10,10,10,10,10,4,10,4,10,10,10,5,6,7,8,9,9,4,10,17,6,8,9,9,10,10,10,10,10,10,10,10,10,10,10,10,10,10,19,17,10,10,10,10,10,
1,2,2,4,10,20,10,5,10,11,11,10,10,7,6,8,9,9,4,13,15,16,14,12,10,10,6,17,8,9,9,10,3,3,20,10,4,4,10,4,4,4,4,4,4,12,10,10,10,10,10,17,6,8,9,9,10,10,10,
10,1,2,3,3,4,22,22,10,22,11,11,10,10,22,4,4,5,10,6,7,8,9,9,4,12,10,22,22,18,21,12,10,10,10,10,10,22,22,22,22,12,12,12,10,22,22,22,
1,2,18,
1,2,18,
10,4,4,10,4,10,5,6,7,8,9,9,4,10,6,17,8,9,9,10,1,2,3,3,10,4,10,10,10,4,4,4,4,4,4,4,10,17,19,10,10,10,10,17,6,8,9,9,10,10,10,
10,10,10,1,2,3,3,4,10,10,5,6,7,8,9,9,4,10,19,17,10,10,10,10,10,10,10,10,10,
4,4,4,4,4,4,4,4,18,4,4,4,1,2,3,3,4,4,4,4,4,
1,2,18,
6,7,8,9,9,4,12,12,10,6,17,8,9,9,10,12,4,22,22,22,4,22,12,22,4,4,22,10,11,11,10,12,4,4,17,6,8,9,9,12,22,14,15,16,13,22,4,12,22,22,22,22,22,22,22,22,1,2,3,3,4,4,22,22,4,5,22,22,4,22,
4,4,4,4,4,4,4,4,4,4,4,4,4,4,4,4,4,4,4,4,4,4,4,4,4,4,4,4,4,4,4,4,4,4,4,19,4,4,4,4,4,1,2,3,3,4,4,4,4,4,4,4,
1,2,18,
4,10,10,5,10,6,7,8,9,9,4,12,12,22,22,22,22,22,10,11,11,10,12,20,3,3,20,12,10,16,14,13,15,12,1,2,2,
1,2,2,20,18,20,
1,2,2,4,18,4,20,3,3,20,
4,4,1,2,3,3,4,4,4,4,4,4,4,4,19,4,4,4,4,4,
1,2,3,3,4,18,4,
4,18,4,1,2,2,4,4,4,20,3,3,20,4,
1,2,18,
1,2,2,20,18,20,
1,2,2,20,18,20,
1,2,18,
1,2,18,
4,4,4,4,1,2,3,3,18,4,4,4,4,4,4,4,4,4,4,4,4,
19,4,1,2,3,3,4,
1,2,2,20,20,20,18,20,
1,2,18,
1,2,18,
1,2,2,20,18,20,
10,17,19,10,1,2,2,10,20,3,3,20,4,10,10,5,6,7,8,9,9,4,10,10,10,
1,2,18,
10,10,5,6,7,8,9,9,4,10,10,10,17,19,10,1,2,3,3,4,
1,2,18,
1,2,18,
1,2,18,
1,2,18,
1,2,18,
1,2,18,
1,2,18,
20,18,20,1,2,2,
4,18,4,1,2,3,3,
3,3,20,4,10,10,5,12,7,6,8,9,9,4,12,10,10,12,10,21,18,12,10,10,10,10,10,6,17,8,9,9,10,6,17,8,9,9,10,10,11,11,10,1,2,2,20,
1,2,18,
20,18,20,1,2,2,
4,5,6,7,8,9,9,4,10,6,17,8,9,9,10,10,12,10,10,10,10,11,11,10,10,17,6,8,9,9,10,10,10,15,13,16,14,12,10,10,10,10,1,2,3,3,
23,23,23,20,20,20,20,20,20,20,18,20,23,23,20,20,23,23,23,23,23,20,20,20,20,20,20,20,20,20,20,20,20,20,20,20,20,20,20,1,2,2,20,23,20,20,23,23,23,23,23,
18,1,2,
10,1,2,3,3,10,17,19,10,4,5,7,6,8,9,9,4,10,
1,2,18,
12,22,22,22,12,22,10,10,14,15,13,16,12,1,2,3,3,22,22,22,10,22,4,22,22,10,22,5,22,22,12,12,6,7,8,9,9,4,10,10,22,22,10,11,11,10,22,22,
1,2,18,
1,2,18,
1,2,18,
20,18,20,1,2,2,
1,2,18,
20,20,1,2,2,20,3,3,20,4,5,18,4,
1,2,3,3,4,18,4,
1,2,2,20,18,20,
1,2,2,20,18,20,
1,2,18,
1,2,3,3,4,19,4,
1,2,18,
1,2,18,
1,2,18,
10,10,10,10,10,10,1,2,2,10,10,10,20,6,17,8,9,9,10,10,10,20,20,3,3,20,4,10,5,10,6,7,8,9,9,4,10,10,10,10,19,17,10,10,10,10,10,
4,19,4,4,4,1,2,3,3,4,4,
4,4,5,20,7,6,8,9,9,4,10,3,3,20,10,1,2,2,10,4,19,17,10,4,4,
20,18,20,1,2,2,
4,3,3,20,18,4,20,4,4,1,2,2,20,20,
22,22,22,22,22,12,12,10,10,10,11,11,10,15,14,16,13,12,1,2,3,3,4,5,10,22,22,10,7,6,8,9,9,4,10,10,12,12,
20,18,20,1,2,2,
1,2,2,20,18,20,
1,2,3,3,4,5,10,6,7,8,9,9,4,10,6,17,8,9,9,10,10,12,10,10,10,10,10,10,12,12,10,10,10,10,10,10,10,13,16,14,15,12,10,10,11,11,10,
1,2,18,
1,2,3,3,4,10,10,5,12,10,10,6,7,8,9,9,4,10,12,12,10,14,15,13,16,12,10,11,11,10,
4,4,4,4,4,4,4,4,4,4,4,4,4,4,1,2,3,3,4,4,4,4,4,4,4,19,4,4,4,4,4,4,4,4,
22,6,7,8,9,9,4,4,4,22,4,20,3,3,20,12,12,12,12,12,10,11,11,10,1,2,2,18,21,12,22,22,22,4,4,4,4,4,4,4,10,10,4,4,4,4,4,4,12,4,5,
18,20,1,2,2,20,
1,2,18,
4,12,5,6,7,8,9,9,4,10,18,21,12,10,10,10,10,11,11,10,1,2,3,3,
1,2,18,
1,2,2,20,10,20,20,10,11,11,10,17,6,8,9,9,10,10,10,3,3,20,4,5,6,7,8,9,9,4,10,10,13,15,14,16,12,12,
1,2,2,20,3,3,20,4,4,4,4,18,4,4,4,4,4,4,4,4,
1,2,2,20,18,20,
4,4,4,1,2,2,4,4,4,4,4,4,4,4,4,4,4,4,3,3,20,4,4,4,4,4,4,20,4,19,4,4,4,4,4,
12,1,2,2,20,12,12,20,20,3,3,20,4,5,16,15,13,14,7,6,8,9,9,4,12,10,10,10,11,11,10,
22,22,22,10,11,11,10,22,22,22,22,22,22,22,22,22,22,22,22,22,22,1,2,3,3,22,17,19,22,22,22,4,12,4,4,5,22,22,22,22,22,22,22,6,7,8,9,9,4,22,12,12,22,22,12,12,22,
20,20,20,18,20,1,2,2,
1,2,18,
4,22,13,15,14,16,12,22,12,5,22,12,12,6,7,8,9,9,4,22,22,10,11,11,10,22,1,2,3,3,22,22,10,22,10,4,4,12,10,10,12,12,
6,7,8,9,9,4,10,11,11,10,12,14,15,13,16,12,1,2,3,3,4,5,
10,10,4,5,7,6,8,9,9,4,10,10,10,19,17,10,1,2,3,3,
1,2,3,3,4,15,14,16,13,12,5,7,6,8,9,9,4,12,10,11,11,10,
1,2,2,10,17,19,10,20,4,3,3,20,5,7,6,8,9,9,4,
10,10,10,10,10,10,1,2,2,20,3,3,20,4,5,10,10,7,6,8,9,9,4,10,10,10,10,10,19,17,10,10,
1,2,3,3,4,4,4,19,4,4,4,4,4,
4,4,4,4,4,4,4,4,4,1,2,4,3,3,4,4,4,4,4,4,4,4,4,4,4,4,4,4,4,4,4,4,4,4,4,4,4,4,19,4,4,4,4,4,
17,6,8,9,9,10,10,10,10,10,6,17,8,9,9,12,22,15,16,13,14,22,12,12,22,22,22,22,1,2,22,4,3,3,4,4,4,22,10,4,22,4,12,10,4,4,12,4,5,10,11,11,10,7,6,8,9,9,4,10,
1,2,18,
1,2,18,
20,18,20,1,2,2,
5,7,6,8,9,9,4,10,11,11,10,12,1,2,3,3,14,15,16,13,12,4,
1,2,18,
20,18,20,1,2,2,
1,2,18,
22,22,22,22,10,22,11,11,10,12,22,12,10,14,15,16,13,12,1,2,3,3,4,22,22,22,12,12,5,10,22,12,22,12,7,6,8,9,9,4,10,22,22,12,10,22,10,10,22,22,22,12,22,17,6,8,9,9,10,10,17,6,8,9,9,10,10,22,10,22,22,10,
1,2,2,20,18,20,
10,15,14,13,16,12,10,22,22,22,22,12,12,12,1,2,3,3,4,5,6,7,8,9,9,4,10,11,11,10,22,12,
1,2,18,
4,5,12,6,7,8,9,9,4,1,2,3,3,21,18,12,10,11,11,10,
5,7,6,8,9,9,4,10,10,4,4,10,10,10,10,10,4,4,10,4,10,4,1,2,2,10,10,10,10,10,10,19,17,20,3,3,20,10,4,10,
4,19,4,4,4,1,2,3,3,
1,2,18,
1,2,2,20,18,20,
22,22,22,22,22,22,12,22,22,10,11,11,10,12,22,22,4,22,22,22,22,5,6,7,8,9,9,4,10,10,22,22,22,22,22,15,13,14,16,12,22,22,22,22,22,1,2,3,3,12,12,22,
18,4,4,1,2,2,20,3,3,20,
22,12,22,22,10,22,22,22,22,22,10,22,22,22,22,22,22,12,22,4,4,12,4,22,4,22,22,22,22,22,4,4,22,22,22,22,22,12,12,10,11,11,10,22,22,4,22,22,22,22,22,10,22,12,22,5,10,15,14,13,16,12,22,22,6,7,8,9,9,4,22,22,12,12,22,22,22,22,22,12,12,22,22,22,22,22,22,22,22,22,1,2,22,3,3,22,
1,2,18,
1,2,18,
1,2,2,20,18,20,
4,1,2,2,4,4,4,4,4,4,4,4,19,20,3,3,20,
4,1,2,3,3,18,4,
18,20,1,2,2,20,
17,19,10,10,10,10,10,10,10,10,4,4,10,4,4,10,10,10,4,10,10,10,10,4,10,10,10,10,10,10,4,10,10,10,10,5,10,6,7,8,9,9,4,10,10,1,2,2,17,6,8,9,9,10,10,10,10,10,10,10,10,10,10,10,10,10,17,6,8,9,9,10,10,20,10,10,10,10,3,3,20,
1,2,2,20,20,20,18,20,
1,2,2,20,3,3,20,4,18,4,
4,19,4,1,2,3,3,4,4,4,4,4,4,4,4,4,4,
10,10,1,2,19,17,10,3,3,10,10,10,4,10,5,10,7,6,8,9,9,4,10,10,10,10,
10,10,10,10,10,17,19,1,2,3,3,4,10,5,10,7,6,8,9,9,4,10,10,10,10,
1,2,18,
1,2,18,
1,2,18,
1,2,3,3,18,4,4,
4,1,2,3,3,12,10,5,11,11,10,7,6,8,9,9,4,10,10,12,12,15,16,13,14,12,
4,4,5,4,1,2,2,4,6,7,8,9,9,4,10,17,19,10,20,3,3,20,10,10,4,
22,22,22,17,19,22,1,2,3,3,12,4,12,12,12,5,6,7,8,9,9,4,10,11,11,10,22,22,22,12,17,6,8,9,9,22,
4,5,6,7,8,9,9,4,10,10,10,19,17,10,1,2,3,3,4,10,10,10,10,4,4,4,
1,2,18,
1,2,2,20,18,20,
1,2,18,
4,4,4,4,4,4,4,4,4,4,4,4,1,2,3,3,4,4,4,4,19,4,4,4,4,4,4,4,4,4,4,4,4,4,
1,2,18,
4,18,4,20,3,3,20,1,2,2,
20,18,20,1,2,2,
7,6,8,9,9,4,10,21,18,10,4,1,2,3,3,5,
1,2,2,20,20,20,18,20,
10,10,11,11,10,5,6,7,8,9,9,4,10,10,10,10,1,2,10,3,3,10,12,10,10,10,10,10,10,4,21,18,12,10,
1,2,18,
1,2,2,20,18,20,
1,2,18,
23,23,23,18,23,23,23,1,2,2,23,23,
1,2,18,
10,10,4,10,4,5,10,7,6,8,9,9,4,10,10,10,15,13,14,16,12,4,10,10,17,6,8,9,9,10,10,10,10,11,11,10,10,10,4,4,10,10,1,2,3,3,10,10,12,
4,4,4,5,19,4,20,3,3,20,4,4,4,4,4,1,2,2,4,
1,2,18,
1,2,2,20,18,20,20,20,
22,22,22,5,6,7,8,9,9,4,22,22,22,10,22,22,10,11,11,10,10,22,22,22,22,4,4,1,2,3,3,12,22,22,22,22,22,15,14,13,16,12,4,12,4,22,22,12,12,22,22,22,4,22,4,4,
1,2,18,
1,2,18,
1,2,18,
1,2,18,
3,3,20,4,5,18,4,1,2,2,20,
1,2,2,4,20,18,4,3,3,20,
10,10,10,10,10,10,1,2,3,3,4,5,6,7,8,9,9,4,10,10,10,10,10,10,17,19,10,10,10,10,10,10,10,
1,2,18,
1,2,3,3,4,5,7,6,8,9,9,4,12,10,18,21,12,11,11,10,
1,2,18,
1,2,18,
1,2,2,20,18,20,
1,2,2,20,18,20,
23,22,12,22,22,22,22,22,14,15,16,13,12,12,22,23,23,22,22,23,23,23,1,2,2,10,10,12,10,4,10,22,22,10,10,22,22,5,22,22,22,22,20,22,7,6,8,9,9,4,10,3,3,11,11,20,10,12,22,22,12,12,12,12,22,12,23,
12,12,22,12,22,22,15,13,14,16,12,10,11,11,10,12,12,12,12,4,1,2,12,3,3,22,22,5,7,6,8,9,9,4,
4,4,5,6,7,8,9,9,4,10,11,11,10,12,12,12,12,12,14,16,15,13,12,12,12,1,2,3,3,4,
1,2,18,
1,2,18,
1,2,18,
4,5,6,7,8,9,9,4,10,10,10,10,12,1,2,3,3,10,11,11,10,10,10,18,21,12,4,4,
4,5,15,14,16,13,12,10,6,7,8,9,9,4,11,11,10,22,22,22,22,12,12,22,22,22,1,2,3,3,12,12,
23,23,23,18,1,2,2,23,
10,10,10,10,10,10,10,4,10,10,10,10,3,3,20,4,10,10,4,4,10,10,1,2,2,10,10,10,19,17,4,4,5,20,7,6,8,9,9,4,20,20,10,4,
1,2,18,
4,12,12,21,18,12,1,2,3,3,5,7,6,8,9,9,4,12,10,11,11,10,
1,2,18,
5,16,15,13,14,12,6,7,8,9,9,4,22,22,22,22,22,12,12,12,22,22,22,12,22,10,11,11,10,22,12,1,2,12,12,3,3,4,22,22,
1,2,18,
1,2,2,20,18,20,
19,4,1,2,3,3,4,4,4,4,4,
10,19,17,10,1,2,3,3,4,5,7,6,8,9,9,4,10,10,
5,10,6,7,8,9,9,4,10,10,10,10,10,1,2,2,20,10,17,19,3,3,20,10,10,10,4,10,
10,11,11,10,12,22,22,22,22,14,15,13,16,12,10,22,12,10,22,4,12,12,12,12,22,5,22,22,22,22,1,2,6,7,8,9,9,4,3,3,10,10,
20,18,20,1,2,2,
10,4,4,4,4,10,10,4,4,10,10,10,10,4,10,4,10,19,17,10,4,10,10,5,4,1,2,3,3,6,7,8,9,9,4,4,10,10,10,10,4,10,4,
20,18,20,1,2,2,
1,2,18,
22,6,7,8,9,9,4,1,2,10,3,3,12,12,10,10,10,10,22,10,10,10,18,21,22,10,10,22,22,10,10,10,10,11,11,10,10,22,4,10,17,6,8,9,9,10,12,10,10,10,5,10,22,22,
12,1,2,3,3,21,18,12,4,5,7,6,8,9,9,4,10,10,10,11,11,10,
4,12,4,10,1,2,3,3,10,10,11,11,10,4,4,4,5,13,14,16,15,12,7,6,8,9,9,4,10,10,12,12,
1,2,18,
1,2,18,
1,2,2,20,18,20,
1,2,18,
1,2,18,
4,1,2,2,20,4,4,3,3,20,18,4,4,4,
18,1,2,
1,2,3,3,4,5,7,6,8,9,9,4,12,10,10,11,11,10,6,17,8,9,9,10,15,16,13,14,12,
1,2,18,
4,4,4,4,4,19,4,1,2,3,3,4,4,
1,2,18,
1,2,18,
1,2,18,
15,14,13,16,12,1,2,3,3,4,5,7,6,8,9,9,4,12,10,11,11,10,
4,4,4,4,4,4,4,4,4,4,4,1,2,2,4,4,4,20,4,4,4,4,3,3,20,18,4,4,4,4,4,4,4,4,4,4,
22,22,22,22,22,6,7,8,9,9,4,12,12,12,4,10,4,11,11,10,10,22,12,22,10,10,4,10,4,12,22,22,10,22,12,6,17,8,9,9,10,22,1,2,3,3,4,14,13,16,15,12,10,5,10,
20,18,20,1,2,2,
3,3,4,19,4,1,2,
1,2,18,
12,12,12,10,11,11,10,1,2,3,3,22,22,22,22,17,6,8,9,9,22,22,22,4,22,22,22,12,22,5,13,15,14,16,12,7,6,8,9,9,4,22,22,22,22,22,22,22,22,22,22,11,11,22,22,22,22,22,
12,10,1,2,11,11,10,3,3,4,13,14,15,16,12,5,7,6,8,9,9,4,
1,2,2,20,18,20,
1,2,18,
12,1,2,2,20,22,3,3,20,4,12,12,12,12,5,6,7,8,9,9,4,22,22,22,12,22,10,11,11,10,12,12,18,21,12,12,12,12,12,
1,2,18,
1,2,2,20,18,20,
10,22,12,12,12,22,22,22,22,1,2,3,3,22,22,22,22,22,22,15,16,13,14,12,22,22,4,22,5,12,10,10,17,6,8,9,9,10,10,10,7,6,8,9,9,4,10,10,22,11,11,10,10,
22,15,14,16,13,22,12,20,22,3,3,20,22,22,22,22,4,22,22,22,22,10,22,11,11,10,22,5,22,22,7,6,8,9,9,4,22,1,2,2,10,10,10,10,12,22,22,22,22,22,12,10,22,22,12,12,22,22,22,22,22,22,22,22,10,22,22,22,22,22,22,22,22,10,22,22,10,22,22,
1,2,18,
3,3,20,4,4,10,10,10,10,10,10,10,10,4,4,4,5,6,7,8,9,9,4,10,10,10,10,10,10,10,10,10,10,10,10,19,17,10,10,10,1,2,2,10,10,10,10,10,20,10,
1,2,3,3,4,4,4,10,5,6,7,8,9,9,4,21,18,10,
4,5,4,22,7,6,8,9,9,4,4,12,12,22,10,11,11,10,10,10,12,12,15,14,16,13,12,22,22,1,2,3,3,22,
20,18,20,1,2,2,
4,5,7,6,8,9,9,4,10,10,10,17,19,10,1,2,3,3,
1,2,18,
1,2,18,
4,4,4,4,1,2,4,3,3,4,10,17,19,10,4,5,4,10,10,7,6,8,9,9,4,4,4,4,
12,12,4,22,22,5,13,14,16,15,12,22,22,6,7,8,9,9,4,10,11,11,10,1,2,3,3,12,12,22,
1,2,18,
10,11,11,10,22,22,22,22,22,22,22,22,22,12,12,12,15,14,16,13,12,4,12,4,4,5,6,7,8,9,9,4,1,2,3,3,22,22,
5,6,7,8,9,9,4,10,17,6,8,9,9,10,10,1,2,2,4,10,12,10,11,11,10,20,3,3,20,15,14,16,13,12,4,4,
22,22,4,4,4,4,4,4,1,2,3,3,6,17,8,9,9,12,22,4,4,22,4,22,4,4,12,5,7,6,8,9,9,4,4,10,22,10,4,22,22,4,4,10,4,22,13,14,15,16,22,10,11,11,10,10,10,4,4,10,4,
12,12,10,12,10,11,11,10,15,16,14,13,12,4,12,12,12,5,7,6,8,9,9,4,1,2,3,3,12,12,12,12,22,22,22,22,22,22,22,12,12,22,10,22,
1,2,2,20,18,20,
4,4,4,4,4,4,4,4,4,4,4,4,4,4,4,20,4,4,4,4,3,3,20,4,19,4,4,4,4,4,4,4,1,2,2,
1,2,2,20,18,20,
10,19,17,10,4,1,2,3,3,5,6,7,8,9,9,4,10,10,10,10,10,10,10,10,
22,12,15,13,14,16,12,12,12,10,11,11,10,4,5,10,12,10,1,2,3,3,6,7,8,9,9,4,22,22,
20,18,20,1,2,2,
4,10,17,19,10,4,4,5,6,7,8,9,9,4,1,2,2,20,3,3,20,
10,10,10,10,4,10,17,19,10,5,10,1,2,6,7,3,3,8,9,9,4,10,
22,10,22,22,10,22,4,12,4,4,22,22,22,22,5,22,12,12,22,6,7,8,9,9,22,4,10,6,17,8,9,9,10,10,10,22,22,22,12,22,12,12,10,22,11,11,10,12,22,16,15,13,14,12,22,12,1,2,22,4,22,3,3,22,22,22,22,4,22,
1,2,10,3,3,10,10,10,10,11,11,10,12,10,10,10,4,10,5,6,7,8,9,9,4,13,14,15,16,12,10,6,17,8,9,9,10,10,10,
1,2,3,3,4,22,11,11,22,5,10,6,7,8,9,9,4,10,10,11,11,10,12,12,12,10,22,10,22,12,15,14,16,13,12,22,22,22,17,6,8,9,9,22,22,22,
12,10,22,12,22,12,15,13,16,14,12,1,2,3,3,12,12,12,12,12,12,22,22,22,4,22,10,4,22,12,4,11,11,10,5,7,6,8,9,9,4,10,10,10,
1,2,2,20,18,20,
7,6,8,9,9,4,10,10,10,10,10,11,11,10,10,10,10,10,1,2,2,20,10,3,3,20,4,5,10,12,18,21,12,
20,18,20,1,2,2,
1,2,18,
1,2,2,20,3,3,20,4,5,10,6,7,11,11,8,9,9,10,4,10,10,12,21,18,12,
1,2,2,20,18,20,
10,10,10,17,6,8,9,9,12,22,14,13,15,16,22,10,10,4,1,2,3,3,4,5,7,6,8,9,9,4,10,17,6,8,9,9,10,10,10,10,10,10,10,4,10,11,11,10,12,10,10,10,
22,4,22,10,17,6,8,9,9,10,5,7,6,8,9,9,4,1,2,3,3,12,22,22,22,15,14,16,13,12,12,12,10,11,11,10,12,22,22,
10,10,10,4,4,5,10,6,7,8,9,9,4,10,10,10,10,10,10,10,10,10,19,17,1,2,3,3,4,10,10,
1,2,18,
22,22,22,22,5,6,7,8,9,9,4,10,10,10,17,6,8,9,9,10,10,10,12,12,22,22,22,22,22,22,12,22,22,22,10,11,11,10,12,12,12,1,2,2,12,20,3,3,20,12,16,14,13,15,12,22,22,4,
20,18,20,1,2,2,
1,2,18,
1,2,18,
10,17,19,10,1,2,3,3,4,5,7,6,8,9,9,4,
1,2,2,20,18,20,
4,4,1,2,4,3,3,4,4,4,4,4,4,4,4,4,4,4,19,4,4,4,
9,9,10,5,10,6,7,22,8,9,9,4,10,11,11,11,11,10,22,22,22,22,10,22,22,22,22,12,22,22,1,2,3,3,22,12,12,12,22,22,15,14,16,13,12,22,4,10,17,6,8,9,9,22,6,17,8,
19,17,10,4,10,10,5,10,10,7,6,10,10,10,8,9,9,4,10,10,6,17,8,9,9,10,1,2,3,3,10,10,10,10,10,10,10,
11,11,10,22,22,5,6,7,8,9,9,4,10,12,22,22,22,22,10,6,17,8,9,9,10,22,22,1,2,2,22,11,11,22,20,3,3,20,10,10,6,17,8,9,9,10,10,10,22,12,17,6,8,9,9,12,15,13,14,16,12,22,22,22,22,4,22,10,
7,6,8,9,9,4,10,10,10,11,11,10,12,22,22,4,22,22,12,12,12,12,13,15,14,16,12,12,22,1,2,3,3,5,
10,10,10,10,10,10,10,10,4,10,10,5,10,10,6,7,8,9,9,4,10,17,19,1,2,3,3,10,10,10,10,
1,2,18,
22,22,22,22,22,22,22,10,10,22,1,2,12,12,3,3,4,12,22,12,22,5,12,22,22,6,7,8,9,9,4,10,10,12,12,14,15,13,16,12,12,12,12,22,22,22,11,11,22,22,22,22,22,22,22,10,22,22,22,6,17,8,9,9,22,22,11,11,10,22,
20,18,20,1,2,2,
12,12,12,22,22,22,22,1,2,22,3,3,22,4,22,5,22,12,6,7,8,9,9,4,22,12,12,22,10,22,15,14,13,16,11,11,10,12,
20,3,3,20,4,4,4,18,4,1,2,2,
20,20,20,1,2,2,18,20,
10,10,10,4,10,4,4,4,4,10,4,4,10,10,4,10,17,19,10,4,4,4,4,4,4,4,4,4,4,20,4,4,3,3,20,4,4,1,2,2,4,5,4,4,4,4,4,4,4,10,4,6,7,8,9,9,4,10,4,10,4,4,4,10,10,4,4,10,10,
4,4,4,4,4,4,4,4,4,4,4,4,4,4,4,10,10,4,4,10,10,4,4,5,4,6,7,8,9,9,4,4,4,1,2,3,3,10,10,17,19,10,4,
1,2,18,
20,18,20,1,2,2,
20,18,20,1,2,2,
1,2,3,3,12,10,11,11,10,15,13,16,14,12,4,5,6,7,8,9,9,4,
1,2,2,20,18,20,
4,18,4,1,2,3,3,
1,2,3,3,12,4,10,11,11,10,15,14,16,13,12,5,6,7,8,9,9,4,10,10,
1,2,10,3,3,10,10,10,4,5,10,6,17,8,9,9,10,10,7,6,8,9,9,4,17,19,10,
1,2,18,
4,18,4,4,4,4,4,4,4,4,4,4,4,1,2,2,4,4,4,4,4,20,3,3,20,20,20,4,4,4,4,4,
15,16,14,13,12,4,4,4,4,5,4,7,6,8,9,9,4,10,10,10,4,11,11,10,4,1,2,3,3,4,4,4,4,4,12,4,4,12,4,12,
12,22,22,4,12,22,10,10,1,2,3,3,5,22,22,7,6,8,9,9,4,22,12,22,12,22,22,22,18,21,12,10,11,11,10,22,4,4,12,12,22,12,12,12,
1,2,3,3,4,10,19,17,10,5,6,7,8,9,9,4,10,6,17,8,9,9,10,
10,10,4,4,10,19,17,10,4,4,20,3,3,20,4,4,1,2,2,20,20,4,4,4,5,6,7,8,9,9,4,
1,2,18,
1,2,18,
1,2,2,20,20,20,18,20,
10,12,22,12,12,22,22,22,22,22,22,4,12,4,22,4,22,4,1,2,4,3,3,4,4,22,10,4,12,4,5,22,4,22,22,22,22,22,11,11,10,22,6,7,8,9,9,4,15,13,14,16,12,4,22,22,12,12,22,22,22,10,22,22,22,22,12,22,12,22,12,12,
10,10,4,10,5,10,6,7,8,9,9,4,12,1,2,2,10,15,13,14,16,12,10,10,20,10,3,3,20,10,11,11,10,
4,4,1,2,3,3,4,4,4,19,4,
1,2,2,4,20,10,10,3,3,20,10,5,17,19,10,6,7,8,9,9,4,10,4,10,4,
18,4,1,2,3,3,4,4,4,4,4,4,4,
4,1,2,3,3,10,11,11,10,22,22,15,16,14,13,22,5,12,22,7,6,8,9,9,4,12,12,22,22,22,12,12,22,4,4,22,22,22,22,22,22,22,22,12,22,22,22,12,12,22,22,22,22,22,22,22,22,12,12,22,22,22,22,22,22,22,22,12,22,12,22,22,22,22,12,22,
1,2,2,20,20,20,18,20,
1,2,2,20,20,20,20,20,18,20,
1,2,18,
1,2,3,3,5,12,7,6,8,9,9,4,22,14,15,16,13,12,4,22,4,22,22,22,10,4,10,4,4,12,12,4,4,4,22,22,10,11,11,10,12,22,22,4,
3,3,5,19,4,4,4,4,4,4,4,4,4,4,4,4,1,2,
1,2,18,
4,4,4,19,4,1,2,3,3,
4,4,10,11,11,10,15,14,13,16,12,5,7,6,8,9,9,4,1,2,3,3,12,4,
3,3,20,10,10,10,4,10,1,2,2,4,5,7,6,8,9,9,4,10,20,10,20,4,4,10,10,10,10,10,19,17,10,10,10,4,10,10,4,6,17,8,9,9,10,10,10,20,4,
1,2,18,
5,4,19,17,10,6,7,8,9,9,4,10,10,10,10,10,1,2,2,20,3,3,20,4,10,4,4,10,4,
1,2,2,18,20,20,
4,4,4,4,4,1,2,2,4,20,4,3,3,20,18,4,
4,4,4,18,4,1,2,3,3,4,4,4,4,4,4,
4,4,4,5,6,7,8,9,9,4,10,10,10,10,12,10,10,11,11,10,10,4,10,10,4,4,1,2,15,14,16,13,12,3,3,4,
1,2,18,
4,19,4,1,2,2,20,3,3,20,
1,2,18,
20,3,3,20,4,4,4,1,2,2,4,4,4,19,4,
22,15,13,14,16,12,22,22,22,22,22,22,22,10,11,11,10,10,4,22,10,5,22,22,7,6,8,9,9,4,10,17,6,8,9,9,10,10,10,12,12,22,22,22,12,12,12,22,22,22,22,12,22,22,22,10,22,22,22,22,10,22,12,22,22,22,1,2,3,3,22,
10,5,6,7,8,9,9,4,10,12,15,13,16,14,12,12,12,10,11,11,10,1,2,3,3,4,
1,2,18,
22,10,22,22,11,11,10,22,1,2,22,3,3,22,22,22,12,22,22,4,22,22,22,5,12,12,6,7,8,9,9,4,10,22,17,6,8,9,9,10,10,6,17,8,9,9,10,12,12,22,12,22,19,17,22,
10,10,11,11,10,6,17,8,9,9,10,10,10,13,15,16,14,12,10,6,17,8,9,9,10,10,1,2,10,3,3,4,4,4,5,7,6,8,9,9,4,12,10,10,
1,2,18,
1,2,3,3,4,18,4,
1,2,3,3,4,19,4,
1,2,18,
1,2,18,
1,2,18,
10,1,2,3,3,10,10,12,10,12,10,11,11,10,10,4,4,15,16,13,14,10,12,10,10,10,10,10,10,6,17,8,9,9,10,10,10,4,10,10,5,12,12,12,7,6,8,9,9,4,10,
1,2,3,3,10,17,19,10,4,5,6,7,8,9,9,4,
12,10,10,12,12,1,2,3,3,4,10,11,11,10,5,7,6,8,9,9,4,18,21,12,
10,19,17,10,10,10,4,5,7,6,8,9,9,4,1,2,3,3,
22,4,22,22,5,12,12,22,6,7,8,9,9,4,12,1,2,12,3,3,22,22,15,16,14,13,12,22,22,22,10,11,11,10,
4,19,4,1,2,3,3,
4,4,4,4,19,1,2,3,3,4,
4,10,10,10,10,21,18,12,5,7,6,8,9,9,4,10,11,11,10,10,10,10,10,10,10,10,10,12,1,2,3,3,
10,1,2,2,10,11,11,10,4,4,10,10,4,12,20,5,3,3,20,6,7,8,9,9,4,10,10,4,13,14,15,16,12,4,10,
1,2,3,3,19,4,4,4,
20,18,20,1,2,2,20,20,
1,2,18,
18,20,1,2,2,20,
1,2,18,
4,5,6,7,8,9,9,4,12,15,16,14,13,12,1,2,3,3,10,11,11,10,
1,2,2,20,18,20,
1,2,18,
1,2,18,
1,2,3,3,4,19,4,
7,6,8,9,9,4,10,10,20,4,3,3,20,4,10,10,4,4,10,4,10,4,4,4,10,10,4,1,2,2,10,4,10,10,10,4,10,17,19,10,10,10,10,4,4,5,
4,4,4,1,2,3,3,4,4,4,4,18,4,
22,22,22,22,22,22,22,22,22,22,22,1,2,3,3,4,22,22,22,22,22,22,22,22,10,22,5,22,22,22,22,22,10,21,18,12,22,22,22,6,7,8,9,9,4,22,22,22,22,10,22,11,11,10,22,12,22,22,22,22,22,22,22,22,22,22,22,22,22,22,22,6,17,8,9,9,22,22,22,22,22,22,22,22,22,22,22,22,22,22,22,22,22,22,22,22,22,22,22,12,12,12,22,22,22,22,22,22,22,22,22,22,22,22,22,22,22,11,11,22,22,22,
20,20,20,18,20,1,2,2,
1,2,18,
1,2,18,
1,2,18,
20,18,20,1,2,2,
3,3,5,10,10,6,7,8,9,9,4,10,17,6,8,9,9,10,10,10,10,10,19,17,10,10,10,10,10,10,4,1,2,
4,10,11,11,10,4,5,4,7,6,8,9,9,4,12,1,2,3,3,15,14,16,13,12,10,10,4,10,10,4,
4,4,4,4,4,1,2,2,4,18,4,20,20,20,3,3,20,4,
1,2,18,
12,1,2,3,3,4,4,4,21,18,12,4,4,10,10,11,11,10,5,6,7,8,9,9,4,10,4,4,
4,22,4,12,12,12,10,11,11,10,12,4,15,13,14,16,12,5,7,6,8,9,9,4,22,22,22,1,2,2,22,20,3,3,20,
7,6,8,9,9,4,10,10,22,22,22,10,1,2,3,3,11,11,10,4,12,12,12,5,13,15,16,14,12,4,4,4,4,4,12,22,22,12,12,4,
1,2,18,
4,4,4,4,4,4,4,4,4,4,4,4,4,4,4,4,1,2,3,3,19,4,4,4,4,4,
1,2,2,20,18,20,
1,2,2,20,18,20,
1,2,2,20,18,20,
4,19,4,1,2,3,3,
18,20,1,2,2,20,
1,2,18,
20,12,12,14,15,16,13,3,3,12,20,4,1,2,2,10,11,11,10,5,12,6,7,8,9,9,4,22,12,22,22,22,22,
20,3,3,20,4,4,4,18,4,1,2,2,
1,2,18,
4,4,4,4,5,6,7,8,9,9,4,10,11,11,10,12,10,4,10,4,10,14,15,13,16,12,10,4,4,4,4,4,4,1,2,3,3,4,4,4,4,4,
1,2,18,
10,11,11,10,14,15,16,13,12,10,10,10,1,2,3,3,10,4,10,10,12,5,6,7,8,9,9,4,10,10,
20,20,20,20,20,18,20,1,2,2,
12,12,12,14,15,13,16,12,1,2,3,3,10,11,11,10,4,4,4,5,7,6,8,9,9,4,10,4,10,4,
10,10,6,7,8,9,9,4,15,14,16,13,12,10,10,10,10,10,10,10,10,10,10,4,4,10,1,2,3,3,10,10,10,4,10,10,10,10,10,11,11,10,12,5,
1,2,18,
1,2,18,
1,2,2,20,18,20,
4,10,10,5,10,6,7,8,9,9,4,4,4,4,4,1,2,3,3,10,10,10,10,10,19,17,10,10,10,10,10,10,10,
5,6,7,8,9,9,4,1,2,3,3,10,11,11,10,10,10,12,15,13,14,16,12,4,
4,4,1,2,3,3,4,4,4,19,4,
1,2,18,
1,2,18,
1,2,18,
19,17,10,4,4,4,20,3,3,20,5,7,6,8,9,9,4,4,4,1,2,2,10,
1,2,18,
6,7,8,9,9,4,10,6,17,8,9,9,10,20,1,2,2,3,3,20,4,10,19,17,10,5,10,10,10,10,
4,20,1,2,2,3,3,20,4,4,4,4,4,4,5,19,4,4,4,
10,19,17,10,4,4,10,10,4,4,20,3,3,20,4,4,1,2,2,4,5,6,7,8,9,9,4,10,10,
20,18,20,1,2,2,
1,2,18,
1,2,3,3,12,4,5,6,7,8,9,9,4,14,16,15,13,12,10,11,11,10,
20,18,20,1,2,2,
1,2,18,
1,2,18,
4,4,18,4,1,2,2,4,4,4,4,20,3,3,20,4,4,4,
1,2,18,
12,12,22,22,22,22,12,12,22,22,22,22,22,22,22,22,22,22,22,22,22,22,22,12,12,22,15,14,13,16,22,12,12,22,12,22,22,4,22,5,22,6,7,8,9,9,4,1,2,3,3,22,22,12,22,22,10,11,11,10,22,22,22,22,
1,2,18,
1,2,3,3,4,4,4,5,6,7,8,9,9,4,10,4,11,11,10,4,4,4,4,12,17,19,12,4,
4,1,2,2,4,4,4,4,4,4,4,4,4,4,4,4,4,4,4,4,4,20,4,19,3,3,20,4,4,4,4,4,4,4,4,
4,4,4,1,2,3,3,4,10,4,10,10,10,5,12,10,11,11,10,7,6,8,9,9,4,10,10,18,21,12,4,4,
1,2,18,
1,2,18,
10,17,6,8,9,9,12,22,14,15,13,16,10,22,4,10,10,5,6,7,8,9,9,4,10,17,6,8,9,9,10,10,10,10,6,17,8,9,9,10,12,1,2,3,3,10,11,11,10,4,4,4,4,4,4,4,12,12,4,4,4,
1,2,2,20,18,20,
4,10,4,10,4,6,7,8,9,9,4,10,4,10,10,1,2,3,3,4,4,4,4,4,19,17,10,5,
16,15,13,14,12,4,4,5,10,11,11,10,6,7,8,9,9,4,1,2,3,3,12,4,
12,10,10,1,2,2,15,13,14,16,12,10,6,17,8,9,9,10,10,10,4,4,4,4,4,10,4,5,4,10,11,11,10,7,6,8,9,9,4,10,10,20,10,3,3,20,
1,2,18,
10,11,11,10,10,10,4,4,4,4,4,12,5,1,2,3,3,7,6,8,9,9,4,12,12,12,12,12,4,4,4,4,12,14,15,13,16,12,4,4,
1,2,3,3,4,4,4,19,4,
4,4,4,4,1,2,3,3,4,4,4,19,4,4,4,
1,2,18,
1,2,10,11,11,10,3,3,12,12,4,4,4,22,12,5,7,6,8,9,9,4,12,18,21,12,22,22,22,22,
10,11,11,10,12,12,4,1,2,3,3,5,12,12,15,16,14,13,12,7,6,8,9,9,4,22,22,22,12,12,4,4,
4,4,4,4,18,4,1,2,2,20,3,3,20,4,
1,2,2,20,18,20,
1,2,18,
4,4,10,11,11,10,5,7,6,8,9,9,4,12,14,13,15,16,12,1,2,3,3,4,
10,11,11,10,12,12,1,2,3,3,4,5,7,6,8,9,9,4,10,22,12,22,15,13,16,14,12,10,22,22,22,10,10,10,10,22,12,22,22,22,
1,2,18,
10,15,16,14,13,12,10,1,2,3,3,4,5,6,7,8,9,9,4,10,11,11,10,12,
22,11,11,22,6,17,8,9,9,12,22,10,22,10,10,10,12,22,22,10,11,11,10,12,15,14,16,13,12,1,2,2,20,22,22,12,22,12,3,3,20,4,22,22,22,5,22,6,7,8,9,9,4,22,
1,2,18,
1,2,2,20,18,20,
10,19,17,10,10,10,10,10,10,4,4,10,4,10,5,7,6,8,9,9,4,1,2,3,3,10,10,
1,2,18,
4,18,4,1,2,3,3,
5,6,7,8,9,9,4,10,10,10,10,12,10,10,10,11,11,10,1,2,3,3,15,13,14,16,12,4,
22,12,10,11,11,10,4,4,12,12,4,20,5,3,3,20,6,7,8,9,9,4,10,12,22,22,22,10,22,22,22,22,4,4,22,14,16,13,15,12,1,2,2,
1,2,3,3,4,12,5,12,12,7,6,8,9,9,4,10,10,10,21,18,12,10,10,11,11,10,
4,1,2,2,4,20,3,3,20,4,18,4,
4,10,22,4,12,12,13,14,16,15,22,1,2,2,4,22,22,12,12,4,4,12,5,22,7,6,8,9,9,4,10,17,6,8,9,9,10,10,10,12,20,3,3,20,10,10,22,10,10,10,10,10,12,12,22,12,12,22,22,22,17,6,8,9,9,10,10,10,10,10,10,10,12,10,10,10,10,11,11,10,10,10,
22,12,12,22,4,22,12,12,10,22,22,10,11,11,10,22,22,22,22,22,22,22,22,22,22,22,22,12,6,17,8,9,9,22,10,12,22,12,12,1,2,22,10,22,22,3,3,22,4,16,13,15,14,4,12,17,6,8,9,9,22,22,12,12,5,6,7,8,9,9,4,22,22,22,22,22,12,10,22,22,22,12,12,22,22,22,22,22,22,10,22,22,12,22,22,22,22,22,12,12,22,22,22,22,22,22,22,22,22,22,4,22,22,12,11,11,22,10,4,
1,2,2,20,20,20,3,3,20,4,4,4,18,4,
10,10,10,10,10,10,1,2,3,3,4,4,4,4,10,4,10,10,17,19,5,6,7,8,9,9,4,10,17,6,8,9,9,10,10,10,10,10,
4,4,4,4,4,4,4,4,4,4,4,4,4,4,4,4,4,4,1,2,2,4,4,4,19,20,3,3,20,4,4,4,4,4,4,
12,12,12,22,22,22,12,22,22,22,15,14,13,16,12,22,22,12,22,12,12,12,12,12,12,12,4,4,5,6,7,8,9,9,4,12,12,12,12,12,22,22,22,12,22,12,12,12,12,1,2,3,3,12,12,12,12,12,12,12,12,12,12,22,12,22,4,10,12,12,12,12,22,22,22,11,11,12,10,12,12,12,12,22,22,12,22,12,
1,2,2,20,18,20,
5,6,7,8,9,9,4,10,10,10,10,10,10,10,10,10,10,10,10,10,10,10,10,10,19,17,10,10,10,1,2,2,10,20,3,3,20,4,
10,6,7,8,9,9,4,10,10,10,10,10,10,10,10,21,18,10,10,10,6,17,8,9,9,10,10,10,10,10,10,10,1,2,3,3,4,5,10,
4,4,4,4,4,1,2,2,19,4,4,4,4,20,3,3,20,4,4,4,4,4,4,4,4,4,4,4,4,4,4,4,
4,4,4,4,1,2,2,20,4,4,3,3,20,4,18,4,
1,2,18,
4,4,4,4,4,4,4,19,4,4,4,1,2,3,3,
10,22,4,12,12,10,5,4,4,22,6,7,8,9,9,4,10,6,17,8,9,9,10,10,10,10,11,11,10,12,4,4,10,10,1,2,3,3,4,4,12,17,6,8,9,9,12,22,22,22,4,15,13,14,16,22,4,22,
4,4,10,10,10,10,10,10,4,4,4,10,10,10,19,17,10,10,4,10,4,5,6,7,8,9,9,4,1,2,2,10,10,20,3,3,20,4,10,4,10,10,10,10,10,10,10,10,10,
5,4,7,6,8,9,9,4,4,15,14,16,13,12,10,11,11,10,1,2,3,3,12,4,
4,18,4,4,4,4,4,4,4,4,4,4,4,4,4,20,1,2,2,3,3,20,4,4,
1,2,2,20,18,20,
1,2,3,3,4,10,17,19,10,5,7,6,8,9,9,4,10,10,10,10,
1,2,2,20,18,20,
1,2,18,
10,11,11,10,12,12,12,1,2,3,3,4,13,14,15,16,12,4,4,5,6,7,8,9,9,4,
10,10,17,6,8,9,9,10,10,4,10,10,4,4,12,12,4,22,22,4,5,4,4,22,6,7,8,9,9,4,10,12,12,4,4,10,12,1,2,2,12,12,10,12,11,11,10,20,3,3,20,15,13,14,16,12,
1,2,2,20,4,3,3,20,4,4,18,4,
15,13,14,16,12,10,11,11,10,1,2,3,3,4,5,7,6,8,9,9,4,12,10,17,6,8,9,9,10,10,10,
1,2,3,3,4,4,4,18,4,
10,17,6,8,9,9,10,10,10,4,4,1,2,3,3,10,10,10,17,19,10,4,4,4,5,6,7,8,9,9,4,10,10,
4,4,12,5,6,7,8,9,9,4,10,10,10,10,10,17,6,8,9,9,10,10,11,11,10,15,14,16,13,12,1,2,3,3,4,
1,2,18,
20,3,3,20,1,2,2,4,4,4,4,4,4,4,4,4,18,4,4,4,
12,5,10,22,22,22,22,6,7,8,9,9,4,22,10,10,10,12,15,13,14,16,12,22,22,22,1,2,10,3,3,11,11,10,22,22,22,22,22,10,10,12,12,10,10,10,12,10,12,12,12,4,
10,10,10,10,10,4,10,10,17,19,10,1,2,3,3,5,6,7,8,9,9,4,10,10,
10,10,10,10,10,10,10,10,1,2,10,3,3,4,4,4,5,6,7,8,9,9,4,10,17,19,10,10,10,10,10,
17,6,8,9,9,10,10,10,10,10,10,10,10,10,10,10,19,17,1,2,3,3,4,10,5,7,6,8,9,9,4,10,
1,2,3,3,4,4,4,19,4,
22,10,22,22,12,22,22,10,10,10,22,22,22,22,22,22,12,12,22,22,12,22,22,22,22,22,12,22,12,12,1,2,12,22,22,3,3,22,4,12,22,22,22,5,6,7,8,9,9,4,12,22,22,12,22,22,12,12,16,14,15,13,12,22,12,22,22,22,22,22,22,22,10,22,11,11,10,22,22,22,22,22,22,22,
1,2,2,20,18,20,
4,19,4,1,2,3,3,
1,2,18,
5,22,17,19,22,7,6,8,9,9,4,12,12,12,4,1,2,3,3,10,11,11,10,4,4,
10,10,15,14,16,13,12,4,4,4,5,10,11,11,10,7,6,8,9,9,4,1,2,3,3,12,
1,2,18,
1,2,2,20,18,20,
1,2,2,20,18,20,
4,4,4,4,4,4,4,4,4,4,4,4,4,1,2,3,3,4,4,4,4,19,4,4,4,4,
22,22,10,11,11,10,22,10,22,22,22,22,10,10,6,17,8,9,9,10,22,10,22,12,12,12,17,6,8,9,9,12,22,10,10,10,16,14,13,15,22,1,2,3,3,4,12,5,22,7,6,8,9,9,4,22,12,12,
1,2,3,3,10,10,10,5,10,6,7,8,9,9,4,10,10,10,10,10,10,10,10,4,10,17,19,4,10,4,10,10,10,
1,2,2,20,18,20,
1,2,2,20,18,20,
1,2,3,3,4,19,4,
22,22,22,22,22,22,4,4,22,4,4,22,22,22,22,22,10,22,4,4,10,22,12,1,2,3,3,4,22,22,22,16,14,13,15,12,12,12,5,10,11,11,10,6,7,8,9,9,4,12,22,22,
15,14,13,16,12,10,10,10,10,1,2,3,3,4,4,4,12,4,4,5,6,7,8,9,9,4,10,11,11,10,
10,17,19,10,5,7,6,8,9,9,4,10,10,1,2,3,3,4,10,10,
12,10,11,11,10,15,14,13,16,12,12,12,22,22,1,2,3,3,4,22,5,7,6,8,9,9,4,12,
6,7,8,9,9,4,10,10,11,11,10,10,12,12,14,15,13,16,12,10,10,22,22,22,22,22,10,1,2,12,12,3,3,4,10,10,10,5,22,22,
1,2,18,
1,2,18,
1,2,18,
12,10,1,2,10,3,3,4,15,16,13,14,12,5,7,6,8,9,9,4,10,6,17,8,9,9,10,10,10,10,11,11,10,
4,4,4,18,4,4,1,2,2,20,4,3,3,20,4,4,
1,2,3,3,4,5,19,4,
4,10,17,19,10,4,4,5,7,6,8,9,9,4,10,10,4,4,1,2,3,3,
1,2,18,
12,1,2,3,3,12,15,16,14,13,12,12,4,10,11,11,10,10,5,7,6,8,9,9,4,10,10,10,4,4,
4,19,4,1,2,3,3,
4,4,4,4,4,4,12,10,10,10,11,11,10,6,17,8,9,9,12,22,15,14,16,13,22,1,2,3,3,4,5,10,6,7,8,9,9,4,10,17,6,8,9,9,10,10,10,10,10,10,
1,2,18,
10,10,17,6,8,9,9,10,10,10,10,10,10,10,10,10,10,10,10,4,10,4,10,10,1,2,10,3,3,10,10,10,10,10,10,10,4,10,10,10,10,4,4,10,10,10,4,4,10,10,10,10,5,10,10,10,7,6,8,9,9,4,10,10,10,10,10,4,10,17,19,10,4,17,6,8,9,9,10,4,4,4,10,10,10,4,10,10,10,10,10,10,10,10,10,
1,2,18,
10,10,10,10,10,10,10,10,10,4,4,10,10,6,17,8,9,9,10,10,10,10,4,10,4,10,10,10,4,10,10,4,10,10,17,6,8,9,9,10,10,10,10,10,10,10,4,10,10,10,10,5,10,10,7,6,8,9,9,4,10,10,10,10,10,10,10,10,20,10,17,19,10,3,3,20,4,4,4,1,2,2,4,10,4,10,10,4,10,10,10,10,
7,6,8,9,9,4,10,10,1,2,2,12,15,14,16,13,12,10,11,11,10,20,3,3,20,4,4,4,5,
1,2,2,20,18,20,
20,1,2,2,18,20,
1,2,2,20,18,20,
1,2,18,
4,18,4,1,2,3,3,
1,2,3,3,10,4,4,4,10,4,4,5,10,17,6,8,9,9,10,6,7,8,9,9,4,10,10,10,10,10,10,10,10,19,17,10,10,
10,10,4,10,4,10,10,4,4,10,10,10,10,10,10,10,10,1,2,3,3,10,4,10,19,17,10,10,4,4,5,10,10,10,7,6,8,9,9,4,10,10,10,
4,1,2,2,18,4,20,3,3,20,
20,18,20,1,2,2,
3,3,4,5,6,7,8,9,9,4,10,11,11,10,12,12,15,14,16,13,12,12,12,12,1,2,
1,2,3,3,4,4,4,19,4,
5,6,7,8,9,9,4,12,10,11,11,10,10,10,15,16,13,14,12,10,10,1,2,3,3,4,
6,17,8,9,9,12,22,4,13,14,16,15,22,5,22,7,6,8,9,9,4,10,22,6,17,8,9,9,10,12,12,22,22,10,22,22,1,2,22,3,3,11,11,10,12,12,
18,20,20,20,1,2,2,20,
12,15,14,16,13,12,12,22,17,6,8,9,9,22,1,2,22,3,3,4,22,5,6,7,8,9,9,4,22,22,22,22,22,11,11,22,10,10,11,11,10,22,12,12,10,22,22,22,22,22,22,10,22,10,10,10,
1,2,2,20,18,20,
1,2,18,
1,2,2,20,18,20,
20,18,20,1,2,2,
10,17,19,10,1,2,2,4,5,20,3,3,20,6,7,8,9,9,4,
4,1,2,2,4,4,4,20,20,20,4,19,3,3,20,4,4,4,4,
5,10,10,10,7,6,8,9,9,4,10,12,12,12,23,23,23,1,2,2,10,11,11,10,12,12,20,3,3,20,22,21,18,22,4,12,4,4,
22,11,11,4,10,22,22,5,6,7,8,9,9,4,12,12,1,2,3,3,12,15,14,16,13,12,22,22,22,12,10,22,
1,2,18,
1,2,18,
1,2,18,
20,3,3,20,4,4,4,4,4,4,1,2,2,4,4,20,4,4,20,4,4,4,19,4,
12,12,10,11,11,10,3,3,20,22,22,22,22,22,10,4,12,4,4,1,2,2,15,13,16,14,12,12,5,4,4,6,7,8,9,9,4,4,4,10,10,10,10,10,10,20,10,
22,10,10,12,12,10,4,10,10,22,22,22,22,5,12,7,6,8,9,9,4,10,11,11,10,22,22,22,22,10,22,10,12,22,14,15,16,13,12,22,10,10,10,10,1,2,22,3,3,22,4,10,4,22,
1,2,3,3,4,10,10,5,7,6,8,9,9,4,10,10,10,10,10,10,10,10,10,10,10,17,19,10,10,10,10,10,10,10,10,10,10,
1,2,3,3,4,4,4,4,4,4,4,4,4,4,4,4,4,4,4,18,4,4,4,
1,2,3,3,4,4,4,5,6,7,8,9,9,4,10,10,10,10,10,19,17,10,
1,2,18,
10,10,10,10,10,10,10,10,10,10,10,10,10,10,10,10,10,10,10,10,1,2,3,3,4,5,7,6,8,9,9,4,10,10,6,17,8,9,9,10,10,10,10,19,17,10,10,10,10,10,10,10,10,10,
4,4,19,4,1,2,2,20,3,3,20,4,
1,2,18,
20,3,3,20,4,5,7,6,8,9,9,4,18,21,12,10,1,2,2,11,11,10,12,
18,21,12,5,7,6,8,9,9,4,12,12,12,10,11,11,10,1,2,3,3,4,
1,2,3,3,4,4,4,19,4,
10,10,1,2,3,3,4,10,5,7,6,8,9,9,4,6,17,8,9,9,10,10,10,10,10,10,10,10,17,19,10,10,10,
22,22,12,22,22,22,22,10,12,12,12,1,2,3,3,4,11,11,10,16,14,13,15,12,12,5,22,6,7,8,9,9,4,10,10,12,22,22,22,22,22,22,
1,2,18,
5,10,10,10,10,6,7,8,9,9,4,10,10,10,10,14,15,16,13,12,10,10,10,10,10,10,10,11,11,10,10,17,6,8,9,9,10,12,10,1,2,3,3,4,10,
1,2,2,20,18,20,
1,2,18,
1,2,18,
1,2,2,20,20,20,18,20,
1,2,2,20,18,20,
1,2,18,
10,10,10,10,10,10,10,10,10,10,10,1,2,3,3,10,10,4,4,10,10,10,6,17,8,9,9,10,10,10,10,10,10,10,4,4,4,10,19,17,10,10,5,10,6,7,8,9,9,4,10,10,10,10,
5,6,7,8,9,9,4,10,10,10,10,10,10,4,4,10,19,17,10,1,2,3,3,10,10,4,4,4,10,4,4,10,
10,11,11,10,4,4,12,4,4,4,10,5,12,10,10,6,7,8,9,9,4,10,12,4,1,2,3,3,4,4,4,15,13,16,14,12,4,4,
4,4,4,1,2,2,5,19,4,20,3,3,20,
10,11,11,10,4,1,2,3,3,5,7,6,8,9,9,4,12,15,13,16,14,12,
4,12,1,2,3,3,10,21,18,12,10,4,4,5,6,7,8,9,9,4,10,10,10,11,11,10,10,10,
1,2,18,
1,2,18,
20,18,20,1,2,2,
12,18,21,12,10,11,11,10,4,4,4,5,6,7,8,9,9,4,12,12,1,2,3,3,
1,2,18,
1,2,18,
4,4,1,2,4,3,3,4,4,4,4,4,4,4,4,4,4,4,4,4,4,18,4,
10,11,11,10,12,10,10,12,10,10,1,2,3,3,4,10,22,22,22,12,12,10,10,12,5,7,6,8,9,9,4,10,10,10,12,15,13,16,14,12,10,10,10,10,10,10,
1,2,2,20,18,20,
1,2,18,
18,4,1,2,2,20,3,3,20,4,
10,10,10,10,10,17,19,10,10,10,10,10,10,10,10,10,10,10,1,2,3,3,4,5,7,6,8,9,9,4,
12,22,15,16,13,14,12,22,22,4,5,7,6,8,9,9,4,10,22,10,10,22,11,11,12,12,10,22,22,22,1,2,2,22,22,22,22,20,3,3,20,12,22,
1,2,18,
10,10,4,10,11,11,10,12,4,15,14,13,16,12,4,5,10,6,7,8,9,9,4,10,4,4,10,1,2,3,3,10,
20,20,20,18,20,1,2,2,
22,15,14,16,13,12,12,12,10,11,11,10,22,22,22,22,12,1,2,2,20,3,3,20,22,22,22,12,12,4,22,12,12,22,22,22,22,22,12,5,10,12,12,22,10,6,7,8,9,9,4,10,10,22,22,12,22,
18,4,20,20,20,3,3,20,4,4,1,2,2,4,4,4,4,4,
12,4,22,10,10,5,10,7,6,8,9,9,4,10,10,10,22,1,2,22,22,3,3,12,14,15,13,16,12,22,22,10,11,11,10,12,12,22,
4,5,6,7,8,9,9,4,10,10,10,20,3,3,20,10,11,11,10,4,22,22,12,22,22,22,22,12,22,22,12,4,12,10,12,12,12,22,22,10,22,22,12,10,12,12,10,10,10,14,13,15,16,12,12,22,22,12,22,22,22,22,1,2,2,10,10,22,22,4,10,12,4,
1,2,18,
1,2,18,
5,7,6,8,9,9,4,12,10,1,2,3,3,11,11,10,16,13,15,14,12,4,
1,2,18,
4,4,5,7,6,8,9,9,4,10,6,17,8,9,9,10,10,10,10,15,13,14,16,12,4,10,4,12,1,2,3,3,10,11,11,10,4,4,4,
1,2,18,
1,2,18,
22,12,22,10,1,2,3,3,10,4,22,12,4,12,12,12,22,22,22,22,4,22,22,5,22,22,22,22,6,7,8,9,9,4,10,11,11,10,12,12,22,12,22,22,22,22,15,13,14,16,12,22,22,22,12,12,12,12,22,22,22,22,
15,14,13,16,12,10,1,2,3,3,4,5,12,6,7,8,9,9,4,10,10,11,11,10,
10,10,12,1,2,3,3,10,10,10,10,15,13,14,16,12,10,10,4,10,10,5,7,6,8,9,9,4,4,10,10,11,11,10,10,4,10,10,
20,18,20,1,2,2,
1,2,18,
10,10,12,4,10,11,11,10,10,12,12,10,10,10,22,1,2,3,3,10,10,10,10,22,5,7,6,8,9,9,4,10,17,6,8,9,9,10,10,10,10,10,12,12,12,22,22,22,10,10,15,13,16,14,12,22,22,4,4,
4,4,4,4,1,2,3,3,4,4,19,4,4,4,
4,18,4,1,2,3,3,
4,10,10,10,22,22,22,10,10,22,22,22,22,22,22,22,22,22,22,17,6,8,9,9,12,22,20,22,1,2,2,3,3,20,22,22,12,22,4,4,12,12,22,10,4,11,11,22,5,10,22,22,22,10,11,11,10,22,22,22,12,12,12,6,7,8,9,9,4,10,17,6,8,9,9,10,10,15,14,16,13,12,22,22,22,22,10,22,22,10,4,
4,4,4,4,4,20,3,3,20,18,4,1,2,2,4,4,
22,22,1,2,2,12,12,20,3,3,20,12,23,23,23,12,22,12,4,12,22,22,22,5,12,7,6,8,9,9,4,22,11,11,22,22,22,6,17,8,9,9,12,10,11,11,10,15,13,16,14,12,
4,22,22,12,12,22,22,4,1,2,2,5,22,22,20,6,7,8,9,9,4,22,12,10,3,3,20,4,11,11,10,12,10,22,10,16,14,15,13,12,4,4,22,4,4,
1,2,3,3,4,18,4,
6,7,8,9,9,4,10,11,11,10,12,12,4,4,12,18,21,12,4,1,2,3,3,5,
1,2,18,
6,7,8,9,9,4,10,10,4,1,2,2,12,4,10,11,11,10,21,18,12,20,3,3,20,4,5,
10,10,10,10,10,17,19,10,1,2,3,3,10,4,10,5,6,7,8,9,9,4,
1,2,18,
3,3,20,18,4,4,20,1,2,2,
1,2,2,4,4,4,19,4,20,3,3,20,
5,6,7,8,9,9,4,20,20,3,3,20,12,15,16,14,13,12,12,10,6,17,8,9,9,10,10,10,1,2,2,10,10,12,4,10,11,11,10,20,
12,22,10,10,10,22,10,10,22,22,10,22,12,1,2,3,3,4,22,14,15,13,16,12,5,10,11,11,10,22,7,6,8,9,9,4,22,12,12,10,10,22,
12,12,10,11,11,10,15,14,13,16,12,12,1,2,3,3,4,5,6,7,8,9,9,4,10,10,10,10,
3,3,20,4,4,4,18,4,1,2,2,4,4,20,
20,18,20,1,2,2,
4,5,6,7,8,9,9,4,10,10,10,10,10,10,10,10,10,10,10,10,10,10,10,17,19,10,10,1,2,3,3,
1,2,18,
4,4,10,11,11,10,4,4,4,5,7,6,8,9,9,4,1,2,3,3,4,4,4,4,12,21,18,12,
1,2,2,20,20,20,18,20,
1,2,18,
1,2,3,3,12,4,10,11,11,10,18,21,12,5,7,6,8,9,9,4,12,12,12,12,
12,10,12,10,1,2,2,12,20,15,16,14,13,12,3,3,20,4,10,11,11,10,5,6,7,8,9,9,4,10,10,10,10,
1,2,2,20,18,20,
4,4,4,4,4,4,4,4,4,4,4,1,2,3,3,4,4,4,4,4,19,4,
20,20,18,20,20,1,2,2,
20,4,4,20,3,3,20,1,2,2,4,4,4,18,4,4,20,4,
4,4,4,4,4,4,1,2,3,3,4,4,4,4,4,19,4,
20,18,20,1,2,2,
1,2,3,3,4,4,4,4,4,18,4,
22,22,22,1,2,3,3,4,12,22,14,15,16,13,12,4,4,22,5,6,7,8,9,9,4,22,10,12,10,12,12,10,11,11,10,12,12,22,22,22,
12,10,1,2,3,3,4,5,18,21,12,10,6,7,8,9,9,4,11,11,10,10,10,17,6,8,9,9,10,10,10,12,10,10,12,
4,4,1,2,3,3,4,18,4,4,4,
1,2,2,20,18,20,
22,22,22,12,16,15,14,13,12,12,12,1,2,2,20,3,3,20,4,22,22,10,10,5,10,6,7,8,9,9,4,11,11,10,12,
1,2,18,
22,10,10,22,22,17,6,8,9,9,10,10,22,10,22,22,10,22,22,22,22,22,22,22,22,22,22,10,22,10,22,12,22,22,10,22,22,10,10,11,11,10,22,22,22,22,22,10,10,22,10,22,1,2,10,3,3,4,22,22,12,12,5,22,22,17,19,22,7,6,8,9,9,4,
20,18,20,1,2,2,
4,4,4,4,4,4,1,2,4,3,3,18,4,
10,10,5,12,12,6,7,8,9,9,4,10,10,22,22,22,10,11,11,10,12,6,17,8,9,9,22,12,14,15,16,13,12,1,2,3,3,4,10,22,22,10,11,11,22,22,
4,4,4,4,1,2,3,3,4,4,4,4,4,4,4,4,4,4,4,4,4,4,19,4,4,4,4,4,
1,2,18,
10,19,17,10,10,10,10,10,10,10,10,10,1,2,3,3,4,5,6,7,8,9,9,4,10,10,10,10,10,10,10,10,
22,10,10,4,22,22,22,12,15,13,16,14,5,12,1,2,3,3,7,6,8,9,9,4,22,22,12,22,22,22,22,22,22,22,22,22,22,22,22,22,10,12,12,10,10,11,11,10,12,12,12,22,
1,2,18,
4,20,3,3,20,18,4,4,4,4,4,1,2,2,
10,10,1,10,2,2,10,10,20,3,3,20,10,10,10,10,4,10,10,10,10,10,10,10,10,5,10,7,6,8,9,9,4,10,10,10,10,10,10,10,17,19,
10,10,10,10,10,10,1,2,3,3,4,10,5,10,10,10,6,7,8,9,9,4,10,10,14,16,15,13,12,10,11,11,10,10,10,10,10,10,10,12,12,10,10,10,10,12,
4,4,4,1,2,3,3,10,4,4,4,4,17,19,10,4,5,7,6,8,9,9,4,10,10,10,10,4,
4,4,4,20,4,3,3,20,1,2,2,4,4,4,4,4,4,19,4,4,4,
7,6,8,9,9,4,10,4,20,10,1,2,2,3,3,20,4,4,4,4,10,10,10,4,4,4,4,4,19,17,10,4,5,
1,2,18,
10,10,17,19,10,1,2,3,3,4,10,10,10,10,10,10,5,7,6,8,9,9,4,10,
1,2,18,
20,18,20,1,2,2,
20,18,20,1,2,2,
10,11,11,10,12,1,2,3,3,4,5,6,7,8,9,9,4,15,14,13,16,12,
22,12,22,22,4,22,22,5,22,12,10,12,1,2,11,11,10,3,3,22,4,7,6,8,9,9,4,4,22,11,11,22,12,12,12,12,22,22,12,12,22,18,21,12,22,12,22,6,17,8,9,9,22,22,6,17,8,9,9,22,22,
10,22,12,12,17,6,8,9,9,22,22,10,22,10,12,4,10,10,10,4,10,11,11,10,22,22,12,12,4,1,2,2,5,20,20,20,6,7,8,9,9,4,10,22,6,17,8,9,9,10,10,12,22,10,12,3,3,20,22,22,22,22,12,22,19,17,22,22,
1,2,18,
18,20,1,2,2,20,
4,12,10,1,2,3,3,10,10,4,10,11,11,10,5,4,7,6,8,9,9,4,10,14,16,15,13,12,10,17,6,8,9,9,10,
4,10,4,10,10,10,10,11,11,10,10,12,10,10,1,2,3,3,4,18,21,12,5,6,7,8,9,9,4,10,10,10,
1,2,18,
1,2,2,20,18,20,
10,11,11,10,4,10,4,22,10,4,22,22,22,12,10,4,22,5,12,4,6,7,8,9,9,4,10,12,13,15,16,14,12,22,22,6,17,8,9,9,10,10,1,2,2,12,12,10,10,12,12,22,12,22,6,17,8,9,9,10,10,22,22,22,22,12,10,22,20,4,4,3,3,20,10,4,4,
10,10,10,12,10,10,10,11,11,10,10,10,10,10,10,10,3,3,20,4,4,18,21,12,1,2,2,10,10,4,4,4,4,4,10,10,5,20,6,7,8,9,9,4,10,
1,2,3,3,4,4,4,4,4,18,4,
1,2,2,20,3,3,20,4,18,4,
4,1,2,2,4,4,4,20,4,4,4,4,4,19,4,4,4,4,4,4,4,4,4,4,3,3,20,4,4,4,4,4,4,
1,2,2,20,18,20,
20,18,20,1,2,2,
4,4,4,4,4,4,4,4,4,4,4,4,4,4,4,4,4,4,4,4,4,4,4,4,4,4,4,4,4,4,19,4,4,4,4,4,4,1,2,4,3,3,4,4,
10,1,2,10,3,3,4,5,6,7,8,9,9,4,10,19,17,10,
4,1,2,3,3,4,4,4,4,18,4,
20,3,3,20,4,4,4,4,5,12,6,7,8,9,9,4,10,4,10,4,4,10,11,11,10,1,2,2,12,12,13,14,16,15,12,
23,18,23,23,23,23,23,1,2,2,23,23,
20,18,20,1,2,2,
1,2,18,
1,2,18,
10,10,10,10,10,4,10,10,10,10,5,7,6,8,9,9,4,10,10,10,10,10,10,10,10,10,6,17,8,9,9,10,10,1,2,10,3,3,10,10,17,19,10,10,6,17,8,9,9,10,10,10,4,4,4,4,10,10,10,10,
1,2,2,20,3,3,20,4,18,4,
12,4,10,11,11,10,10,10,10,10,4,15,13,16,14,12,20,3,3,20,5,1,2,2,6,7,8,9,9,4,4,
1,2,18,
4,4,4,18,4,20,1,2,2,3,3,20,
4,10,10,10,10,10,10,10,10,5,10,11,11,10,10,10,7,6,8,9,9,4,10,10,12,10,17,6,8,9,9,10,10,10,6,17,8,9,9,10,10,14,15,16,13,12,6,17,8,9,9,10,10,20,3,3,20,10,10,1,2,2,
23,23,23,23,23,23,23,23,23,1,2,2,23,23,23,23,23,23,18,23,
16,15,14,13,12,22,12,1,2,3,3,4,22,22,10,5,11,11,10,22,22,22,6,7,8,9,9,4,10,10,10,10,12,12,12,22,
1,2,18,
4,4,10,4,10,18,21,12,4,4,10,11,11,10,10,10,4,5,6,7,8,9,9,4,4,4,1,2,3,3,4,10,12,10,
20,1,2,2,18,20,
22,22,5,22,22,22,7,6,8,9,9,4,22,22,22,12,12,12,22,22,10,11,11,10,10,22,22,22,22,22,22,22,22,22,10,12,15,14,16,13,12,22,22,22,22,22,12,12,22,22,12,22,1,2,2,22,20,4,3,3,20,
10,12,4,12,15,14,16,13,12,22,22,22,12,12,22,22,12,12,22,12,12,12,10,12,12,11,11,10,22,22,4,1,2,3,3,5,4,7,6,8,9,9,4,10,
1,2,18,
10,11,11,10,4,5,6,7,8,9,9,4,10,12,10,10,10,1,2,3,3,4,4,21,18,12,
18,4,1,2,3,3,4,
5,1,2,3,3,4,7,6,8,9,9,4,10,10,11,11,10,10,4,4,4,14,16,13,15,12,4,4,4,12,12,12,
1,2,2,20,18,20,
1,2,2,20,20,20,18,20,
10,11,11,10,22,1,2,3,3,4,10,5,12,6,7,8,9,9,4,10,10,12,12,12,10,17,6,8,9,9,10,10,17,19,12,22,22,
15,14,13,16,12,12,1,2,3,3,10,11,11,10,4,5,6,7,8,9,9,4,
1,2,18,
1,2,18,
1,2,3,3,4,4,4,4,4,4,4,4,4,4,4,4,4,4,4,4,4,4,4,4,4,4,4,19,4,4,4,4,4,4,4,4,4,4,4,4,
1,2,18,
1,2,18,
1,2,18,
10,10,10,17,19,10,10,10,1,2,3,3,4,5,7,6,8,9,9,4,10,10,10,10,
1,2,18,
20,3,3,20,4,18,4,1,2,2,20,20,20,20,
1,2,18,
4,4,4,4,4,4,4,4,4,4,4,1,2,3,3,4,4,4,4,4,4,19,4,4,4,4,4,4,4,4,4,4,4,4,
3,3,20,4,18,4,1,2,2,20,
1,2,2,20,18,20,
4,10,5,10,10,4,6,7,8,9,9,4,10,10,10,19,17,10,10,10,10,4,1,2,3,3,
5,7,6,8,9,9,4,10,10,15,14,13,16,12,12,12,10,11,11,10,1,2,2,20,3,3,20,4,12,
1,2,18,
1,2,18,
1,2,18,
1,2,18,
18,20,1,2,2,20,
18,21,12,10,17,6,8,9,9,10,10,10,1,2,3,3,12,4,10,11,11,10,12,5,12,7,6,8,9,9,4,10,12,6,17,8,9,9,10,10,12,10,
1,2,18,
12,22,22,15,16,14,13,22,12,10,22,10,22,4,4,22,12,12,1,2,4,3,3,4,4,10,11,11,10,12,5,10,22,10,7,6,8,9,9,4,10,10,
1,2,18,
14,15,16,13,12,5,22,12,12,22,12,7,6,8,9,9,4,12,22,22,12,12,22,22,22,12,10,22,22,22,22,22,22,22,22,10,12,22,22,22,12,22,22,1,2,10,3,3,4,11,11,10,
1,2,3,3,12,16,13,14,15,12,12,12,4,5,12,7,6,8,9,9,4,22,22,10,10,22,10,11,11,10,10,10,
4,1,2,2,4,4,4,4,18,4,20,3,3,20,
1,2,2,20,18,20,
1,2,18,
12,12,12,14,16,13,1,2,3,3,4,10,11,11,10,5,6,7,8,9,9,4,10,10,12,10,6,17,8,9,9,10,12,
22,22,15,16,13,14,12,22,22,12,4,22,22,5,22,7,6,8,9,9,4,22,22,22,22,22,22,1,2,22,3,3,12,22,10,12,12,12,11,11,23,23,10,23,12,12,
1,2,18,
7,6,8,9,9,4,12,12,12,1,2,2,22,22,22,14,15,13,16,12,22,22,20,12,3,3,20,10,11,11,10,12,22,4,22,12,5,
12,22,22,10,12,12,12,12,10,12,12,15,13,14,16,12,12,12,12,22,22,22,22,22,12,10,10,11,11,10,12,12,1,2,12,3,3,4,5,6,7,8,9,9,4,10,
20,18,20,20,20,1,2,2,
10,12,5,10,10,10,10,10,7,6,8,9,9,4,11,11,10,10,10,10,22,22,22,12,12,22,22,12,22,15,13,16,14,12,12,12,1,2,3,3,4,10,22,10,
1,2,2,20,15,14,13,16,12,3,3,20,10,11,11,10,4,12,5,7,6,8,9,9,4,
22,10,10,12,12,10,1,2,3,3,10,4,10,11,11,10,5,12,12,22,22,6,7,8,9,9,4,10,22,10,15,16,14,13,12,22,22,22,
1,2,18,
4,4,4,20,3,3,20,4,1,2,2,4,4,4,4,4,4,19,4,4,4,4,4,
1,2,18,
10,10,4,14,15,13,16,12,5,10,10,11,11,10,6,7,8,9,9,4,10,1,2,3,3,12,
6,7,8,9,9,4,10,10,12,12,22,22,22,22,12,12,12,12,22,22,22,12,10,11,11,10,12,22,14,15,16,13,12,22,22,22,22,22,10,22,10,22,22,22,22,12,1,2,3,3,4,12,12,22,22,5,
20,18,20,1,2,2,
1,2,18,
13,14,16,15,12,1,2,3,3,12,17,6,8,9,9,12,22,22,22,22,22,11,11,22,4,4,4,4,10,11,11,10,4,5,4,7,6,8,9,9,4,4,22,22,22,22,22,22,22,22,12,
1,2,18,
4,4,20,3,3,20,1,2,2,4,4,4,4,4,4,4,19,4,4,4,4,4,4,4,
10,12,10,10,11,11,10,1,2,3,3,4,15,13,16,14,12,5,6,7,8,9,9,4,10,10,
21,18,12,5,6,7,8,9,9,4,10,10,12,12,10,11,11,10,12,1,2,3,3,4,
10,5,10,10,10,10,10,10,10,10,19,17,10,10,10,6,7,8,9,9,4,10,6,17,8,9,9,10,10,17,6,8,9,9,10,10,10,4,20,4,3,3,20,10,10,4,10,10,4,4,4,10,10,1,2,2,4,4,10,4,10,4,10,4,10,10,10,
10,10,10,10,10,10,10,10,10,10,17,19,1,2,3,3,10,10,10,4,10,10,5,6,7,8,9,9,4,
1,2,18,
4,4,4,10,10,5,10,10,6,7,8,9,9,4,10,10,10,1,2,3,3,17,19,10,
3,3,4,4,5,6,7,8,9,9,4,10,21,18,10,4,4,4,1,2,
22,12,22,1,2,3,3,10,4,10,11,11,10,5,12,12,6,7,8,9,9,4,10,10,10,22,22,22,22,22,22,22,22,22,12,22,22,15,16,13,14,12,22,22,
10,22,22,10,12,22,11,11,10,5,6,7,8,9,9,4,10,10,22,1,2,2,22,22,22,12,12,12,20,3,3,20,13,14,16,15,12,4,4,10,4,10,10,
4,18,4,4,4,1,2,2,20,3,3,20,4,4,
1,2,18,
20,3,3,20,4,4,4,4,4,4,4,4,4,18,4,4,4,1,2,2,
10,10,10,11,11,10,13,14,16,15,12,12,4,5,6,7,8,9,9,4,10,10,1,2,3,3,
1,2,18,
4,4,4,4,4,4,4,19,4,4,4,4,4,4,1,2,3,3,4,4,
4,1,2,2,18,4,20,3,3,20,4,4,4,4,
4,4,4,4,1,2,3,3,4,4,4,4,4,4,4,4,4,19,4,4,4,4,4,4,4,4,4,4,
10,17,19,10,5,7,6,8,9,9,4,10,10,10,10,1,2,3,3,4,
12,20,22,22,22,15,14,13,16,12,22,10,20,3,3,20,10,10,11,11,10,22,1,2,2,4,12,12,20,5,12,7,6,8,9,9,4,10,10,
22,22,22,22,22,22,22,1,2,3,3,4,18,21,12,22,10,11,11,10,22,22,4,4,5,12,22,22,6,7,8,9,9,4,10,10,22,22,12,12,22,22,22,12,
4,18,4,4,1,2,3,3,4,
4,12,22,22,5,10,11,11,10,6,7,8,9,9,4,22,22,12,1,2,3,3,13,15,14,16,12,22,22,22,12,12,
20,18,20,1,2,2,
7,6,8,9,9,4,10,10,12,12,12,12,12,12,12,12,12,12,22,22,15,13,14,16,12,1,2,3,3,10,11,11,10,4,10,10,5,22,
1,2,2,20,3,3,20,4,18,4,
4,4,4,4,4,4,4,4,4,10,11,11,10,4,5,4,4,6,7,8,9,9,4,1,2,2,4,4,20,12,4,3,3,20,18,21,12,12,12,4,4,
4,5,6,7,8,9,9,4,10,10,10,10,10,10,19,17,10,10,10,1,2,3,3,10,
10,12,12,12,12,22,22,22,12,4,10,4,11,11,10,12,12,22,22,22,4,12,22,15,14,16,13,12,17,6,8,9,9,12,12,22,5,7,6,8,9,9,4,12,12,1,2,3,3,22,11,11,22,4,4,22,10,
1,2,3,3,4,4,4,4,4,4,4,4,4,4,4,4,4,4,4,4,4,19,4,4,4,4,4,4,
15,13,14,16,12,1,2,3,3,4,5,7,6,8,9,9,4,10,10,10,10,10,11,11,10,12,
1,2,18,
10,11,11,10,12,1,2,3,3,4,5,18,21,12,6,7,8,9,9,4,
1,2,18,
20,18,20,1,2,2,
20,20,18,20,20,1,2,2,
5,4,7,6,8,9,9,4,10,4,10,4,4,4,4,22,22,10,12,4,10,12,12,4,12,22,10,22,11,11,10,22,22,22,17,19,12,4,4,4,4,1,2,3,3,22,4,22,
20,20,3,3,20,4,4,4,18,4,20,1,2,2,
20,20,3,3,20,4,4,4,4,4,4,20,4,4,4,19,4,1,2,2,4,4,4,4,
20,18,20,1,2,2,
1,2,2,20,18,20,
1,2,18,
4,4,4,4,4,4,4,4,4,4,18,4,4,4,1,2,2,4,4,20,3,3,20,4,
1,2,2,20,18,20,
10,11,11,10,21,18,12,10,10,4,1,2,2,5,7,6,8,9,9,4,12,20,3,3,20,
3,3,20,4,18,4,1,2,2,20,
1,2,2,20,18,20,
1,2,2,20,18,20,
10,10,10,10,10,10,10,10,10,10,10,10,1,2,3,3,4,4,4,10,10,5,4,10,17,19,4,6,7,8,9,9,4,10,10,
10,6,17,8,9,9,10,18,21,10,12,10,4,4,4,5,7,6,8,9,9,4,10,1,2,3,3,10,10,12,11,11,10,
20,3,3,20,4,10,10,5,7,6,8,9,9,4,10,17,6,8,9,9,10,10,10,10,17,19,10,1,2,2,
1,2,3,3,4,4,19,4,4,4,4,4,4,4,4,4,4,4,4,4,4,4,4,4,4,4,4,
1,2,18,
4,4,1,2,3,3,4,4,4,5,6,7,8,9,9,4,15,14,16,13,12,10,11,11,10,10,6,17,8,9,9,10,10,6,17,8,9,9,10,10,10,10,10,12,
10,10,10,4,10,10,10,10,5,4,1,2,3,3,4,4,10,6,7,8,9,9,4,10,4,6,17,8,9,9,10,10,6,17,8,9,9,10,10,6,17,8,9,9,10,10,10,4,4,10,10,4,4,4,4,4,10,4,10,4,10,4,10,10,10,17,19,10,10,4,10,10,4,10,4,4,4,4,4,4,4,4,10,10,10,10,10,10,
3,3,20,22,22,4,4,5,7,6,8,9,9,4,22,22,10,22,22,22,10,1,2,2,22,22,12,12,10,10,22,22,4,18,21,12,4,12,12,4,10,11,11,10,20,4,4,
10,19,17,10,5,7,6,8,9,9,4,10,10,10,10,10,10,1,2,3,3,10,10,4,
1,2,18,
8,9,9,4,10,11,11,10,12,15,16,13,14,12,1,2,2,20,3,3,20,4,5,6,7,
1,2,2,20,18,20,
4,5,6,7,8,9,9,4,10,1,2,10,3,3,10,17,19,10,
4,4,4,4,4,19,1,2,4,3,3,4,
18,4,4,1,2,2,4,4,4,4,20,3,3,20,4,4,4,4,4,4,4,4,4,4,4,4,4,4,4,4,4,4,4,4,4,4,
18,4,4,1,2,3,3,4,4,
10,10,10,10,4,5,10,10,7,6,8,9,9,4,10,4,4,21,18,10,4,10,4,10,1,2,3,3,
1,2,18,
1,2,18,
12,1,2,3,3,4,10,11,11,10,5,6,7,8,9,9,4,10,10,12,12,15,14,13,16,12,
22,12,12,22,22,22,22,20,3,3,20,22,22,4,4,4,10,11,11,10,22,22,5,12,12,6,7,8,9,9,4,15,14,13,16,12,22,22,22,1,2,2,22,22,22,22,22,
5,19,4,1,2,2,20,3,3,20,4,
1,2,3,3,12,18,21,12,4,10,11,11,10,5,6,7,8,9,9,4,
10,12,10,10,1,2,3,3,21,18,12,10,4,11,11,10,5,10,10,10,6,7,8,9,9,4,
10,10,10,10,1,2,3,3,4,10,10,5,6,7,8,9,9,4,10,10,10,10,10,19,17,10,10,
1,2,18,
10,10,10,17,19,10,1,2,4,3,3,4,10,10,4,4,5,6,7,8,9,9,4,4,10,10,
1,2,18,
20,1,2,2,18,20,
5,10,10,17,19,10,6,7,8,9,9,4,10,10,10,10,10,10,10,1,2,2,10,10,10,10,20,3,3,20,4,
1,2,18,
10,5,10,10,10,10,6,7,8,9,9,4,10,10,10,11,11,10,18,21,12,10,12,10,4,4,6,17,8,9,9,10,4,10,1,2,3,3,10,
15,14,16,13,12,10,10,22,22,12,22,12,12,12,10,11,11,10,1,2,3,3,4,5,6,7,8,9,9,4,
1,2,18,
4,4,4,4,4,4,1,2,2,20,3,3,20,4,4,4,18,4,
5,7,6,8,9,9,4,10,4,4,10,10,10,10,10,10,10,11,11,10,12,10,10,10,10,10,14,15,13,16,12,1,2,3,3,4,
1,2,3,3,10,10,4,5,6,7,8,9,9,4,10,6,17,8,9,9,10,10,10,10,10,19,17,10,10,
10,22,22,22,10,22,10,10,10,10,4,10,4,22,22,4,22,22,4,20,22,19,17,22,3,3,20,1,2,2,12,10,22,22,22,11,11,10,12,12,10,10,5,22,6,7,8,9,9,4,10,17,6,8,9,9,10,10,22,10,10,22,10,22,10,22,10,4,10,
1,2,18,
4,19,4,20,3,3,20,1,2,2,
17,19,22,10,12,12,10,22,12,10,12,12,11,11,10,4,22,22,22,5,12,6,7,8,9,9,4,22,10,10,10,10,22,22,22,22,22,1,2,3,3,12,22,
10,19,17,10,10,10,1,2,3,3,4,10,5,10,6,7,8,9,9,4,
1,2,18,
1,2,18,
4,4,4,1,2,2,4,4,18,4,20,3,3,20,
4,19,4,1,2,3,3,
1,2,18,
10,10,4,4,4,1,2,3,3,4,22,22,22,12,12,12,4,15,13,16,14,12,5,6,7,8,9,9,4,10,10,12,22,10,11,11,10,22,
1,2,2,20,18,20,
10,10,10,10,11,11,10,1,2,2,12,4,4,4,5,18,21,12,6,7,8,9,9,4,10,10,20,3,3,20,17,6,8,9,9,10,
1,2,2,20,18,20,
18,20,1,2,2,20,
12,12,16,14,13,15,12,12,12,1,2,3,3,4,5,12,6,7,8,9,9,4,10,11,11,10,
1,2,18,
4,22,10,10,5,22,6,7,8,9,9,4,12,22,22,17,6,8,9,9,12,22,22,12,12,22,12,15,13,14,16,12,22,12,12,10,10,10,11,11,10,12,12,12,22,11,11,22,12,22,22,22,22,22,1,2,3,3,
4,4,4,4,4,4,4,4,4,4,4,4,4,4,4,4,4,4,4,4,4,4,4,20,20,1,2,2,20,4,4,4,4,19,4,4,4,4,4,4,3,3,20,4,4,
22,5,6,7,8,9,9,4,10,4,17,6,8,9,9,10,19,17,22,4,10,10,1,2,2,22,12,22,22,22,22,12,4,4,10,20,11,11,10,3,3,20,22,12,4,12,12,
3,3,20,4,1,2,2,4,4,18,4,20,20,20,
1,2,3,3,4,4,10,4,4,5,10,7,6,8,9,9,4,4,4,4,10,10,17,19,10,10,
5,11,11,10,6,7,8,9,9,4,10,12,12,12,12,12,12,10,12,1,2,3,3,12,12,21,18,12,4,10,
1,2,18,
1,2,18,
15,16,14,13,12,4,10,11,11,10,4,4,4,4,1,2,3,3,5,4,4,7,6,8,9,9,4,4,12,12,4,12,4,4,
20,20,18,20,20,1,2,2,
1,2,18,
4,4,4,1,2,3,3,4,5,7,6,8,9,9,4,10,10,17,19,10,10,4,
1,2,18,
1,2,2,10,10,10,4,12,10,20,5,7,6,8,9,9,4,10,17,6,8,9,9,10,10,10,4,3,3,20,4,10,11,11,10,17,6,8,9,9,12,22,15,14,16,13,22,
4,5,7,6,8,9,9,4,1,2,2,20,20,10,19,17,20,3,3,20,
12,4,4,4,4,15,14,13,16,12,1,2,3,3,4,5,6,7,8,9,9,4,10,11,11,10,
1,2,18,
1,2,2,3,3,20,4,18,4,20,
4,20,3,3,20,1,2,2,4,4,4,4,4,4,4,4,4,4,19,4,4,4,4,4,4,
10,6,7,8,9,9,4,10,20,10,3,3,20,10,10,10,10,1,2,2,10,11,11,10,12,18,21,12,10,10,4,10,4,4,5,
22,22,22,22,22,22,12,12,22,22,22,4,5,6,7,8,9,9,4,12,12,15,13,14,16,12,1,2,3,3,10,11,11,10,
1,2,18,
10,10,10,10,10,10,10,1,2,3,3,10,10,10,10,10,10,4,10,10,10,5,6,7,8,9,9,4,10,10,17,6,8,9,9,10,10,10,10,10,10,10,10,10,10,17,19,10,
1,2,18,
20,18,20,1,2,2,
22,22,22,12,22,22,22,22,4,12,22,22,10,22,12,20,3,3,20,22,12,12,5,10,11,11,10,6,7,8,9,9,4,10,1,2,2,22,22,22,12,12,12,22,12,12,18,21,12,
1,2,2,20,18,20,
12,22,22,12,4,4,5,12,7,6,8,9,9,4,12,12,10,4,4,15,13,14,16,12,4,10,10,4,4,12,4,17,6,8,9,9,10,10,22,10,22,4,4,4,10,11,11,10,1,2,4,3,3,4,22,22,4,22,4,4,12,12,22,22,4,
4,4,4,20,3,3,20,4,19,1,2,2,4,
1,2,18,
22,22,12,22,12,22,22,22,10,12,12,11,11,10,12,12,12,12,12,12,12,13,14,16,15,12,12,12,4,22,4,4,5,22,6,7,8,9,9,4,10,1,2,10,3,3,12,12,22,22,
12,22,22,6,7,8,9,9,4,10,10,22,22,22,22,22,22,22,11,11,22,6,17,8,9,9,22,12,22,12,12,12,22,22,12,22,12,12,22,22,22,12,22,22,12,10,11,11,10,12,12,22,22,22,12,12,22,22,4,1,2,3,3,12,15,16,14,13,12,12,22,22,5,22,
10,19,17,10,4,4,4,4,10,10,4,20,5,3,3,20,7,6,8,9,9,4,10,10,1,2,2,10,10,
20,18,20,1,2,2,
3,3,10,10,10,10,10,10,10,10,10,4,4,4,4,4,4,10,10,10,19,17,4,10,4,10,5,4,10,6,7,8,9,9,4,1,2,
4,4,4,4,4,4,4,4,4,4,4,4,4,4,4,4,4,1,2,3,3,4,4,4,4,4,4,19,4,4,4,4,
1,2,18,
22,22,22,22,22,4,4,4,5,6,7,8,9,9,4,20,10,11,11,10,12,3,3,20,14,16,15,13,12,12,12,1,2,2,12,
1,2,18,
4,4,4,4,4,4,4,4,4,4,4,4,4,4,4,4,4,4,4,4,4,4,1,2,3,3,4,4,4,4,4,19,4,4,4,4,4,4,4,4,
1,2,2,20,18,20,
1,2,3,3,4,4,4,4,4,19,4,
4,1,2,3,3,4,4,4,4,19,4,
22,22,22,1,2,3,3,12,22,22,22,4,12,12,22,10,19,17,22,22,22,22,10,22,22,5,6,7,8,9,9,4,22,22,22,10,11,11,10,10,22,22,22,22,22,22,22,10,22,
1,2,2,20,18,20,
1,2,18,
22,5,7,6,8,9,9,4,10,10,22,22,22,22,12,22,22,22,12,4,12,12,12,4,22,22,10,22,10,4,18,21,12,1,2,2,4,20,12,10,11,11,10,4,22,3,3,20,22,22,22,22,12,12,22,
1,2,18,
1,2,18,
10,10,10,17,19,10,4,1,2,3,3,10,10,4,4,10,10,4,10,10,10,4,5,10,6,7,8,9,9,4,10,10,10,10,10,10,
3,3,4,4,4,4,4,4,4,4,4,4,4,4,4,19,4,4,4,4,4,4,1,2,
1,2,3,3,4,5,7,6,8,9,9,4,4,4,10,19,17,
1,2,18,
20,18,20,1,2,2,
20,18,20,1,2,2,
1,2,18,
10,10,4,4,4,4,4,4,4,10,4,19,17,10,4,4,4,4,4,4,4,4,4,4,4,4,4,4,5,4,7,6,8,9,9,4,1,2,3,3,
1,2,3,3,4,18,4,
20,18,20,1,2,2,
1,2,18,
6,7,8,9,9,4,10,10,6,17,8,9,9,10,10,19,17,10,10,1,2,3,3,4,5,
1,2,18,
1,2,18,
1,2,3,3,4,5,6,7,8,9,9,4,10,17,6,8,9,9,10,10,19,17,10,
12,20,10,10,4,10,4,10,11,11,10,3,3,20,10,1,2,2,10,10,10,10,10,12,15,14,13,16,12,12,12,4,22,22,5,6,7,8,9,9,4,10,22,10,10,
5,10,7,6,8,9,9,4,19,17,10,1,2,3,3,4,
21,18,12,4,1,2,3,3,5,7,6,8,9,9,4,10,10,10,11,11,10,12,
10,10,12,18,21,12,10,10,10,10,1,2,3,3,4,10,10,5,6,7,8,9,9,4,10,10,10,10,10,10,10,11,11,10,
1,2,18,
10,4,10,20,3,3,20,4,10,10,10,10,1,2,2,10,4,10,10,5,10,10,6,7,8,9,9,4,10,10,6,17,8,9,9,10,10,10,10,10,10,10,10,4,4,10,6,17,8,9,9,10,10,10,10,10,10,10,10,10,10,10,19,17,10,10,10,10,10,10,10,10,
10,4,4,22,22,10,22,22,22,4,4,22,12,22,12,4,15,13,14,16,12,5,12,6,7,8,9,9,4,12,12,12,12,12,4,4,1,2,2,22,22,22,10,11,11,10,12,12,12,22,4,4,22,4,22,22,22,4,4,4,12,20,3,3,20,
18,4,1,2,2,20,3,3,20,20,4,20,
6,7,8,9,9,4,10,3,3,20,1,2,2,17,6,8,9,9,10,10,10,10,10,10,10,10,19,17,10,4,4,4,10,17,6,8,9,9,10,5,20,
1,2,3,3,4,18,4,
1,2,2,20,18,20,
1,2,18,
1,2,2,20,18,20,
12,12,10,11,11,10,12,12,10,10,1,2,12,3,3,4,12,5,7,6,8,9,9,4,12,22,10,6,17,8,9,9,10,13,15,16,14,22,
1,2,2,20,15,16,14,13,12,3,3,20,10,11,11,10,4,5,6,7,8,9,9,4,12,
1,2,18,
1,2,2,20,20,20,18,20,
22,5,12,12,12,6,7,8,9,9,4,21,18,12,22,22,10,11,11,10,22,22,10,22,22,22,22,22,12,22,22,22,10,12,22,12,22,12,10,10,1,2,12,3,3,22,12,22,22,12,4,22,
4,10,20,10,5,7,6,8,9,9,4,10,10,10,10,10,10,3,3,20,4,4,10,10,17,19,10,1,2,2,10,
20,3,3,20,4,18,4,4,4,1,2,2,
1,2,2,20,3,3,20,4,19,4,
1,2,3,3,4,4,4,4,4,19,4,4,
1,2,18,
1,2,18,
1,2,2,20,20,20,18,20,
10,10,10,6,7,8,9,9,4,10,4,4,4,4,1,2,3,3,4,4,10,10,10,10,4,4,4,4,10,10,10,10,17,19,10,10,10,10,10,4,10,4,10,10,4,4,4,10,4,4,4,4,4,5,4,
22,22,22,6,7,8,9,9,4,10,12,12,10,22,22,22,12,1,2,3,3,12,14,15,13,16,12,4,10,5,22,11,11,10,
4,4,1,2,2,20,3,3,20,4,18,4,
1,2,18,
5,7,6,8,9,9,4,10,10,10,10,10,1,2,2,10,17,19,10,20,3,3,20,4,10,10,
1,2,18,
4,19,4,1,2,3,3,
4,19,4,4,4,4,4,4,4,4,4,1,2,4,3,3,4,
12,12,12,22,22,15,14,13,16,12,4,5,22,6,7,8,9,9,4,12,10,11,11,10,1,2,3,3,
4,4,4,10,4,4,10,5,20,7,6,8,9,9,4,10,20,10,10,10,4,20,3,3,20,10,4,4,10,17,19,10,4,4,4,1,2,2,
1,2,3,3,4,5,12,6,7,8,9,9,4,10,10,21,18,12,10,11,11,10,
1,2,2,20,18,20,
1,2,2,20,18,20,
1,2,18,
4,4,10,10,5,6,7,8,9,9,4,10,10,10,10,4,10,4,4,10,10,10,10,19,17,10,10,10,1,2,10,3,3,10,10,
1,2,3,3,5,7,6,8,9,9,4,10,6,17,8,9,9,10,10,10,10,10,10,10,10,10,10,10,10,19,17,10,10,4,
10,1,2,3,3,4,5,6,7,8,9,9,4,10,6,17,8,9,9,10,10,6,17,8,9,9,10,10,10,10,6,17,8,9,9,10,10,10,10,10,10,10,10,10,10,19,17,10,
5,7,6,8,9,9,4,1,2,3,3,10,19,17,10,4,
4,5,7,6,8,9,9,4,1,2,3,3,12,21,18,12,10,11,11,10,
1,2,18,
1,2,18,
10,10,10,20,5,3,3,20,17,19,10,6,7,8,9,9,4,10,10,1,2,2,10,10,20,20,4,
10,10,10,1,2,10,3,3,4,10,4,10,10,10,17,19,5,10,4,7,6,8,9,9,4,10,6,17,8,9,9,10,
20,18,20,1,2,2,
1,2,18,
4,4,4,4,4,19,4,4,4,4,4,4,4,4,4,4,4,1,2,4,3,3,4,
4,18,4,1,2,3,3,
4,18,4,1,2,3,3,
20,18,20,1,2,2,
1,2,18,
20,18,20,1,2,2,
1,2,3,3,4,18,4,
20,18,20,1,2,2,
20,18,20,1,2,2,
22,5,6,7,8,9,9,4,10,22,17,6,8,9,9,10,22,12,12,22,22,22,22,22,10,22,12,22,11,11,10,22,15,13,14,16,12,22,22,22,22,10,22,22,22,10,6,17,8,9,9,22,22,22,22,22,22,22,22,10,4,10,22,12,12,4,1,2,3,3,12,4,22,22,22,11,11,
12,1,2,3,3,4,5,6,7,8,9,9,4,10,17,6,8,9,9,10,12,10,6,17,8,9,9,12,22,15,13,16,14,17,6,8,9,9,22,10,10,6,17,8,9,9,10,12,10,11,11,10,
1,2,18,
1,2,2,20,18,20,
1,2,2,20,18,20,
10,11,11,10,10,12,4,1,2,2,20,5,3,3,20,4,4,4,4,15,14,13,16,12,7,6,8,9,9,4,4,10,4,
1,2,18,
6,7,8,9,9,4,10,10,6,17,8,9,9,10,10,10,6,17,8,9,9,10,10,17,6,8,9,9,10,10,10,12,10,10,17,6,8,9,9,12,22,14,13,15,16,22,10,10,10,11,11,10,4,5,1,2,3,3,
5,4,1,2,3,3,6,7,8,9,9,4,10,10,12,12,12,10,11,11,10,13,16,14,15,4,12,4,
4,4,4,1,2,3,3,5,6,7,8,9,9,4,10,6,17,8,9,9,10,12,10,11,11,10,14,16,15,13,12,10,10,
1,2,2,20,18,20,
19,4,4,4,1,2,3,3,4,
1,2,2,20,18,20,
6,7,8,9,9,4,12,12,12,15,14,16,13,12,1,2,3,3,4,10,11,11,10,5,
4,4,4,4,19,4,4,4,4,4,4,1,2,3,3,4,4,
18,20,1,2,2,20,
4,4,4,4,4,4,4,4,4,4,4,4,4,4,4,4,19,4,4,4,1,2,2,4,4,4,4,4,4,4,4,20,4,3,3,20,
1,2,18,
20,3,3,20,4,19,4,1,2,2,
1,2,18,
4,4,4,4,4,1,2,3,3,18,4,
22,12,12,12,22,22,15,13,14,16,12,12,12,1,2,2,20,3,3,20,4,4,4,5,10,11,11,10,6,7,8,9,9,4,22,22,12,
1,2,18,
12,12,10,4,4,10,4,4,22,21,18,22,4,4,4,12,4,4,4,1,2,3,3,4,5,6,7,8,9,9,4,10,10,11,11,10,10,
4,4,4,18,4,4,4,4,4,1,2,3,3,4,4,
10,10,10,10,4,4,4,5,6,7,8,9,9,4,10,19,17,10,10,1,2,3,3,
20,3,3,20,4,4,4,19,4,4,4,4,4,4,1,2,2,4,
1,2,3,3,4,4,4,10,10,10,4,4,5,6,7,8,9,9,4,10,10,17,19,10,
1,2,18,
10,10,10,10,1,2,3,3,10,10,4,5,10,10,7,6,8,9,9,4,10,6,17,8,9,9,10,10,10,10,10,10,19,17,10,4,10,4,4,4,
12,1,2,15,14,13,16,3,3,12,4,5,7,6,8,9,9,4,10,11,11,10,
10,10,1,2,2,20,3,3,20,4,5,6,7,8,9,9,4,10,10,10,10,10,10,10,10,10,10,19,17,10,10,10,10,10,10,
10,11,11,10,3,3,20,4,12,5,6,7,8,9,9,4,10,10,21,18,12,1,2,2,20,
4,5,7,6,8,9,9,4,10,6,17,8,9,9,10,10,10,10,10,1,2,3,3,10,19,17,10,10,
10,19,17,10,1,2,2,20,20,20,3,3,20,4,10,5,10,7,6,8,9,9,4,10,10,
18,20,1,2,2,20,
4,10,19,17,10,5,6,7,8,9,9,4,10,10,10,10,1,2,3,3,
4,22,12,15,14,13,16,12,4,4,5,6,7,8,9,9,4,10,4,4,10,4,10,11,11,10,22,22,4,22,10,10,10,4,10,4,22,22,22,22,4,4,12,12,12,22,22,22,22,1,2,3,3,4,12,4,4,12,22,22,4,22,
20,18,20,1,2,2,
1,2,18,
1,2,18,
20,10,3,3,20,10,10,10,10,17,19,10,4,10,10,5,1,2,2,6,7,8,9,9,4,10,10,10,10,10,10,10,10,10,10,10,10,
4,18,4,20,3,3,20,1,2,2,
10,17,19,10,4,4,4,5,7,6,8,9,9,4,10,6,17,8,9,9,10,10,10,10,10,1,2,3,3,4,4,10,10,4,4,
4,4,4,1,2,3,3,18,4,
1,2,18,
1,2,18,
1,2,18,
1,2,18,
20,1,2,2,3,3,20,4,4,4,4,4,4,4,4,4,18,4,
1,2,18,
18,4,20,3,3,20,1,2,2,4,
4,4,5,4,7,6,8,9,9,4,4,4,10,12,10,10,11,11,10,4,4,4,4,18,21,12,4,4,4,4,20,3,3,20,10,10,1,2,2,4,4,4,4,
3,3,20,4,1,2,2,5,12,6,7,8,9,9,4,10,10,11,11,10,10,10,10,14,16,13,15,12,10,17,6,8,9,9,10,20,
20,18,20,1,2,2,
6,7,8,9,9,4,10,10,12,1,2,3,3,14,15,13,16,12,4,10,11,11,10,5,
1,2,18,
12,12,22,22,22,7,6,8,9,9,4,10,10,22,14,15,13,16,12,22,22,10,22,22,11,11,10,12,1,2,2,22,22,22,22,22,22,22,22,22,22,22,12,22,22,22,22,22,22,22,22,12,12,20,12,12,22,12,22,22,22,12,22,22,22,3,3,20,12,12,22,4,12,12,22,4,22,22,22,22,22,22,22,22,4,22,22,22,22,22,5,
12,22,19,17,4,5,6,7,8,9,9,4,22,22,22,22,1,2,3,3,12,22,22,4,4,10,11,11,10,12,12,12,
7,6,8,9,9,4,12,12,16,15,13,14,12,12,12,1,2,3,3,10,11,11,10,4,12,5,
10,4,10,10,5,7,6,8,9,9,4,10,10,10,10,10,10,10,10,10,10,10,10,10,10,10,10,19,17,10,10,10,1,2,3,3,10,
4,4,14,15,13,16,12,10,11,11,10,4,5,12,12,10,10,6,7,8,9,9,4,10,10,12,1,2,10,3,3,10,12,12,
1,2,3,3,18,4,4,4,4,4,4,
12,10,10,22,10,11,11,10,12,12,22,22,10,1,2,3,3,10,4,22,22,12,22,22,15,14,13,16,12,12,12,4,12,12,22,22,22,22,22,22,5,22,4,6,7,12,8,9,9,4,4,10,12,10,22,22,22,22,12,22,22,4,12,22,12,22,12,12,22,22,
4,4,4,4,19,4,1,2,3,3,4,4,4,
1,2,18,
18,20,1,2,2,20,20,20,
12,1,2,3,3,10,11,11,10,4,5,7,6,8,9,9,4,10,10,12,15,14,16,13,12,12,
4,4,10,4,10,4,10,10,10,10,4,4,10,10,10,10,10,4,10,5,6,7,8,9,9,4,10,10,10,19,17,10,10,10,4,4,10,1,2,4,3,3,4,
1,2,2,20,18,20,
12,22,22,22,1,2,14,15,13,16,12,3,3,4,12,12,10,5,10,22,12,7,6,8,9,9,4,22,10,11,11,10,10,10,
1,2,2,4,18,4,20,3,3,20,
20,4,1,2,2,18,4,20,20,20,20,3,3,20,
4,4,10,10,11,11,10,12,12,10,22,22,4,4,4,22,12,5,7,6,8,9,9,4,22,22,22,22,10,12,12,16,15,13,14,12,1,2,10,3,3,4,4,4,12,4,4,4,
1,2,2,20,18,20,
22,4,22,22,22,22,10,12,10,12,12,10,12,10,10,10,21,18,5,12,22,6,7,8,9,9,4,10,10,10,10,1,2,3,3,4,12,22,22,22,4,22,22,10,11,11,4,10,12,4,4,4,
10,10,5,6,7,8,9,9,4,10,10,17,6,8,9,9,10,10,10,10,10,10,10,10,10,19,17,10,10,10,10,10,10,10,1,2,2,20,3,3,20,4,
1,2,18,
4,4,4,4,4,4,4,4,4,4,4,19,4,4,4,4,4,4,4,4,1,2,2,4,20,3,3,20,
20,18,20,1,2,2,
1,2,3,3,12,10,10,10,11,11,10,4,4,5,7,6,8,9,9,4,4,13,14,16,15,12,
20,18,20,1,2,2,
20,18,20,1,2,2,
4,4,4,4,4,4,4,12,1,2,3,3,5,10,11,11,10,10,12,10,6,7,8,9,9,4,10,4,10,12,14,15,16,13,12,4,
20,20,20,1,2,2,20,20,18,20,
20,3,3,20,4,18,4,1,2,2,
1,2,18,
1,2,18,
1,2,18,
10,10,10,1,2,3,3,4,10,10,10,17,19,4,4,5,6,7,8,9,9,4,10,
20,18,20,1,2,2,
1,2,10,3,3,4,5,10,7,6,8,9,9,4,10,10,10,19,17,10,
1,2,3,3,4,10,5,10,10,7,6,8,9,9,4,10,10,10,10,10,10,10,10,19,17,10,10,10,
20,18,20,1,2,2,20,20,
4,4,4,4,4,4,4,4,1,2,3,3,4,4,4,4,4,4,4,4,4,4,19,4,4,4,4,4,4,4,4,4,4,4,4,4,
1,2,2,20,18,20,
1,2,2,20,18,20,
12,12,22,22,10,10,22,1,2,3,3,22,19,17,22,4,12,10,11,11,10,22,5,7,6,8,9,9,4,
18,20,1,2,2,20,
1,2,18,
20,18,20,1,2,2,
20,18,20,1,2,2,
20,18,20,1,2,2,
1,2,18,
4,4,1,2,2,4,4,20,20,20,4,4,3,3,20,4,4,4,18,4,
4,4,4,4,4,1,2,3,3,4,4,4,4,4,4,4,4,19,4,4,4,4,4,4,4,4,4,4,
1,2,18,
1,2,2,20,18,20,
1,2,3,3,4,4,4,4,4,19,4,4,4,4,4,4,4,4,4,
1,2,18,
4,18,4,4,4,4,4,4,4,4,4,4,4,4,1,2,2,4,4,4,4,4,4,4,20,3,3,20,4,4,
4,19,4,1,2,2,20,3,3,20,
12,10,10,10,10,4,5,4,4,18,21,12,6,7,8,9,9,4,10,10,11,11,10,12,10,1,2,3,3,12,12,12,
22,4,4,12,12,22,22,12,12,22,12,22,22,12,12,12,4,4,10,4,17,6,8,9,9,10,22,5,22,10,11,11,10,22,22,22,22,6,7,8,9,9,4,22,1,2,3,3,22,22,10,12,10,15,14,16,13,22,4,4,
1,2,18,
1,2,18,
10,10,10,10,10,10,10,1,2,10,3,3,10,10,10,10,4,4,4,10,19,17,5,10,10,6,7,8,9,9,4,10,10,
1,2,18,
1,2,18,
1,2,18,
1,2,18,
1,2,2,10,19,17,10,20,3,3,20,4,10,4,4,4,4,10,5,7,6,8,9,9,4,
12,10,11,11,10,1,2,2,12,14,15,13,16,12,20,3,3,20,10,10,4,12,5,6,7,8,9,9,4,
1,2,18,
18,21,12,10,4,4,10,10,1,2,2,20,4,3,3,20,4,4,10,11,11,10,5,12,6,7,8,9,9,4,4,4,10,
1,2,18,
4,10,10,10,11,11,10,4,5,12,6,7,8,9,9,4,4,4,1,2,3,3,4,15,14,16,13,12,4,4,4,10,10,4,
1,2,18,
1,2,18,
4,10,10,4,1,2,3,3,10,10,10,10,10,10,10,10,10,19,17,4,5,6,7,8,9,9,4,
12,12,5,10,12,11,11,10,7,6,8,9,9,4,12,12,12,10,10,1,2,3,3,17,6,8,9,9,12,22,22,22,22,4,12,4,22,22,22,11,11,22,12,12,12,12,15,14,13,16,12,22,22,12,4,22,22,
10,10,19,17,1,2,3,3,4,5,6,7,8,9,9,4,10,10,10,
1,2,2,20,18,20,20,20,
1,2,2,20,18,20,
4,4,1,2,3,3,4,19,4,4,4,4,4,4,4,
4,4,19,4,4,4,4,4,4,4,4,4,4,4,4,4,4,4,4,1,2,3,3,4,4,4,4,4,4,4,4,4,4,
1,2,18,
1,2,18,
6,7,8,9,9,4,4,1,2,3,3,10,10,10,19,17,10,5,
1,2,18,
1,2,18,
4,4,10,4,12,12,12,12,5,6,7,8,9,9,4,10,10,12,10,10,4,4,4,12,12,12,1,2,2,4,12,10,11,11,10,12,12,12,12,12,12,12,18,21,12,20,12,12,3,3,20,12,4,4,4,4,10,
4,4,10,12,12,10,12,10,11,11,10,12,12,22,22,15,14,13,16,12,1,2,3,3,4,12,12,22,22,5,7,6,8,9,9,4,10,22,22,10,12,22,
4,5,10,11,11,10,6,7,8,9,9,4,10,10,12,1,2,2,4,4,20,3,3,20,21,18,12,4,4,4,4,
1,2,2,20,18,20,
1,2,18,
4,19,4,1,2,2,20,3,3,20,4,4,
10,6,17,8,9,9,10,10,10,10,10,10,19,17,10,4,4,4,1,2,3,3,5,6,7,8,9,9,4,10,6,17,8,9,9,10,10,10,
1,2,18,
14,15,16,13,12,1,2,3,3,4,4,10,4,11,11,10,5,6,7,8,9,9,4,10,17,6,8,9,9,10,12,12,10,10,22,22,22,4,12,4,4,4,4,4,4,4,12,
1,2,18,
10,10,4,10,5,10,7,6,8,9,9,4,12,10,11,11,10,12,12,1,2,3,3,15,14,13,16,12,
12,4,20,3,3,20,12,4,4,5,6,7,8,9,9,4,10,11,11,10,12,12,4,15,13,16,14,12,4,1,2,2,12,
10,4,10,12,5,7,6,8,9,9,4,10,11,11,10,10,10,14,15,13,16,12,1,2,3,3,
4,1,2,2,4,4,20,3,3,20,4,18,4,4,4,4,
4,5,7,6,8,9,9,4,10,1,2,2,10,20,3,3,20,10,10,10,19,17,
10,10,10,4,10,4,4,10,5,10,10,10,6,7,8,9,9,4,10,10,10,10,1,2,2,10,10,20,3,3,20,10,17,19,10,10,10,10,
5,7,6,8,9,9,4,12,12,12,12,15,16,13,14,12,1,2,3,3,22,22,22,10,4,11,11,10,
10,4,4,5,10,6,7,8,9,9,4,10,10,19,17,10,10,1,2,3,3,10,10,4,
12,22,18,21,22,20,3,3,20,4,10,11,11,10,4,10,4,5,7,6,8,9,9,4,10,10,10,10,10,20,1,2,2,20,12,12,
20,20,20,18,20,1,2,2,
4,4,4,4,4,18,4,4,4,4,4,20,3,3,20,4,4,4,4,1,2,2,4,4,
1,2,2,20,18,20,
4,4,4,4,1,2,3,3,4,10,11,11,10,12,12,21,18,12,10,4,4,4,4,4,12,5,4,6,7,8,9,9,4,10,
10,10,15,14,13,16,12,1,2,3,3,4,5,6,7,8,9,9,4,10,11,11,10,12,
1,2,18,
12,12,12,4,21,18,12,5,6,7,8,9,9,4,22,22,1,2,3,3,12,12,10,11,11,10,4,22,4,12,12,12,
10,10,4,12,12,4,12,12,12,12,4,12,4,4,1,2,4,4,3,3,5,12,10,11,11,10,6,7,8,9,9,4,14,15,13,16,12,12,10,12,12,12,10,12,
4,10,5,6,7,8,9,9,4,10,10,10,10,10,4,10,10,10,1,2,3,3,10,10,4,4,10,10,4,10,10,10,10,10,10,10,10,17,19,10,
6,7,8,9,9,4,12,10,11,11,10,15,13,14,16,12,1,2,3,3,4,4,4,5,4,4,
1,2,18,
20,18,20,1,2,2,
20,20,20,18,20,1,2,2,
4,1,2,4,3,3,4,19,4,
20,20,20,20,3,3,20,4,1,2,2,4,10,20,20,17,19,10,10,10,20,4,10,10,4,4,5,7,6,8,9,9,4,10,10,10,10,
4,4,4,4,4,4,4,5,4,7,6,8,9,9,4,1,2,3,3,4,4,10,12,4,10,4,4,15,16,14,13,12,4,4,4,4,4,4,10,11,11,10,4,4,
10,10,10,4,11,11,10,1,2,3,3,4,4,4,4,5,12,6,7,8,9,9,4,18,21,12,
1,2,3,3,4,4,4,18,4,
10,10,12,12,22,10,11,11,10,22,22,22,10,22,11,11,22,20,1,2,2,3,3,20,12,10,22,22,12,4,22,22,22,12,12,15,14,13,16,12,5,6,17,8,9,9,22,7,6,8,9,9,4,22,22,
1,2,18,
4,10,17,19,10,5,7,6,8,9,9,4,10,10,1,2,3,3,
10,10,4,4,10,10,1,2,3,3,4,10,4,10,4,10,10,10,10,10,10,10,10,10,10,10,4,4,10,10,4,4,10,10,4,10,10,4,10,10,10,4,10,10,10,4,10,10,10,4,4,10,10,4,4,10,10,10,4,10,10,10,10,4,4,10,10,10,10,10,10,10,4,4,10,19,17,10,5,10,10,4,10,4,4,7,6,8,9,9,4,4,4,4,10,4,10,4,10,4,4,4,10,
1,2,18,
10,4,5,1,2,2,7,6,8,9,9,4,20,3,3,20,10,6,17,8,9,9,10,10,17,19,
1,2,18,
1,2,18,
1,2,18,
20,18,20,1,2,2,
1,2,2,20,18,20,
10,10,10,10,10,4,4,4,10,10,5,10,17,19,4,6,7,8,9,9,4,1,2,3,3,4,10,6,17,8,9,9,10,10,
3,3,20,4,18,4,1,2,2,20,20,20,
4,4,5,6,7,8,9,9,4,12,19,17,10,11,11,10,1,2,3,3,4,
4,1,2,2,20,20,4,4,4,18,4,4,4,4,4,4,4,4,4,4,4,4,4,4,4,20,4,4,4,4,20,4,20,3,3,20,4,4,4,4,4,4,4,4,
20,18,20,1,2,2,
1,2,2,20,18,20,
4,5,6,7,8,9,9,4,10,17,6,8,9,9,10,10,20,10,10,10,10,10,1,2,2,3,3,20,10,10,10,19,17,
4,4,4,4,4,4,4,4,4,4,4,4,1,2,4,3,3,4,4,4,4,4,4,4,4,19,4,4,4,4,
22,22,22,22,10,11,11,10,22,5,10,6,7,8,9,9,4,14,13,15,16,22,22,12,12,12,12,1,2,2,10,20,3,3,20,4,12,22,22,22,22,
10,10,10,10,10,10,10,4,10,5,10,7,6,8,9,9,4,10,10,10,10,10,10,10,17,19,10,10,10,1,2,3,3,
1,2,3,3,4,4,5,7,6,8,9,9,4,12,4,4,4,15,13,14,16,12,4,10,11,11,10,4,
12,10,10,10,12,10,11,11,10,4,1,2,2,12,12,20,20,20,5,3,3,20,14,15,13,16,12,12,6,7,8,9,9,4,10,12,12,17,6,8,9,9,10,10,12,10,10,10,12,10,
10,11,11,10,10,10,10,1,2,2,10,20,10,10,12,3,3,20,14,15,13,16,12,4,12,5,6,7,8,9,9,4,10,10,10,10,10,12,10,
1,2,18,
1,2,18,
1,2,18,
15,14,13,16,12,10,11,11,10,10,1,2,3,3,10,12,12,12,12,12,4,5,6,7,8,9,9,4,10,10,
4,4,4,4,5,6,7,8,9,9,4,10,10,10,10,10,10,10,10,1,2,3,3,4,10,10,10,17,19,10,4,10,10,10,10,10,10,10,10,4,
1,2,18,
12,15,13,14,16,12,10,11,11,10,1,2,2,20,3,3,20,4,5,7,6,8,9,9,4,10,10,
22,5,7,6,8,9,9,4,22,10,10,22,12,10,10,10,10,22,22,13,16,14,15,12,10,11,11,10,22,12,22,22,22,10,1,2,2,22,22,22,22,22,20,3,3,20,4,12,12,10,22,22,22,
4,4,4,20,3,3,20,4,4,4,4,4,4,4,4,4,18,4,4,4,4,4,4,1,2,2,
1,2,18,
4,18,4,1,2,3,3,
20,18,20,1,2,2,
1,2,18,
6,7,8,9,9,4,10,10,22,12,6,17,8,9,9,12,22,22,22,10,18,21,22,11,11,10,22,1,2,3,3,10,10,10,10,4,4,4,4,4,5,
15,14,13,16,12,20,12,3,3,20,4,4,22,22,12,12,12,12,22,22,22,4,4,4,1,2,2,5,10,11,11,10,12,6,7,8,9,9,4,10,12,17,6,8,9,9,10,10,22,22,12,12,10,22,
4,20,3,3,20,18,4,4,4,4,4,4,4,4,4,1,2,2,
4,19,4,1,2,3,3,
20,18,20,1,2,2,
4,4,4,4,4,4,4,4,4,4,4,4,4,4,4,4,4,4,4,4,4,4,4,4,4,4,4,4,4,4,4,4,19,1,2,3,3,4,4,4,4,4,4,4,4,4,4,4,
1,2,18,
1,2,4,3,3,5,14,16,15,13,12,6,7,8,9,9,4,4,4,12,10,11,11,10,
1,2,2,20,18,20,
1,2,3,3,4,18,4,
4,18,4,1,2,2,20,3,3,20,4,4,4,4,4,4,
1,2,18,
10,1,2,3,3,21,18,10,10,10,4,5,6,7,8,9,9,4,10,10,
4,17,19,10,10,5,6,7,8,9,9,4,10,10,10,10,10,10,10,1,2,3,3,10,10,10,10,10,10,10,10,10,
1,2,2,20,18,20,
10,17,6,8,9,9,10,10,10,10,11,11,10,10,10,10,10,15,16,14,13,12,1,2,3,3,4,5,12,6,7,8,9,9,4,
4,19,4,4,4,1,2,3,3,
4,4,4,4,4,4,4,4,19,4,1,2,3,3,4,4,
1,2,2,20,18,20,
1,2,3,3,10,10,10,10,10,4,19,17,10,4,4,5,6,7,8,9,9,4,
4,1,2,3,3,4,4,18,4,
12,4,4,1,2,3,3,10,11,11,10,10,10,21,18,12,4,5,6,7,8,9,9,4,
4,4,4,4,4,4,4,4,4,4,4,4,4,4,4,1,2,3,3,4,4,4,4,4,4,4,4,4,4,4,4,4,4,4,4,4,4,4,4,19,4,4,4,4,4,4,
10,10,1,2,3,3,4,5,10,10,7,6,8,9,9,4,10,17,19,
20,3,3,20,21,18,12,10,10,10,11,11,10,4,4,10,10,10,10,10,1,2,2,4,10,10,10,10,5,10,12,7,6,8,9,9,4,10,10,10,10,10,10,
12,12,12,22,22,4,4,12,4,4,4,4,16,15,13,14,12,4,5,10,11,11,10,22,22,22,22,6,7,8,9,9,4,10,22,10,22,22,1,2,3,3,
10,11,11,10,10,10,12,4,5,7,6,8,9,9,4,21,18,12,1,2,3,3,
1,2,18,
13,14,15,16,12,22,22,22,1,2,3,3,22,4,22,5,22,6,7,8,9,9,4,10,11,11,10,22,22,22,12,12,12,12,
1,2,18,
22,10,11,11,22,10,22,22,22,12,22,22,12,22,22,12,5,4,22,10,12,12,22,22,22,22,22,22,22,10,22,22,22,22,22,22,12,12,22,22,12,12,22,10,12,22,22,22,22,22,12,12,12,22,12,10,7,6,8,9,9,22,4,10,22,4,17,6,13,14,16,15,8,9,9,10,12,12,22,12,12,22,4,4,10,22,22,22,1,2,10,3,3,22,4,10,10,4,4,10,4,10,22,22,4,22,22,4,4,22,22,22,22,22,22,22,4,22,22,22,22,12,22,22,22,22,22,22,22,12,12,22,22,22,22,12,22,12,22,22,12,12,22,22,22,22,22,12,22,12,12,22,22,12,22,12,12,22,22,4,22,
1,2,2,20,18,20,
1,2,18,
4,19,4,4,4,4,4,4,4,1,2,4,3,3,4,
1,2,18,
1,2,3,3,21,18,12,4,4,12,10,11,11,10,4,5,7,6,8,9,9,4,
4,1,2,3,3,4,4,4,4,4,4,4,4,18,4,4,4,4,4,4,4,4,4,4,4,4,4,4,4,
1,2,18,
1,2,18,
1,2,18,
10,10,10,10,4,4,10,10,10,10,1,2,3,3,4,10,10,19,17,10,10,10,5,6,7,8,9,9,4,
1,2,18,
4,18,4,4,4,4,4,4,4,4,4,1,2,3,3,
20,20,20,18,20,1,2,2,
1,2,2,4,4,4,4,4,4,4,4,4,4,4,4,4,4,4,4,4,4,4,4,4,20,4,4,3,3,20,4,4,4,4,4,19,4,4,4,
4,4,10,11,11,10,12,4,1,2,18,21,12,3,3,5,6,7,8,9,9,4,10,10,10,10,10,10,10,10,10,10,
4,4,4,4,4,19,4,1,2,3,3,
1,2,2,20,18,20,
1,2,2,20,18,20,
1,2,2,20,18,20,
20,18,20,1,2,2,
20,18,20,1,2,2,
20,18,20,1,2,2,
1,2,18,
4,10,4,5,6,7,8,9,9,4,10,10,10,10,17,6,8,9,9,10,10,10,10,19,17,10,10,1,2,3,3,10,10,10,4,
1,2,18,
23,18,23,1,2,2,23,23,
12,10,22,10,22,22,22,22,10,12,12,22,22,22,10,10,6,17,8,9,9,10,22,10,10,10,11,11,10,22,22,12,22,22,15,14,13,16,12,22,22,22,22,22,22,22,22,22,22,22,22,22,22,22,1,2,4,4,22,3,3,4,22,5,22,6,7,8,9,9,4,4,10,10,22,4,22,
1,2,18,
1,2,2,10,11,11,10,12,10,10,20,10,3,3,20,10,4,5,21,18,12,6,7,8,9,9,4,10,10,10,10,10,10,
1,2,18,
1,2,18,
1,2,2,20,18,20,
22,22,12,12,4,22,22,4,18,21,22,1,2,12,3,3,4,5,4,22,7,6,8,9,9,4,10,11,11,10,4,
22,22,12,12,22,22,22,22,10,10,10,10,12,22,12,22,22,4,12,5,7,6,8,9,9,4,10,10,22,22,22,22,12,22,22,1,2,3,3,10,11,11,10,14,13,15,16,12,22,22,
1,2,2,20,3,3,20,10,10,10,10,10,10,10,10,10,10,10,10,10,10,10,10,4,10,10,10,10,5,10,10,10,17,19,10,6,7,8,9,9,4,10,4,10,10,4,
7,6,8,9,9,4,22,22,12,10,12,12,11,11,10,10,10,10,10,10,10,22,22,22,12,22,22,22,22,22,1,2,3,3,4,15,13,14,16,12,22,22,5,22,
4,19,4,1,2,3,3,
20,18,20,1,2,2,
1,2,18,
1,2,18,
1,2,18,
1,2,2,4,18,4,20,3,3,20,
1,2,2,20,18,20,
5,6,7,8,9,9,4,10,10,12,18,21,12,1,2,3,3,10,11,11,10,10,10,10,4,10,10,10,
1,2,18,
10,10,4,12,10,4,10,10,4,4,10,10,10,15,14,13,16,12,4,10,4,11,11,10,4,4,4,4,4,5,6,7,8,9,9,4,4,4,1,2,3,3,
20,18,20,1,2,2,
20,3,3,20,4,10,10,10,10,10,11,11,10,5,22,12,12,12,12,7,6,8,9,9,4,10,10,21,18,22,12,1,2,2,
1,2,3,3,10,10,4,10,17,19,10,10,5,6,7,8,9,9,4,
5,7,6,8,9,9,4,10,10,1,2,10,3,3,10,10,10,10,11,11,10,22,22,22,22,10,10,12,22,22,12,12,15,13,14,16,12,22,22,22,10,22,22,10,12,22,22,22,22,10,10,4,22,22,
4,4,12,22,22,4,1,2,3,3,5,6,7,8,9,9,4,17,6,8,9,9,12,22,22,22,22,10,12,11,11,10,22,11,11,22,15,13,14,16,12,
10,22,22,22,12,12,10,10,12,12,12,12,12,10,10,10,10,10,12,22,6,17,22,8,9,9,10,10,10,18,21,12,1,2,3,3,4,5,22,22,22,7,6,8,9,9,4,10,12,12,11,11,10,10,10,12,22,22,10,22,22,
1,2,2,4,4,20,3,3,20,4,4,4,4,4,4,4,4,4,4,4,4,4,19,4,4,4,4,
1,2,2,20,3,3,20,4,19,4,
1,2,18,
22,22,4,12,22,22,22,5,22,22,6,7,8,9,9,4,22,17,19,22,1,2,3,3,12,12,22,22,12,22,12,22,22,22,22,22,22,22,10,22,11,11,10,22,22,22,22,22,12,12,22,22,17,6,8,9,9,22,
4,10,19,17,10,5,7,6,8,9,9,4,1,2,3,3,
6,7,8,9,9,4,10,12,10,12,4,4,10,11,11,10,4,1,2,3,3,15,14,13,16,12,4,4,4,4,5,12,
4,18,4,1,2,3,3,
7,6,8,9,9,4,12,1,2,3,3,12,10,10,12,15,14,16,13,12,10,11,11,10,4,5,
4,1,2,3,3,19,4,
4,4,4,10,5,1,2,10,3,3,6,7,8,9,9,4,10,10,10,17,19,
1,2,18,
12,1,2,3,3,21,18,12,4,10,11,11,10,12,5,12,6,7,8,9,9,4,
1,2,18,
1,2,2,20,18,20,
1,2,18,
4,5,10,10,10,6,7,8,9,9,4,10,10,10,10,1,2,3,3,10,4,10,19,17,10,10,10,10,10,10,10,10,4,10,
10,10,22,22,22,10,11,11,22,10,12,14,15,16,13,12,10,10,1,2,3,3,22,22,22,4,10,10,22,10,10,4,4,10,10,10,10,10,10,10,10,5,10,10,10,11,11,10,12,22,22,7,6,8,9,9,4,10,6,17,8,9,9,10,10,10,10,10,6,17,8,9,9,12,10,10,
22,22,22,10,11,11,10,12,12,12,4,12,10,12,10,12,15,13,14,16,12,1,2,5,22,3,3,22,22,22,22,22,6,7,8,9,9,4,10,10,22,22,22,22,22,22,12,12,
7,6,8,9,9,4,12,12,22,14,15,13,16,12,10,22,22,22,22,22,22,10,1,2,3,3,4,10,11,11,10,12,12,5,
6,7,8,9,9,4,10,10,10,17,19,10,4,1,2,3,3,5,
1,2,18,
4,4,4,4,4,4,4,20,4,20,4,4,4,4,20,4,1,2,2,3,3,20,4,4,4,4,4,4,19,4,4,4,4,4,4,
4,4,10,10,4,10,10,21,18,12,5,7,6,8,9,9,4,10,10,10,6,17,8,9,9,10,10,10,10,10,11,11,10,12,10,1,2,3,3,
1,2,18,
10,10,10,11,11,10,4,20,10,10,5,3,3,20,6,7,8,9,9,4,12,10,10,18,21,12,10,10,1,2,2,10,10,
20,18,20,1,2,2,
3,3,4,4,4,4,4,5,7,6,8,9,9,4,10,10,10,21,18,10,1,2,
1,2,2,20,3,3,20,4,18,4,4,4,
10,14,15,16,13,12,11,11,10,1,2,2,20,3,3,20,4,12,5,7,6,8,9,9,4,10,10,
20,3,3,20,4,1,2,2,18,4,
1,2,18,
1,2,3,3,4,5,10,10,6,7,8,9,9,4,10,6,17,8,9,9,10,10,11,11,10,12,14,13,15,16,12,
1,2,18,
12,22,12,22,12,12,1,2,3,3,22,12,4,4,12,4,10,15,13,16,14,12,4,22,4,22,4,22,22,4,22,22,4,6,17,8,9,9,22,5,22,11,11,22,4,22,22,11,11,10,22,7,6,8,9,9,4,10,10,22,4,4,
12,1,2,3,3,4,5,7,6,8,9,9,4,10,11,11,10,12,12,12,12,22,12,22,22,15,13,14,16,12,22,22,22,22,
1,2,2,20,20,20,3,3,20,4,18,4,
1,2,2,20,18,20,
4,4,4,7,6,8,9,9,4,10,10,6,17,8,9,9,10,10,10,4,5,10,10,1,2,3,3,10,10,19,17,10,4,
12,4,22,22,5,10,22,6,7,10,8,9,9,4,10,10,15,13,14,16,12,12,22,22,10,11,11,12,10,22,22,12,12,22,22,12,22,22,22,22,1,2,3,3,
1,2,18,
10,11,11,10,12,4,5,12,12,6,7,8,9,9,4,19,17,12,12,1,2,3,3,12,
10,10,22,11,11,22,10,5,10,11,11,10,10,10,6,7,8,9,9,4,10,22,22,10,10,12,22,20,22,3,3,20,12,1,2,2,4,4,16,13,15,14,12,4,4,6,17,8,9,9,12,4,4,4,10,10,
10,10,10,10,10,10,10,10,10,4,10,4,10,10,10,10,10,10,4,4,10,10,10,10,4,10,10,10,4,10,10,10,10,10,4,10,4,10,10,4,10,6,17,8,9,9,10,10,4,4,10,10,10,5,10,10,10,6,7,8,9,9,4,10,10,19,17,10,10,6,17,8,9,9,10,4,1,2,4,3,3,10,10,10,10,10,10,
4,15,14,13,16,12,4,4,4,12,5,6,7,8,9,9,4,10,4,10,10,11,11,10,1,2,3,3,
1,2,18,
3,3,6,17,8,9,9,10,10,7,6,8,9,9,4,10,6,17,8,9,9,10,10,10,10,10,17,6,8,9,9,10,10,4,10,4,4,4,10,10,10,4,10,10,10,4,10,10,4,10,10,10,4,10,4,10,4,4,10,10,10,19,17,4,10,4,10,10,10,10,10,10,10,10,4,4,10,5,10,1,2,10,
10,4,1,2,12,3,3,4,12,12,10,11,11,10,18,21,12,4,5,7,6,8,9,9,4,10,
1,2,18,
20,1,2,2,18,20,
22,5,22,6,7,8,9,9,4,10,11,11,10,12,12,12,15,13,14,16,12,22,22,22,22,1,2,22,3,3,12,4,
1,2,18,
4,4,4,4,4,4,4,4,4,4,4,4,4,4,4,4,4,4,4,4,5,19,4,4,4,4,4,4,4,4,1,2,3,3,4,4,
1,2,2,20,18,20,
10,10,11,11,10,10,10,10,10,10,4,15,14,13,16,12,1,2,5,3,3,6,7,8,9,9,4,12,
7,6,8,9,9,4,10,6,17,8,9,9,10,10,10,4,10,4,4,10,4,10,1,2,3,3,19,17,10,10,10,4,4,4,5,
5,6,7,8,9,9,4,12,15,13,14,16,12,1,2,3,3,10,11,11,10,4,
1,2,18,
1,2,2,20,18,20,
12,10,10,10,4,6,17,8,9,9,10,10,10,10,1,2,3,3,15,14,13,16,12,10,10,17,6,8,9,9,10,10,10,4,10,11,11,10,5,6,7,8,9,9,4,4,
1,2,18,
10,10,4,5,10,4,10,4,1,2,2,10,4,4,4,4,6,7,8,9,9,4,10,17,6,8,9,9,10,10,20,10,10,10,3,3,20,10,10,10,10,10,12,10,10,17,6,8,9,9,10,10,10,10,10,10,11,11,10,12,12,17,6,8,9,9,12,22,10,10,14,15,13,16,22,10,
1,2,2,20,18,20,
4,4,4,1,2,2,20,4,3,3,20,4,19,4,
6,7,8,9,9,4,10,17,19,10,10,10,10,6,17,8,9,9,10,10,10,1,2,3,3,4,4,4,5,
1,2,18,
20,18,20,1,2,2,
20,18,20,1,2,2,
20,18,20,1,2,2,
1,2,3,3,18,4,4,4,4,4,4,
1,2,18,
4,4,4,1,2,4,3,3,4,4,4,4,18,4,4,4,4,4,4,4,4,4,4,4,4,4,4,4,4,
18,20,1,2,2,20,
1,2,18,
4,4,4,4,4,19,4,1,2,3,3,4,4,4,4,4,4,4,4,4,4,
20,18,20,1,2,2,
1,2,18,
14,16,13,15,12,22,1,2,3,3,4,5,7,6,8,9,9,4,10,11,11,10,12,22,22,22,12,12,12,22,12,22,22,12,
22,22,10,10,22,22,22,4,4,4,12,4,1,2,3,3,10,21,18,12,10,22,22,22,4,4,22,22,22,4,10,12,10,4,4,10,12,12,10,12,12,22,22,22,10,5,12,22,12,12,10,4,4,11,11,10,22,22,22,7,6,8,9,9,4,10,
22,22,22,22,22,22,22,12,1,2,3,3,4,12,22,22,4,4,22,12,12,12,5,7,6,8,9,9,4,10,11,11,10,12,12,15,14,16,13,12,22,22,22,12,
1,2,18,
20,20,1,2,2,20,18,20,
4,4,4,4,4,19,4,1,2,3,3,
1,2,3,3,4,5,4,4,19,4,
1,2,2,20,18,20,
1,2,18,
6,7,8,9,9,4,12,12,12,15,14,16,13,12,4,22,5,22,22,4,22,12,12,4,12,22,4,22,4,12,12,22,22,1,2,3,3,12,22,22,12,10,22,11,11,10,22,22,12,22,
4,4,4,4,4,4,18,4,1,2,2,20,4,4,4,3,3,20,
1,2,2,20,18,20,
12,4,4,4,4,4,10,11,11,10,4,14,15,13,16,12,4,5,7,6,8,9,9,4,10,1,2,3,3,10,
12,12,12,12,22,18,21,22,12,22,10,4,22,10,10,22,22,6,17,8,9,9,10,10,5,22,10,4,4,17,6,8,9,9,10,10,22,22,10,6,7,8,9,9,4,22,10,10,6,17,8,9,9,10,22,12,22,22,1,2,10,11,11,10,3,3,12,22,
17,6,8,9,9,10,10,12,12,12,12,12,10,10,10,10,10,22,22,12,12,10,11,11,10,12,22,12,12,14,15,16,13,12,22,22,4,4,4,4,4,22,22,22,12,22,5,10,10,1,2,4,12,3,3,4,4,4,4,4,7,6,8,9,9,4,10,
4,4,1,2,3,3,4,18,4,
10,17,19,10,10,10,1,2,2,20,20,20,20,20,3,3,20,4,5,7,6,8,9,9,4,10,10,
4,4,4,5,6,7,8,9,9,4,1,2,10,3,3,11,11,10,10,6,17,8,9,9,10,10,10,12,4,4,15,16,14,13,12,
1,2,18,
10,4,4,10,5,10,10,7,6,8,9,9,4,10,10,10,10,10,10,1,2,3,3,10,19,17,4,10,4,10,4,4,4,4,10,10,10,10,4,
10,10,12,1,2,14,15,13,16,12,3,3,4,5,10,11,11,10,6,7,8,9,9,4,
4,1,2,3,3,18,4,
1,2,2,4,4,4,4,4,4,10,10,10,10,20,10,3,3,20,10,10,10,10,4,4,10,10,4,10,10,10,10,4,5,10,10,19,17,10,6,7,8,9,9,4,4,4,4,4,4,4,4,
21,18,12,1,2,2,20,3,3,20,4,5,7,6,8,9,9,4,10,10,10,12,12,12,10,12,10,11,11,10,12,12,12,
5,19,4,1,2,3,3,4,
10,10,10,10,10,1,2,11,11,10,3,3,4,5,7,6,8,9,9,4,10,10,12,15,13,14,16,12,
22,10,10,22,22,22,22,22,4,5,7,6,8,9,9,4,22,22,10,1,2,2,11,11,10,20,12,12,3,3,20,22,22,22,22,22,22,22,15,13,16,14,22,12,22,22,
20,18,20,1,2,2,
20,18,20,1,2,2,
10,10,10,10,10,10,4,5,7,6,8,9,9,4,1,2,3,3,10,10,10,10,19,17,10,10,10,
6,7,8,9,9,4,10,10,17,6,8,9,9,12,22,15,16,14,13,22,10,11,11,10,10,10,10,10,10,10,10,10,1,2,3,3,4,5,12,
22,4,4,12,1,2,3,3,22,22,12,12,22,22,4,4,4,22,4,4,22,22,12,12,22,22,22,22,12,12,12,10,4,5,12,12,10,7,6,8,9,9,4,12,22,22,10,22,12,16,14,15,13,12,22,22,22,12,10,11,11,10,10,4,
22,10,22,11,11,10,12,22,22,22,22,22,22,22,22,22,22,22,22,22,22,22,22,22,22,22,22,22,22,22,22,22,22,19,17,22,22,22,22,22,22,22,22,22,22,22,22,10,22,22,22,22,22,12,22,22,22,22,10,22,22,22,22,22,22,22,22,22,22,4,22,22,22,22,22,22,5,12,12,22,22,22,22,7,6,8,9,9,22,4,22,22,12,22,22,22,22,22,1,2,22,3,3,22,4,22,4,22,22,22,22,22,22,22,22,22,22,22,22,22,22,22,22,22,22,
20,18,20,1,2,2,
20,18,20,1,2,2,
4,4,4,18,4,1,2,3,3,
20,18,20,1,2,2,
4,1,2,2,18,4,20,3,3,20,4,4,
10,10,1,2,3,3,4,4,4,5,6,7,8,9,9,4,10,11,11,10,10,10,12,10,10,12,12,13,14,16,15,12,
10,10,10,10,10,10,1,2,3,3,10,19,17,10,4,5,6,7,8,9,9,4,10,10,
1,2,18,
10,11,11,10,10,10,4,12,5,6,7,8,9,9,4,10,21,18,12,10,1,2,3,3,
1,2,18,
1,2,2,20,18,20,
10,10,1,2,3,3,10,4,10,10,10,10,5,6,7,8,9,9,4,10,10,10,10,10,10,17,19,
1,2,2,10,19,17,10,20,3,3,20,4,4,10,10,10,10,10,10,10,10,4,5,10,10,10,4,6,7,8,9,9,4,10,10,4,10,
1,2,2,20,18,20,
5,6,7,8,9,9,4,4,1,2,3,3,4,4,4,10,4,17,19,10,
1,2,18,
4,4,4,4,4,4,1,2,2,4,4,4,20,3,3,20,4,4,4,4,4,4,4,4,4,18,4,4,
20,20,1,2,2,20,18,20,
1,2,18,
1,2,18,
4,4,4,4,4,4,1,2,2,20,3,3,20,4,19,
10,11,11,10,12,1,2,3,3,12,12,4,10,10,5,6,7,8,9,9,4,10,10,10,10,12,4,12,4,15,13,14,16,12,
1,2,18,
1,2,18,
4,5,6,7,8,9,9,4,10,17,6,8,9,9,10,1,2,2,20,3,3,20,10,19,17,10,
4,1,2,3,3,4,4,4,4,4,4,18,4,
1,2,18,
4,1,2,2,19,4,20,3,3,20,
1,2,18,
1,2,18,
10,10,10,10,4,4,10,10,10,10,4,4,10,4,10,10,4,4,10,5,1,2,3,3,10,19,17,6,7,8,9,9,4,10,17,6,8,9,9,10,10,10,10,10,
1,2,18,
20,18,20,1,2,2,
10,10,12,15,14,16,13,12,10,11,11,10,4,4,4,5,7,6,8,9,9,4,10,10,1,2,3,3,10,6,17,8,9,9,10,
1,2,3,3,4,4,4,5,6,7,8,9,9,4,12,15,14,16,13,12,12,10,11,11,10,12,
22,22,22,19,17,22,1,2,2,20,3,3,20,4,5,7,6,8,9,9,4,10,17,6,8,9,9,10,10,10,10,11,11,10,12,10,10,10,10,12,12,22,22,22,22,22,22,22,22,
22,10,17,6,8,9,9,10,10,15,14,13,16,12,10,12,12,10,1,2,3,3,10,10,11,11,10,12,12,22,22,10,10,10,10,10,10,10,4,12,10,10,22,22,10,22,22,12,12,5,12,7,6,8,9,9,4,22,22,10,10,
10,19,17,10,1,2,3,3,4,10,10,4,4,5,6,7,8,9,9,4,10,10,10,6,17,8,9,9,10,10,10,
1,2,18,
6,7,8,9,9,4,10,10,4,10,10,10,1,2,3,3,10,10,10,10,10,10,10,10,10,10,10,10,10,10,10,10,10,10,10,10,10,19,17,4,10,10,10,10,10,17,6,8,9,9,10,10,10,10,10,10,10,10,10,5,10,10,4,10,10,10,
4,4,4,4,4,4,4,4,4,4,4,4,20,3,3,20,1,2,2,4,4,4,19,4,4,4,4,4,20,4,20,4,4,
4,4,4,4,4,4,4,4,4,4,20,3,3,20,4,4,4,1,2,2,4,19,4,4,4,4,4,4,4,4,4,
1,2,18,
6,7,8,9,9,4,10,12,1,2,17,6,8,9,9,10,3,3,10,10,10,11,11,10,15,16,14,13,12,10,10,4,10,10,5,
1,2,3,3,4,19,4,
1,2,2,20,18,20,
1,2,18,
22,12,22,22,22,22,22,12,12,5,6,7,8,9,9,4,22,10,22,22,22,22,22,22,10,22,22,22,22,22,22,10,10,22,12,12,12,12,22,11,11,10,22,10,17,6,8,9,9,10,10,12,10,22,22,22,22,12,22,22,22,15,13,14,16,12,10,22,22,10,10,6,17,8,9,9,10,12,12,12,22,1,2,3,3,22,22,22,22,12,22,22,22,12,22,22,22,10,10,22,22,22,22,22,22,22,10,10,10,10,22,22,4,22,10,22,
4,4,4,4,12,5,7,6,8,9,9,4,18,21,12,10,11,11,10,10,10,1,2,3,3,4,
1,2,18,
1,2,3,3,4,12,12,4,4,4,4,5,12,6,7,8,9,9,4,10,11,11,10,12,22,22,15,14,16,13,12,22,22,22,22,22,
12,1,2,3,3,4,4,4,4,4,15,14,16,13,12,10,11,11,10,5,6,7,8,9,9,4,10,10,12,12,
1,2,2,20,18,20,
4,4,19,4,4,4,4,4,4,4,4,4,4,4,1,2,2,20,3,3,20,4,4,4,4,4,4,4,
1,2,2,20,18,20,
1,2,18,
18,4,20,3,3,20,1,2,2,4,
1,2,18,
1,2,3,3,10,10,10,10,4,10,10,5,6,7,8,9,9,4,10,10,10,10,10,19,17,10,
1,2,18,
1,2,4,3,3,4,4,4,4,4,4,4,4,4,4,19,4,4,4,4,
5,6,7,8,9,9,4,10,10,12,15,16,14,13,12,12,12,22,22,22,1,2,3,3,10,11,11,10,10,10,12,22,22,4,22,22,
10,11,11,10,4,10,10,5,12,12,12,12,12,1,2,3,3,6,7,8,9,9,4,21,18,12,10,10,10,10,10,10,
22,22,10,10,22,5,22,22,10,11,11,10,7,6,8,9,9,4,10,10,22,22,12,12,10,12,17,6,8,9,9,10,10,10,12,12,22,22,10,6,17,8,9,9,10,10,22,22,10,22,15,14,16,13,12,12,22,22,22,22,22,12,22,22,22,22,4,1,2,22,3,3,
1,2,2,4,18,4,20,20,20,3,3,20,
18,20,1,2,2,20,20,20,
4,4,4,4,4,4,4,5,6,7,8,9,9,4,10,10,1,2,3,3,10,10,19,17,10,10,
20,18,20,20,20,20,1,2,2,20,20,20,20,20,20,20,
1,2,18,
4,22,4,22,10,22,20,10,3,3,20,5,10,10,11,11,10,10,6,7,8,9,9,4,10,10,10,10,4,4,10,4,4,4,10,12,10,4,4,10,4,10,22,22,22,4,4,10,4,10,4,22,4,4,10,22,22,22,22,10,22,22,22,22,4,1,2,2,22,4,12,10,15,14,16,13,12,22,4,4,22,6,17,8,9,9,10,10,22,12,12,10,4,4,22,22,10,4,4,4,4,4,4,4,
20,20,20,1,2,2,3,3,20,4,10,5,10,7,6,8,9,9,4,10,17,19,10,10,10,
1,2,18,
18,4,20,20,20,3,3,20,1,2,2,4,
20,18,20,1,2,2,
6,17,8,9,9,10,10,10,10,10,10,10,4,4,4,1,2,2,4,4,4,4,10,10,10,4,10,10,10,10,10,10,10,10,20,4,4,10,3,3,20,10,10,10,10,19,17,10,4,4,4,4,10,10,4,10,10,10,10,5,10,10,6,7,8,9,9,4,10,
1,2,18,
4,4,4,4,4,4,4,4,4,4,4,4,4,4,4,4,4,1,2,3,3,4,19,4,
22,22,12,22,12,12,10,10,12,22,22,22,17,19,22,22,22,10,11,11,10,22,4,12,12,22,22,12,12,4,4,22,5,22,6,7,8,9,9,4,1,2,3,3,22,22,22,22,22,22,22,12,22,22,22,22,22,
10,10,10,10,10,4,10,4,4,4,10,10,1,2,3,3,10,10,4,4,10,5,10,4,10,10,10,10,10,19,17,10,7,6,8,9,9,4,10,10,10,10,
1,2,18,
4,4,4,10,5,10,7,6,8,9,9,4,10,20,17,6,8,9,9,10,10,1,2,2,10,3,3,20,10,17,19,10,
4,4,1,2,4,3,3,4,4,4,4,4,4,4,4,4,4,4,19,4,4,4,4,4,4,4,
12,10,11,11,10,15,13,14,16,12,10,10,20,22,22,22,22,3,3,20,22,4,4,12,12,4,22,10,22,5,22,22,22,17,6,8,9,9,10,10,10,12,6,7,8,9,9,4,22,22,22,1,2,2,22,22,
10,15,14,13,16,12,1,2,3,3,10,10,11,11,10,4,12,12,4,4,5,7,6,8,9,9,4,10,10,12,12,12,
4,5,1,2,3,3,6,7,8,9,9,4,4,4,10,19,17,10,
1,2,18,
22,22,22,5,10,10,10,11,11,10,12,7,6,8,9,9,4,10,22,22,22,22,6,17,8,9,9,10,22,14,15,13,16,12,22,22,22,22,22,22,22,22,22,12,12,22,22,10,22,22,10,10,4,22,22,22,22,22,22,22,22,22,22,4,22,22,22,22,17,6,8,9,9,10,22,22,10,10,10,22,22,1,2,3,3,22,22,22,22,12,22,22,10,22,22,4,22,22,22,22,22,22,4,4,
6,7,8,9,9,4,10,10,10,10,12,11,11,10,12,22,22,22,22,22,12,12,15,13,14,16,12,22,22,12,12,1,2,3,3,4,10,5,
19,17,10,4,10,10,5,6,7,8,9,9,4,10,10,1,2,3,3,10,
4,4,4,4,4,4,4,4,20,4,3,3,20,4,4,4,4,4,4,4,4,18,4,4,1,2,2,4,4,4,4,4,4,4,4,4,4,4,
4,4,20,3,3,20,4,4,4,4,4,4,4,4,4,1,2,2,18,4,
12,12,22,10,12,22,10,11,11,10,22,22,10,22,4,12,5,22,6,7,8,9,9,4,22,13,15,14,16,12,1,2,3,3,22,22,
4,5,19,4,1,2,3,3,
20,5,3,3,20,6,7,8,9,9,4,10,6,17,8,9,9,10,10,17,6,8,9,9,12,22,1,2,2,10,12,15,13,14,16,22,22,12,12,10,11,11,10,22,22,22,12,12,22,12,4,
1,2,18,
3,3,20,4,12,4,4,10,11,11,10,5,6,7,8,9,9,4,10,10,14,15,16,13,12,10,10,1,2,2,4,4,20,
4,4,1,2,4,3,3,4,4,4,4,4,4,10,4,4,5,19,17,10,6,7,8,9,9,4,10,4,6,17,8,9,9,10,10,4,10,
5,14,13,15,16,12,4,1,2,3,3,4,4,10,4,7,6,8,9,9,4,11,11,10,4,12,4,4,4,4,
4,10,4,6,7,8,9,9,4,10,4,4,6,17,8,9,9,10,10,10,10,10,10,4,10,4,4,10,4,1,2,3,3,10,10,10,4,10,10,10,4,10,4,10,10,10,10,10,10,10,19,17,10,10,10,10,4,4,4,4,10,10,4,4,10,5,
1,2,2,20,18,20,
1,2,10,3,3,10,4,10,5,17,19,10,10,6,7,8,9,9,4,10,10,10,
1,2,18,
10,10,10,10,10,10,10,10,4,1,2,2,10,19,17,5,6,7,8,9,9,4,10,10,10,10,20,3,3,20,
4,1,2,2,18,4,4,4,20,3,3,20,
4,4,4,4,4,1,2,2,4,4,4,10,10,4,10,10,10,11,11,10,4,4,4,4,4,12,4,4,5,20,7,6,8,9,9,4,10,10,3,3,20,21,18,12,4,4,4,10,10,
20,18,20,1,2,2,
20,3,3,20,4,1,2,2,18,4,
1,2,18,
10,11,11,10,4,4,5,4,1,2,3,3,6,7,8,9,9,4,12,15,16,14,13,12,4,4,
1,2,18,
10,10,20,3,3,20,4,4,4,10,4,10,4,5,10,1,2,2,10,7,6,8,9,9,4,4,4,10,10,17,19,10,10,10,10,10,10,10,10,10,
4,4,4,4,4,4,4,1,2,3,3,4,19,4,4,4,
1,2,18,
5,6,7,8,9,9,4,1,2,3,3,10,19,17,10,4,4,4,4,4,
4,4,4,1,2,3,3,4,4,4,4,4,4,19,
20,18,20,23,23,23,23,23,23,23,23,20,20,20,20,20,1,2,2,20,20,20,20,
20,18,20,1,2,2,
4,5,7,6,8,9,9,4,10,10,10,10,1,2,3,3,10,11,11,10,12,18,21,12,
20,1,2,2,18,20,
18,20,1,2,2,20,
1,2,18,
6,7,8,9,9,4,4,4,1,2,3,3,10,17,19,10,4,5,
4,10,4,5,12,15,16,13,14,12,7,6,8,9,9,4,10,11,11,10,12,1,2,3,3,12,4,10,10,10,
1,2,18,
4,4,4,5,6,7,8,9,9,4,4,10,6,17,8,9,9,10,10,6,17,8,9,9,10,10,10,10,4,6,17,8,9,9,10,10,10,10,10,1,2,3,3,10,4,17,19,10,4,4,4,4,4,10,10,10,10,4,4,10,10,
1,2,2,20,18,20,
1,2,3,3,4,4,12,4,12,5,7,6,8,9,9,4,10,11,11,10,12,4,4,14,15,13,16,12,
1,2,18,
1,2,2,4,4,4,4,4,4,4,4,4,4,4,4,4,4,4,4,4,4,19,4,4,4,4,4,20,3,3,20,
10,11,11,10,4,5,7,6,8,9,9,4,10,10,1,2,3,3,12,10,6,17,8,9,9,10,15,14,13,16,12,
10,10,10,10,10,10,10,10,10,10,1,2,2,10,10,10,10,10,10,10,10,20,10,3,3,20,10,10,19,17,10,10,10,4,10,4,10,4,5,10,6,7,8,9,9,4,
1,2,18,
1,2,18,
1,2,2,10,19,17,10,4,5,4,4,7,6,8,9,9,4,20,3,3,20,
10,19,17,10,1,2,3,3,4,5,6,7,8,9,9,4,
10,10,10,10,10,10,10,4,4,10,1,2,10,10,3,3,4,4,10,10,5,6,7,8,9,9,4,10,10,10,10,10,10,10,10,10,17,6,8,9,9,10,4,10,17,19,10,10,10,10,10,
1,2,18,
4,4,4,4,4,4,4,4,4,4,4,4,4,4,4,4,1,2,3,3,4,4,4,19,4,4,4,4,4,4,
4,4,4,12,5,7,6,8,9,9,4,13,14,15,16,12,10,10,1,2,3,3,10,11,11,10,10,17,6,8,9,9,10,10,10,
22,4,5,22,7,6,8,9,9,4,10,10,6,17,8,9,9,10,10,22,22,10,12,10,12,12,10,10,4,22,4,10,22,10,22,22,22,22,22,22,22,1,2,2,10,17,6,8,9,9,12,22,16,14,15,13,22,10,22,22,10,20,22,3,3,10,20,11,11,10,22,12,10,
10,10,4,10,10,5,7,6,8,9,9,4,10,10,10,10,10,10,10,10,10,17,19,1,2,3,3,10,10,
20,18,20,1,2,2,
12,12,16,14,13,15,1,2,2,12,10,10,11,11,10,10,4,4,4,5,6,7,8,9,9,4,20,3,3,20,12,
10,10,22,22,22,12,22,22,1,2,22,3,3,4,21,18,12,4,4,4,4,5,6,7,8,9,9,4,22,22,10,11,11,10,12,12,12,22,
1,2,3,3,4,12,5,6,7,8,9,9,4,10,11,11,10,15,16,14,13,12,
1,2,18,
4,10,5,17,19,10,10,10,6,7,8,9,9,4,10,1,2,3,3,10,10,10,
1,2,18,
1,2,18,
10,10,10,1,2,2,20,19,17,10,3,3,20,4,4,4,5,7,6,8,9,9,4,
1,2,18,
1,2,18,
1,2,18,
4,19,4,1,2,3,3,
12,12,22,22,10,11,11,10,22,22,10,10,10,10,22,10,10,10,12,4,4,5,6,7,8,9,9,4,22,12,10,22,1,2,3,3,4,21,18,12,
3,3,20,4,5,10,10,6,7,8,9,9,4,10,10,10,10,10,10,10,19,17,10,10,10,1,2,2,20,
3,3,12,13,14,15,16,12,12,22,22,22,12,12,4,12,5,7,6,8,9,9,4,10,10,22,10,22,11,11,10,12,22,22,1,2,12,12,
1,2,3,3,4,5,7,6,8,9,9,4,10,11,11,10,12,14,15,13,16,12,
1,2,2,20,18,20,20,20,
20,20,20,1,2,2,18,20,20,20,
5,20,6,7,8,9,9,4,10,3,3,20,1,2,2,12,10,10,10,14,15,16,13,12,12,12,12,12,10,10,10,10,22,22,10,11,11,10,22,12,4,
1,2,2,23,23,18,23,23,23,23,
1,2,18,
20,20,20,18,20,20,20,1,2,2,
1,2,18,
1,2,18,
4,10,17,19,10,3,3,20,4,4,4,4,4,5,6,7,8,9,9,4,10,10,20,10,10,20,10,20,10,20,4,20,20,20,20,20,1,2,2,10,10,20,20,4,4,
20,20,20,3,3,20,4,20,20,5,7,6,8,9,9,4,10,10,10,10,10,10,10,1,2,2,21,18,10,
20,18,20,1,2,2,
1,2,18,
4,4,4,4,4,4,4,4,4,4,4,4,4,4,4,4,4,4,4,19,4,4,4,4,1,2,3,3,
1,2,2,20,20,20,3,3,20,4,18,4,
22,1,2,3,3,4,5,7,6,8,9,9,4,10,10,12,12,10,15,16,14,13,12,10,10,10,22,22,10,11,11,10,22,22,22,22,22,22,12,12,
12,22,22,22,22,15,13,14,16,12,10,22,10,22,12,1,2,3,3,22,4,22,22,10,22,22,10,12,12,5,22,6,7,8,9,9,4,22,22,10,22,11,11,10,22,22,22,10,22,22,10,10,12,12,10,10,10,22,22,10,10,10,12,17,6,8,9,9,10,22,22,22,22,10,22,10,22,22,22,22,22,22,12,22,12,22,22,22,22,22,10,10,10,22,10,22,22,
22,10,10,10,10,22,22,17,19,22,1,2,3,3,12,12,10,11,11,10,4,5,12,6,7,8,9,9,4,
10,10,4,10,12,10,10,5,6,7,8,9,9,4,10,10,1,2,14,16,13,15,12,3,3,11,11,10,10,10,10,10,10,10,6,17,8,9,9,10,10,
20,20,18,20,20,1,2,2,
20,1,2,2,20,20,18,20,
6,17,8,9,9,10,6,7,8,9,9,4,10,10,10,10,10,10,10,10,10,10,1,2,2,20,3,3,20,4,5,4,4,10,19,17,10,
1,2,18,
7,6,8,9,9,4,10,4,10,10,11,11,10,4,4,20,3,3,20,4,4,1,2,2,12,4,4,4,4,4,18,21,4,12,4,4,5,
20,20,20,18,20,1,2,2,
4,4,4,4,4,4,4,4,4,4,4,4,4,1,2,4,4,3,3,4,4,4,4,4,19,4,4,4,
20,18,20,1,2,2,
19,4,1,2,3,3,4,
3,3,10,10,10,10,10,10,10,4,5,10,7,6,8,9,9,4,10,10,10,10,10,19,17,10,10,1,2,
4,1,2,2,20,3,3,20,4,4,4,4,4,4,4,4,4,4,4,4,4,4,4,4,4,4,4,4,4,4,4,4,4,4,4,4,4,18,4,4,4,4,4,4,4,4,4,4,
1,2,2,20,18,20,
10,10,10,10,10,1,2,2,10,20,3,3,20,10,4,5,7,6,8,9,9,4,10,10,17,19,10,10,10,10,10,10,
1,2,2,20,18,20,
10,10,13,15,16,14,12,10,11,11,10,4,4,5,4,4,12,1,2,7,6,8,9,9,4,3,3,4,
5,10,10,7,6,8,9,9,4,10,17,19,10,10,10,10,10,10,10,10,10,1,2,10,3,3,10,10,4,10,
1,2,2,20,18,20,
20,20,18,20,1,2,2,20,
1,2,18,
6,17,8,9,9,10,1,2,3,3,4,12,6,17,8,9,9,12,22,14,15,13,16,22,5,4,4,12,6,7,8,9,9,4,10,10,12,10,11,11,10,12,12,12,12,10,
17,6,8,9,9,10,10,10,10,11,11,10,14,15,16,13,12,10,10,1,2,3,3,4,12,4,4,5,6,7,8,9,9,4,10,10,10,
3,3,20,4,18,4,4,1,2,2,4,20,
17,6,8,9,9,12,12,22,15,16,14,13,22,10,11,11,10,10,10,10,12,12,12,12,10,10,10,10,12,12,12,12,1,2,3,3,4,5,6,7,8,9,9,4,10,6,17,8,9,9,10,10,
3,3,4,12,5,7,6,8,9,9,4,10,10,15,13,14,16,12,10,11,11,10,1,2,
1,2,2,20,18,20,
4,10,4,10,4,4,4,1,2,3,3,4,4,4,4,10,10,10,10,4,5,4,6,7,8,9,9,4,10,10,10,10,10,10,10,19,17,4,4,4,4,4,4,10,10,
1,2,18,
4,4,4,4,4,4,4,19,4,1,2,3,3,4,4,
4,1,2,3,3,5,10,10,10,6,7,8,9,9,4,10,10,10,10,19,17,10,
1,2,3,3,4,19,4,4,4,4,4,
7,6,8,9,9,4,10,10,6,17,8,9,9,10,10,1,2,3,3,10,10,10,11,11,10,12,22,22,22,12,12,12,4,17,6,8,9,9,12,22,14,15,13,16,22,10,10,10,10,5,
1,2,18,
18,20,1,2,2,20,
5,10,10,17,6,8,9,9,10,6,7,8,9,9,10,4,10,10,10,10,10,10,10,10,20,10,3,3,20,10,10,10,10,10,10,10,10,10,10,10,10,10,10,4,4,10,10,10,17,19,10,10,10,10,10,1,2,2,10,4,10,10,10,10,10,
10,10,10,10,10,10,10,10,10,10,4,10,6,17,8,9,9,10,10,10,10,10,5,10,6,7,8,9,9,4,10,10,10,19,17,1,2,3,3,10,10,10,10,10,
5,10,11,11,10,4,4,6,7,8,9,9,4,10,10,10,10,10,10,12,10,10,15,14,16,13,12,1,2,3,3,4,
3,3,10,4,10,10,10,5,10,6,7,8,9,9,4,10,10,10,10,17,19,10,1,2,
1,2,3,3,4,4,4,4,4,4,19,4,4,4,4,4,4,4,4,4,4,4,4,4,
10,19,17,10,4,1,2,3,3,4,4,5,6,7,8,9,9,4,10,10,10,10,10,10,
4,4,4,4,4,4,4,4,1,2,3,3,4,4,4,4,4,4,4,4,19,4,4,4,4,4,4,4,4,4,4,4,
1,2,18,
12,15,13,14,16,12,4,10,11,11,10,5,1,2,3,3,7,6,8,9,9,4,
6,7,8,9,9,4,10,10,15,14,16,13,22,12,10,10,22,22,12,12,12,4,12,22,1,2,5,3,3,10,11,11,10,
1,2,18,
10,1,2,3,3,5,6,7,8,9,9,4,10,19,17,10,10,10,4,4,10,4,
12,1,2,3,3,10,10,4,10,10,10,5,6,7,8,9,9,4,21,18,12,10,10,10,4,4,10,4,4,10,10,10,10,10,10,10,10,11,11,10,
20,20,18,20,1,2,2,20,
1,2,2,20,18,20,
4,1,2,3,3,4,4,4,4,4,4,4,4,4,18,4,4,
1,2,2,20,18,20,
1,2,2,20,18,20,
1,2,3,3,4,19,4,4,
10,5,1,2,10,3,3,6,7,8,9,9,4,10,10,10,10,10,17,19,10,4,
1,2,18,
1,2,18,
1,2,2,20,18,20,
22,22,22,22,22,12,12,22,5,22,22,22,10,10,22,10,22,10,22,22,10,22,22,7,6,8,9,9,4,10,10,22,22,10,10,22,10,22,22,22,22,22,22,22,22,22,22,22,10,22,22,22,22,22,22,12,10,22,22,22,22,22,4,22,13,16,14,15,12,22,4,22,22,22,22,12,12,22,22,22,22,22,22,22,10,22,22,10,10,22,22,10,22,22,22,12,1,2,2,22,22,4,22,10,11,11,10,4,12,4,4,22,22,10,22,10,22,22,4,22,22,20,22,22,22,22,3,3,20,22,22,22,22,
1,2,18,
20,20,18,20,1,2,2,20,
1,2,18,
22,10,11,11,10,22,22,22,22,22,22,22,4,21,18,12,12,12,5,22,22,22,22,7,6,8,9,9,4,22,10,22,10,22,22,22,22,22,12,10,10,22,22,22,22,12,22,22,12,22,22,22,22,22,1,2,3,3,22,12,12,22,22,22,22,22,22,22,
1,2,18,
1,2,3,3,4,4,4,18,4,
10,10,4,10,10,10,1,2,3,3,4,10,4,4,4,10,5,10,10,6,7,8,9,9,4,10,10,10,10,21,18,10,
1,2,2,20,18,20,
6,7,8,9,9,4,10,19,17,10,20,3,3,20,4,1,2,2,5,
10,10,10,10,10,1,2,3,3,10,4,5,7,6,8,9,9,4,10,17,6,8,9,9,10,10,10,10,19,17,10,10,10,
1,2,2,20,20,20,18,20,
3,3,20,4,4,4,4,4,4,4,4,4,4,4,19,4,4,4,4,4,4,4,1,2,2,4,4,4,4,4,4,4,4,20,
10,1,2,2,20,3,3,20,10,4,10,10,5,6,7,8,9,9,4,10,10,10,17,19,10,
12,12,7,6,8,9,9,4,10,10,10,11,11,10,1,2,3,3,21,18,22,10,12,10,10,12,10,10,10,10,4,4,12,4,10,22,5,
1,2,18,
1,2,18,
1,2,18,
22,4,12,12,12,4,4,22,10,11,11,10,5,6,7,8,9,9,4,22,10,10,10,12,10,22,1,2,3,3,22,22,22,12,19,17,22,
1,2,18,
1,2,18,
1,2,18,
1,2,18,
18,4,1,2,2,20,3,3,20,4,4,4,
1,2,2,20,3,3,20,4,19,4,
4,10,10,12,10,5,10,10,7,6,8,9,9,4,10,10,10,10,10,10,1,2,10,3,3,10,17,6,8,9,9,10,10,21,18,12,10,10,11,11,10,10,10,10,10,10,10,4,10,10,4,
1,2,3,3,4,10,11,11,10,5,6,7,8,9,9,4,12,15,13,14,16,12,
1,2,18,
12,12,1,2,2,20,3,3,20,4,5,12,12,7,6,8,9,9,4,12,22,22,22,15,16,14,13,12,12,12,10,11,11,10,22,22,12,22,12,22,22,22,22,22,12,10,10,10,22,22,10,
10,10,12,12,4,1,2,3,3,5,10,6,17,8,9,9,10,10,22,22,22,12,6,7,8,9,9,4,10,10,13,14,16,15,12,10,22,10,11,11,10,12,22,22,22,
5,6,7,8,9,9,4,10,10,1,2,3,3,10,17,19,10,4,
20,18,20,1,2,2,20,20,20,20,
20,18,20,1,2,2,
20,18,20,1,2,2,20,20,
1,2,18,
1,2,3,3,4,19,4,
5,7,6,8,9,9,4,10,4,10,10,11,11,10,12,12,18,21,12,1,2,3,3,4,4,4,10,10,12,4,
10,22,22,22,10,11,11,10,22,22,12,12,22,12,12,12,1,2,3,3,4,5,22,22,6,7,8,9,9,4,12,22,10,10,22,22,12,22,22,17,19,22,22,22,10,
10,11,11,10,1,2,3,3,4,4,5,6,7,8,9,9,4,4,4,12,4,14,15,16,13,12,
1,2,18,
1,2,18,
1,2,3,3,4,4,4,4,4,19,4,
1,2,2,20,18,20,
1,2,2,20,3,3,20,4,10,10,10,10,4,4,5,6,7,8,9,9,4,10,17,19,10,
12,12,1,2,2,12,12,15,14,16,13,12,22,22,20,3,3,20,12,22,4,10,11,11,10,10,22,10,17,6,8,9,9,10,10,12,10,5,22,22,7,6,8,9,9,4,10,22,22,22,17,6,8,9,9,10,10,
10,10,10,10,10,1,2,3,3,10,10,4,10,5,7,6,8,9,9,4,10,17,19,
12,10,10,18,21,12,1,2,3,3,4,4,4,4,4,4,4,4,4,5,6,7,8,9,9,4,4,4,10,10,11,11,10,10,12,12,
10,7,6,8,9,9,4,10,10,10,11,11,10,1,2,2,20,10,10,10,22,20,20,22,22,22,22,12,12,10,18,21,22,3,3,20,4,10,22,22,12,5,
10,17,6,8,9,9,10,10,10,10,19,17,10,4,1,2,3,3,4,4,4,4,4,4,4,4,4,4,10,10,10,5,6,7,8,9,9,4,10,
1,2,18,
10,10,12,12,22,22,22,22,22,10,12,10,10,10,6,17,8,9,9,10,10,10,10,10,12,15,13,14,16,12,10,10,22,11,11,10,22,1,2,12,3,3,4,22,12,5,6,7,8,9,9,4,12,22,12,
1,2,18,
18,20,1,2,2,20,
5,7,6,8,9,9,4,10,11,11,10,12,12,22,12,12,12,12,10,10,12,12,12,22,18,21,22,12,22,22,22,22,12,12,1,2,3,3,4,22,22,
1,2,2,20,18,20,
10,22,12,22,12,12,12,22,22,10,22,22,22,22,22,12,22,22,22,22,22,22,12,22,12,12,12,12,12,12,12,12,22,22,12,22,1,2,12,3,3,12,22,22,12,12,12,12,22,22,12,4,22,12,22,12,22,12,22,12,22,12,12,22,12,22,12,12,12,22,12,12,12,12,12,10,12,12,22,10,12,22,12,22,22,12,12,22,22,10,22,12,11,11,22,10,12,12,22,12,4,4,22,22,5,12,12,22,12,6,7,8,9,9,4,12,10,12,22,22,12,22,22,12,22,22,22,22,22,10,22,22,22,12,12,22,22,22,22,22,22,22,22,10,22,22,22,22,19,17,22,12,22,10,22,22,22,12,12,22,22,22,22,22,22,22,22,
1,2,18,
10,4,4,10,10,10,10,10,4,10,10,4,4,10,10,10,10,5,10,10,6,7,8,9,9,4,10,10,1,2,3,3,10,10,10,10,10,10,19,17,10,10,10,4,10,10,10,10,10,10,4,10,10,10,10,10,10,
1,2,18,
10,10,10,5,10,6,7,8,9,9,4,10,10,10,10,10,10,10,10,10,10,10,10,10,10,10,19,17,1,2,3,3,4,
1,2,18,
1,2,2,20,18,20,
1,2,18,
18,4,1,2,3,3,4,
1,2,18,
10,10,11,11,10,12,12,22,22,22,22,14,16,13,15,12,1,2,3,3,4,12,12,5,7,6,8,9,9,4,10,22,22,22,
1,2,18,
12,1,2,2,20,3,3,20,22,22,22,22,4,12,15,13,14,16,12,22,22,12,5,7,6,8,9,9,4,10,10,10,11,11,10,12,12,22,22,22,22,22,22,22,12,
19,17,10,1,2,3,3,4,5,7,6,8,9,9,4,10,10,10,10,10,10,10,
12,10,11,11,10,1,2,3,3,4,12,5,7,6,8,9,9,4,10,10,13,15,14,16,12,12,12,12,
5,10,11,11,10,6,7,8,9,9,4,10,12,10,10,10,10,10,10,10,4,10,4,4,4,4,4,1,2,3,3,4,4,4,16,14,13,15,12,10,4,10,4,4,4,10,
17,6,8,9,9,10,10,10,12,12,12,10,11,11,10,1,2,3,3,4,10,5,10,7,6,8,9,9,4,10,10,10,17,6,8,9,9,10,10,10,10,10,18,21,12,10,10,10,17,6,8,9,9,10,10,10,10,
4,4,4,4,4,4,4,4,4,4,4,4,4,4,4,4,4,1,2,4,3,3,4,19,4,4,4,4,
4,4,20,20,3,3,20,4,4,4,4,4,4,4,4,4,4,4,1,2,2,18,4,4,4,20,
12,22,4,12,5,12,7,6,8,9,9,4,10,6,17,8,9,9,10,10,10,10,10,10,11,11,10,1,2,22,3,3,22,19,17,22,12,12,
12,12,12,10,11,11,10,1,2,2,20,3,3,20,4,15,14,16,13,12,5,7,6,8,9,9,4,10,10,
1,2,3,3,4,10,22,10,10,12,12,11,11,10,22,5,22,22,7,6,8,9,9,4,10,12,10,22,22,22,22,22,10,10,22,15,16,14,13,12,22,22,22,12,22,10,10,22,22,22,
10,12,15,16,14,13,12,10,11,11,10,1,2,3,3,4,4,4,5,6,7,8,9,9,4,10,10,10,
1,2,2,20,18,20,
4,10,4,10,11,11,10,22,10,10,22,22,5,12,22,10,7,6,8,9,9,4,17,6,8,9,9,10,10,10,10,10,19,17,22,22,10,10,10,12,12,10,10,22,12,12,1,2,12,3,3,4,22,22,4,4,
12,12,12,12,12,1,2,3,3,4,5,12,6,7,8,9,9,4,10,22,10,21,18,22,22,10,11,11,10,12,22,22,10,10,22,12,12,
10,4,10,10,4,1,2,3,3,10,10,10,6,17,8,9,9,10,10,10,4,5,10,10,10,10,17,19,10,10,10,7,6,8,9,9,4,10,4,10,4,
5,6,7,8,9,9,4,10,1,2,3,3,19,17,10,10,10,10,10,10,10,10,10,4,
10,10,4,4,12,5,4,4,7,6,8,9,9,4,1,2,3,3,14,15,13,16,12,10,10,4,4,10,11,11,10,4,4,4,
1,2,18,
1,2,2,20,18,20,
10,22,12,22,12,12,4,4,4,22,22,4,22,22,21,18,12,22,12,1,2,3,3,4,5,10,22,22,11,11,10,6,7,8,9,9,4,10,
10,10,10,10,10,10,10,10,10,10,4,10,10,10,10,5,10,19,17,7,6,8,9,9,4,10,10,6,17,8,9,9,10,10,10,10,10,1,2,10,3,3,
12,3,3,14,16,15,13,12,10,4,10,4,10,10,4,10,11,11,10,5,7,6,8,9,9,4,1,2,
10,10,1,2,3,3,10,17,19,10,4,5,6,7,8,9,9,4,10,10,6,17,8,9,9,10,10,10,10,
12,12,10,10,15,16,13,14,12,1,2,3,3,10,12,10,12,10,11,11,10,12,12,12,4,12,12,12,12,5,6,7,8,9,9,4,12,12,12,12,
1,2,2,20,18,20,
1,2,18,
10,10,10,10,1,2,4,4,3,3,4,5,6,7,8,9,9,4,10,10,10,10,10,10,10,17,19,10,10,10,10,10,10,
17,6,8,9,9,10,10,10,10,19,17,10,1,2,3,3,4,5,6,7,8,9,9,4,10,
1,2,18,
1,2,18,
1,2,18,
4,4,4,4,5,4,4,4,7,6,8,9,9,4,10,6,17,8,9,9,10,10,10,10,11,11,10,4,12,4,14,13,15,16,12,1,2,3,3,4,4,4,4,4,4,
4,19,4,1,2,2,20,3,3,20,
10,10,10,10,10,11,11,10,12,4,10,10,5,10,18,21,12,10,6,7,8,9,9,4,10,10,1,2,3,3,
4,12,12,1,2,3,3,5,22,22,7,6,8,9,9,4,10,11,11,10,22,22,22,22,22,12,12,22,22,22,22,22,15,13,16,14,12,4,22,4,
1,2,18,
20,20,1,2,2,4,18,4,20,3,3,20,20,20,
4,10,10,11,11,10,10,10,10,1,2,14,15,13,16,12,3,3,4,10,10,5,7,6,8,9,9,4,12,4,
10,11,11,10,12,13,14,16,15,12,1,2,3,3,10,4,5,6,7,8,9,9,4,10,
1,2,3,3,4,19,4,
1,2,2,20,18,20,
1,2,18,
1,2,18,
1,2,18,
1,2,18,
15,14,16,13,12,12,20,10,10,3,3,20,4,10,11,11,10,1,2,2,5,7,6,8,9,9,4,12,12,
1,2,18,
4,5,6,7,8,9,9,4,10,10,10,17,19,10,1,2,3,3,
20,18,20,1,2,2,
1,2,2,20,18,20,
1,2,18,
4,19,4,1,2,3,3,4,4,4,4,
10,4,10,10,11,11,10,10,20,3,3,20,5,10,12,10,6,7,8,9,9,4,10,10,10,10,10,18,21,12,6,17,8,9,9,10,4,4,1,2,2,10,
1,2,18,
12,10,4,10,6,17,8,9,9,10,10,10,10,10,10,18,21,12,5,10,7,6,8,9,9,10,4,10,10,10,10,10,1,2,10,3,3,10,10,10,10,11,11,10,10,10,10,
1,2,2,20,18,20,
1,2,2,20,18,20,
1,2,2,20,18,20,
22,4,22,22,4,22,22,12,12,22,22,22,4,22,5,22,4,22,22,22,4,7,6,8,9,9,4,10,19,17,22,22,10,22,22,22,4,22,22,22,22,22,22,22,22,22,4,22,22,22,22,22,4,4,22,12,22,22,22,22,22,22,22,22,22,22,22,1,2,3,3,22,22,22,22,22,4,22,4,22,22,22,22,22,22,22,4,4,22,22,22,10,11,11,10,22,22,22,22,22,22,22,22,22,22,22,22,22,22,22,22,12,12,22,22,22,22,22,12,22,12,22,22,22,22,22,10,10,22,22,22,22,10,22,22,12,10,4,22,22,4,
22,22,12,12,10,10,13,14,16,15,12,12,1,2,10,11,11,10,3,3,4,22,22,22,5,12,12,6,7,8,9,9,4,12,
1,2,2,20,18,20,
1,2,2,20,18,20,
1,2,18,
1,2,18,
1,2,18,
18,4,1,2,2,4,20,4,20,20,3,3,20,4,4,4,4,4,4,4,
1,2,18,
10,10,12,4,5,7,6,8,9,9,4,13,16,15,14,12,10,10,10,10,1,2,11,11,10,3,3,10,
19,4,4,4,1,2,3,3,4,
5,6,7,8,9,9,4,10,11,11,10,12,15,16,14,13,12,1,2,3,3,4,
20,3,3,20,4,19,4,1,2,2,
1,2,2,20,18,20,
4,4,4,1,2,2,20,3,3,20,4,4,18,4,
1,2,18,
1,2,2,20,18,20,
1,2,3,3,4,10,17,19,10,5,7,6,8,9,9,4,10,10,
12,10,20,6,7,8,9,9,4,4,3,3,20,10,10,10,10,10,12,10,10,10,12,12,4,4,12,12,1,2,2,10,10,4,11,11,10,12,15,13,14,16,12,5,4,
4,4,4,4,1,2,3,3,4,18,4,
20,3,3,20,4,18,4,1,2,2,
1,2,2,20,18,20,
12,12,12,22,1,22,2,2,22,22,22,20,3,3,20,4,22,22,22,12,22,22,5,22,22,12,12,22,22,22,7,6,8,9,9,4,10,10,22,22,10,22,22,22,17,6,8,9,9,10,10,12,22,10,10,12,22,22,22,10,22,22,6,17,8,9,9,22,22,10,10,22,22,22,22,22,10,22,10,10,22,22,22,10,10,11,11,10,22,22,22,14,15,16,13,22,22,12,22,11,11,22,22,10,10,22,22,22,22,22,22,22,10,22,22,22,22,10,22,10,10,22,22,22,10,10,12,12,12,12,
1,2,3,3,4,4,4,4,10,4,10,4,10,10,4,10,10,10,10,5,10,19,17,6,7,8,9,9,4,10,10,
1,2,2,20,18,20,
1,2,2,20,18,20,
12,14,15,16,13,12,22,22,12,22,12,12,12,12,4,22,22,22,22,5,22,22,6,7,8,9,9,4,12,10,1,10,2,3,3,12,10,11,11,10,12,12,
22,12,12,15,14,13,16,12,22,22,1,2,2,20,3,3,20,4,5,7,6,8,9,9,4,10,11,11,10,12,12,22,22,
7,6,8,9,9,4,22,22,22,22,10,10,10,6,17,8,9,9,10,10,10,12,10,10,22,22,22,22,22,10,22,22,10,22,10,22,10,22,22,10,22,17,6,8,9,9,12,22,22,22,22,10,22,22,10,10,22,22,12,4,22,22,22,10,22,22,14,15,16,13,12,11,11,22,22,22,10,22,4,22,4,22,22,22,22,22,1,2,10,22,22,3,3,11,11,10,5,22,22,22,22,22,
18,1,2,
22,12,22,22,22,22,22,11,11,22,22,1,2,3,3,4,22,22,10,22,5,6,7,8,9,9,4,10,10,17,6,8,9,9,10,6,17,8,9,9,22,22,6,17,8,9,9,22,22,22,22,10,22,10,10,10,10,22,6,17,8,9,9,22,22,6,17,8,9,9,10,10,12,12,22,22,17,6,8,9,9,10,12,22,14,15,16,13,12,22,10,11,11,10,22,10,10,
1,2,2,20,18,20,
1,2,2,20,18,20,
10,11,11,10,1,2,3,3,4,4,4,5,4,12,7,6,8,9,9,4,10,4,12,12,15,13,14,16,12,10,
4,4,4,5,1,2,3,3,7,6,8,9,9,4,10,17,19,10,
22,4,12,12,10,17,6,8,9,9,10,10,10,10,12,12,12,12,10,12,22,22,22,22,22,22,22,22,22,22,10,10,22,22,12,10,11,11,10,12,1,2,2,22,22,20,3,3,20,4,22,4,5,7,6,8,9,9,4,4,22,22,4,12,12,12,22,22,4,22,22,22,22,4,22,22,22,12,22,15,14,13,16,12,
20,20,20,20,18,20,1,2,2,20,20,20,
10,10,4,10,10,5,7,6,8,9,9,4,10,10,10,10,1,2,3,3,10,17,19,10,
4,20,18,4,3,3,20,4,4,20,20,1,2,2,
4,10,10,1,2,2,5,12,7,6,8,9,9,4,10,20,10,3,3,20,10,10,10,10,10,11,11,10,21,18,12,
20,3,3,20,1,2,2,4,18,4,
22,22,22,22,22,22,22,10,11,11,10,22,12,12,12,10,10,12,12,10,10,1,2,2,10,20,3,3,20,4,10,22,22,5,22,12,12,12,16,13,15,14,12,6,7,8,9,9,4,12,10,10,12,
10,10,10,10,10,10,10,10,10,10,20,3,3,20,10,10,10,10,4,10,10,10,10,10,10,5,6,7,8,9,9,4,10,17,19,10,10,1,2,2,10,10,
1,2,18,
20,3,3,20,1,2,2,4,4,4,4,4,18,4,
20,18,20,1,2,2,
22,4,5,10,6,17,8,9,9,4,10,4,12,12,7,6,8,9,9,4,10,6,17,8,9,9,10,10,10,12,12,12,10,10,1,2,22,22,3,3,12,12,12,10,11,11,10,18,21,12,
1,2,18,
1,2,18,
1,2,18,
4,16,15,14,13,12,4,4,4,10,10,10,1,2,3,3,4,4,4,4,4,10,11,11,10,12,5,4,6,7,8,9,9,4,4,10,
12,22,22,22,22,4,12,22,4,4,22,5,15,13,14,16,12,7,6,8,9,9,4,12,22,1,2,3,3,11,11,22,10,11,11,10,22,22,12,6,17,8,9,9,12,22,22,10,10,
1,2,3,3,4,19,4,
4,10,10,4,10,10,10,10,10,10,10,4,10,10,10,10,5,10,10,10,10,10,1,2,3,3,7,6,8,9,9,4,10,10,10,10,10,10,10,10,10,10,10,10,10,10,10,10,19,17,10,
1,2,2,20,18,20,
1,2,3,3,4,4,4,4,4,19,4,4,
1,2,18,
1,2,18,
22,22,12,12,12,14,15,16,13,12,22,22,22,12,1,2,22,3,3,22,22,4,22,5,22,6,7,8,9,9,4,22,22,22,22,10,11,11,10,22,
4,18,4,4,4,1,2,3,3,4,4,
4,4,4,4,19,4,4,4,4,4,4,1,2,3,3,4,4,
4,4,4,10,4,10,10,4,10,4,10,4,4,4,4,4,4,4,10,10,5,10,17,19,10,6,7,8,9,9,4,10,10,10,4,4,10,1,2,10,3,3,4,10,4,4,4,4,4,
1,2,18,
4,22,6,7,8,9,9,4,22,22,1,2,3,3,22,12,22,22,22,22,12,12,12,12,12,22,12,22,22,22,12,10,11,11,10,22,12,12,12,4,14,13,15,16,12,22,5,4,
1,2,2,20,18,20,
4,18,21,12,5,6,7,8,9,9,4,1,2,3,3,10,10,12,10,11,11,10,12,12,12,12,
4,4,4,4,4,4,4,4,4,4,4,4,4,4,4,4,4,4,1,2,3,3,4,19,4,4,
16,13,15,14,12,22,10,22,4,10,22,10,10,4,4,12,22,22,22,22,22,12,12,22,22,4,22,4,4,4,12,22,22,22,22,22,22,22,12,22,22,22,22,22,22,12,12,4,12,12,12,10,10,12,10,11,11,10,22,10,4,1,2,5,3,3,10,6,7,8,9,9,4,12,
15,14,13,16,12,4,4,5,6,7,8,9,9,4,10,17,6,8,9,9,10,10,10,1,2,3,3,12,4,4,4,4,12,4,4,12,10,12,11,11,12,10,4,
1,2,18,
4,4,4,4,4,10,4,4,10,4,4,4,4,4,4,4,4,5,7,6,8,9,9,4,20,3,3,20,1,2,2,4,4,10,10,19,17,10,10,4,4,
6,17,8,9,9,10,10,1,2,10,10,3,3,6,7,8,9,9,4,10,10,10,12,12,10,10,12,12,15,14,16,13,12,4,10,10,4,10,11,11,10,12,10,10,10,10,10,10,12,4,10,10,10,10,12,10,10,10,5,
1,2,2,4,4,4,4,4,20,3,3,20,18,4,
1,2,2,20,18,20,20,20,
1,2,3,3,4,4,4,19,4,
20,18,20,1,2,2,
1,2,18,
20,3,3,20,1,2,2,4,4,4,18,4,
12,12,22,22,4,22,5,15,13,14,16,12,6,7,8,9,9,4,10,11,11,10,12,12,1,2,3,3,12,12,22,22,22,22,
20,3,3,20,1,2,2,4,18,4,
1,2,18,
20,20,20,18,20,20,20,1,2,2,
4,4,1,2,2,4,20,20,5,7,6,8,9,9,4,10,10,4,19,17,10,10,4,4,20,3,3,20,4,4,4,
1,2,18,
20,3,3,20,4,1,2,2,18,4,
22,4,10,11,11,10,22,22,22,22,22,1,2,22,22,22,3,3,12,22,14,13,16,15,12,12,12,5,6,7,8,9,9,4,10,17,6,8,9,9,10,12,12,12,12,12,22,22,12,
1,2,3,3,10,17,19,10,10,10,4,5,6,7,8,9,9,4,10,10,
1,2,18,
4,4,4,4,1,2,3,3,4,4,4,4,4,4,4,4,4,4,4,4,19,
20,3,3,20,4,4,1,2,2,4,19,4,
1,2,18,
4,19,4,4,4,4,4,1,2,3,3,
6,7,8,9,9,4,10,10,1,2,3,3,10,17,19,10,4,4,4,5,
12,1,2,3,3,4,15,13,14,16,12,5,10,10,7,6,8,9,9,4,10,11,11,10,10,10,
10,10,11,11,10,10,10,10,1,2,3,3,18,21,12,4,5,6,7,8,9,9,4,10,10,12,12,10,10,12,
1,2,2,20,20,20,10,3,3,20,4,19,17,10,4,4,5,6,7,8,9,9,4,10,10,
18,20,1,2,2,20,
1,2,3,3,4,18,4,4,4,
10,17,19,10,1,2,3,3,4,5,7,6,8,9,9,4,
12,12,12,12,12,22,12,12,12,22,22,22,22,14,15,13,16,12,12,22,12,22,22,22,22,22,12,12,22,1,2,3,3,4,12,10,11,11,10,10,10,5,12,7,6,8,9,9,4,12,10,12,12,10,12,12,22,22,12,12,
1,2,18,
1,2,18,
22,12,22,22,22,12,10,22,10,10,22,22,10,22,22,22,4,10,11,11,10,5,1,2,3,3,15,16,14,13,12,6,7,8,9,9,4,10,22,10,12,12,22,22,
5,6,7,8,9,9,4,10,11,11,10,10,10,12,4,16,14,13,15,12,1,2,3,3,
1,2,3,3,4,5,6,7,8,9,9,4,10,11,11,10,12,15,14,13,16,12,
1,2,2,20,20,20,18,20,
1,2,18,
4,4,4,4,4,1,2,2,4,18,4,4,4,4,4,4,4,20,3,3,20,4,
1,2,18,
1,2,18,
4,4,1,2,3,3,4,4,19,4,4,
4,5,6,7,8,9,9,4,1,2,10,10,3,3,10,19,17,10,
18,20,20,20,20,20,1,2,2,20,
1,2,18,
1,2,18,
1,2,18,
1,2,18,
20,18,20,1,2,2,
1,2,18,
1,2,18,
10,10,10,15,16,14,13,12,10,12,1,2,2,10,10,10,10,11,11,10,20,3,3,20,4,10,5,7,6,8,9,9,4,10,10,
18,4,20,3,3,20,1,2,2,4,
4,5,10,11,11,10,6,7,8,9,9,4,12,4,12,12,10,4,4,10,20,3,3,20,22,4,4,18,21,12,12,4,4,4,1,2,2,22,22,
1,2,18,
1,2,18,
1,2,18,
1,2,18,
4,4,4,4,4,4,4,4,4,4,4,4,4,4,4,4,4,4,1,2,3,3,4,4,4,4,4,19,4,4,4,4,4,4,4,4,
20,20,20,18,20,1,2,2,
1,2,18,
20,18,20,1,2,2,
20,20,20,18,20,1,2,2,
6,7,8,9,9,4,10,10,10,10,10,10,10,4,10,4,10,10,4,4,1,2,3,3,10,19,17,10,10,10,10,4,5,10,10,
1,2,18,
20,20,20,1,2,2,18,20,
1,2,18,
1,2,18,
20,18,20,1,2,2,
1,2,18,
20,18,20,1,2,2,
12,4,5,10,11,11,10,6,7,8,9,9,4,12,12,20,3,3,20,15,13,16,14,12,1,2,2,
1,2,18,
1,2,18,
10,12,12,15,14,13,16,12,12,10,10,11,11,10,10,1,2,3,3,4,5,6,7,8,9,9,4,10,
4,4,4,4,4,4,4,18,4,4,4,4,4,20,3,3,20,1,2,2,
1,2,18,
12,12,12,4,10,11,11,10,18,21,12,4,4,5,6,7,8,9,9,4,10,20,3,3,20,4,10,4,1,2,2,
4,4,20,3,3,20,4,1,2,2,4,4,18,4,
1,2,18,
1,2,18,
20,18,20,1,2,2,
20,18,20,1,2,2,
1,2,2,20,18,20,
18,4,1,2,3,3,4,
1,2,18,
1,2,2,20,18,20,
18,4,1,2,2,4,4,4,20,3,3,20,
1,2,18,
1,2,18,
1,2,18,
1,2,2,20,18,20,
1,2,18,
1,2,3,3,10,10,11,11,10,10,4,4,4,5,6,7,8,9,9,4,10,12,10,4,4,18,21,12,
1,2,18,
10,10,10,10,10,10,10,6,7,8,9,9,4,10,10,10,10,10,10,10,10,10,17,6,8,9,9,10,10,10,10,10,4,10,1,2,10,3,3,10,4,4,10,10,4,10,10,19,17,10,10,10,10,10,10,10,10,10,10,10,10,10,4,5,
1,2,2,20,3,3,20,4,18,4,
1,2,18,
1,2,18,
1,2,18,
3,3,20,4,1,2,2,18,4,20,
1,2,18,
1,2,18,
1,2,18,
4,4,20,3,3,20,1,2,2,4,4,4,4,4,4,4,18,4,4,4,
1,2,18,
1,2,18,
1,2,18,
20,18,20,1,2,2,
1,2,18,
20,18,20,1,2,2,
20,18,20,1,2,2,
20,18,20,1,2,2,
1,2,18,
1,2,2,20,18,20,
1,2,2,20,18,20,
10,1,2,5,3,3,10,10,10,6,7,8,9,9,4,10,10,10,10,4,10,4,10,10,10,10,19,17,10,10,4,10,10,
1,2,2,20,18,20,
4,4,4,19,4,1,2,3,3,4,4,4,4,4,4,4,4,4,4,4,4,4,4,4,4,4,4,4,4,4,4,4,4,4,4,4,4,
1,2,18,
1,2,18,
10,10,10,10,11,11,10,10,10,10,4,10,22,22,22,1,2,2,5,10,12,10,12,12,12,22,22,6,7,8,9,9,4,20,3,3,20,12,10,10,12,12,12,12,22,12,22,22,22,22,12,22,10,22,22,12,12,10,22,22,22,22,22,22,10,22,12,10,22,22,15,16,14,13,12,12,12,10,12,
4,4,4,4,1,2,3,3,18,4,4,4,4,4,4,4,4,
1,2,18,
10,10,10,1,2,3,3,4,5,6,7,8,9,9,4,10,10,10,10,10,10,10,10,17,19,10,
1,2,18,
1,2,2,20,3,3,20,4,4,4,4,4,18,4,4,4,
4,4,4,4,4,4,4,1,2,2,4,20,4,4,3,3,20,4,4,18,4,4,4,4,
20,18,20,1,2,2,
20,18,20,1,2,2,
20,18,20,1,2,2,
1,2,18,
6,7,8,9,9,4,10,10,10,10,10,10,10,10,10,10,10,10,10,1,2,3,3,10,4,10,17,19,10,10,4,4,4,4,5,
20,18,20,1,2,2,
4,19,4,1,2,3,3,4,4,
20,18,20,1,2,2,
23,18,23,23,23,23,23,23,23,1,2,2,
1,2,18,
20,18,20,1,2,2,
4,4,4,18,4,1,2,3,3,
1,2,2,10,20,3,3,20,4,12,10,10,5,14,15,13,16,12,6,7,8,9,9,4,12,10,11,11,10,12,10,
1,2,3,3,4,4,4,4,4,18,4,4,4,4,4,4,4,
4,4,17,6,8,9,9,10,10,4,10,1,2,2,10,4,10,10,10,4,20,10,3,3,20,10,10,5,10,4,4,4,10,10,17,6,8,9,9,10,6,7,8,9,9,4,10,4,10,10,10,11,11,10,10,10,10,10,12,10,18,21,12,
1,2,18,
1,2,18,
1,2,18,
1,2,18,
1,2,18,
1,2,18,
22,22,22,22,12,15,13,16,14,12,1,2,3,3,4,5,6,7,8,9,9,4,10,11,11,10,12,12,22,12,
1,2,2,20,18,20,
4,4,1,2,2,4,20,3,3,20,18,4,4,4,
22,22,12,17,6,8,9,9,10,22,10,17,6,8,9,9,22,22,22,10,22,10,22,10,22,12,10,11,11,10,22,22,22,22,22,22,14,15,13,16,12,1,2,2,20,22,3,3,20,4,5,22,11,11,22,7,6,8,9,9,12,12,4,10,10,10,
1,2,2,20,18,20,
1,2,2,20,18,20,
1,2,18,
4,15,14,13,16,12,10,10,10,22,22,12,12,22,10,12,22,22,10,4,11,11,10,1,2,3,3,5,12,6,7,8,9,9,4,10,17,6,8,9,9,10,4,
4,4,4,18,4,4,1,2,3,3,4,
1,2,18,
20,20,20,20,20,20,18,20,20,20,20,20,20,1,2,2,
20,18,20,1,2,2,
20,20,14,15,16,13,12,20,20,20,20,20,20,20,20,20,20,20,20,3,3,20,4,5,6,7,8,9,9,4,10,11,11,10,12,1,2,2,20,
1,2,2,20,20,20,18,20,
1,2,2,20,20,20,18,20,
20,1,2,2,20,18,20,20,
20,3,3,20,1,2,2,4,5,6,7,8,9,9,4,10,17,19,10,
20,1,2,2,18,20,
4,19,4,4,4,4,4,20,3,3,20,1,2,2,4,4,4,4,4,4,4,4,4,4,4,4,4,4,
20,18,20,1,2,2,
20,3,3,20,4,19,4,1,2,2,
20,20,20,20,1,2,2,18,20,20,
20,18,20,1,2,2,
20,18,20,1,2,2,
20,18,20,1,2,2,
10,10,20,3,3,20,4,10,4,4,17,19,10,5,6,7,8,9,9,4,10,10,10,4,10,1,2,2,4,4,4,10,10,
20,18,20,1,2,2,
20,4,4,4,4,3,3,20,4,4,20,4,4,4,4,4,4,4,19,4,4,4,4,4,4,4,4,4,4,1,2,2,20,
1,2,2,20,18,20,
10,1,2,2,20,20,20,20,20,20,10,11,11,10,12,10,10,10,20,3,3,20,4,10,5,10,7,6,8,9,9,4,10,10,20,13,14,16,15,12,20,20,20,
1,2,2,20,20,20,23,23,23,18,23,
1,2,2,20,18,20,
1,2,2,20,18,20,
1,2,2,20,18,20,
4,6,7,8,9,9,4,4,22,12,22,4,4,4,4,1,2,2,10,11,11,10,20,22,3,3,20,4,4,4,12,12,22,4,12,12,22,22,16,13,14,15,12,4,4,22,22,22,22,22,22,22,12,12,22,4,4,4,4,4,4,4,5,
20,1,2,2,3,3,20,4,4,4,18,4,4,4,
20,18,20,1,2,2,
4,4,12,1,2,2,5,7,6,8,9,9,4,10,6,17,8,9,9,10,10,11,11,10,4,20,20,17,6,8,9,9,12,22,15,13,16,14,22,4,4,20,3,3,20,
20,18,20,1,2,2,
20,18,20,1,2,2,
20,18,20,1,2,2,
18,20,20,1,2,2,
1,2,18,
20,18,20,1,2,2,
1,2,2,20,18,20,
4,1,2,3,3,12,5,4,4,7,6,8,9,9,4,4,12,4,10,12,4,4,12,12,10,4,4,10,4,10,4,22,4,10,4,10,4,10,11,11,10,4,18,21,22,
1,2,3,3,10,19,17,10,4,4,10,10,10,4,4,4,5,10,10,7,6,8,9,9,4,10,
1,2,3,3,4,4,4,18,4,
1,2,18,
1,2,18,
18,4,4,4,1,2,3,3,4,4,4,
4,4,18,4,4,4,1,2,2,20,3,3,20,4,4,4,4,4,4,4,
4,4,4,18,4,4,4,4,4,4,1,2,3,3,4,
20,18,4,3,3,20,4,1,2,2,
1,2,2,20,18,20,
1,2,18,
1,2,18,
1,2,2,20,18,20,
1,2,18,
1,2,18,
5,6,7,8,9,9,4,1,2,3,3,10,17,19,10,4,
4,4,1,2,2,20,3,3,20,4,18,4,
10,10,10,10,10,4,4,5,7,6,8,9,9,4,10,1,2,10,3,3,10,10,10,10,10,10,10,10,10,10,10,10,10,10,10,10,10,10,10,10,10,10,10,10,10,17,19,10,10,10,10,10,10,10,10,10,4,
10,10,10,4,10,17,6,8,9,9,10,10,12,10,10,5,6,7,8,9,9,4,10,1,2,3,3,10,12,15,16,13,14,12,10,6,17,8,9,9,10,10,10,11,11,10,10,12,
4,5,6,7,8,9,9,4,10,4,10,4,10,1,2,3,3,10,10,10,10,4,19,17,10,4,4,4,4,4,
10,22,22,11,11,10,22,12,12,12,12,12,12,10,22,10,12,15,13,16,14,12,22,22,12,1,2,3,3,4,22,22,22,12,5,6,7,8,9,9,4,10,22,10,22,22,22,10,10,22,
1,2,18,
1,2,2,20,18,20,
20,18,20,1,2,2,
20,18,20,1,2,2,
1,2,18,
4,4,1,2,3,3,4,4,4,4,4,4,4,19,4,4,4,4,4,
1,2,18,
6,7,8,9,9,4,10,10,10,10,10,1,2,3,3,4,12,4,4,4,10,10,4,4,10,11,11,10,18,21,12,4,4,4,4,4,4,4,4,4,4,4,5,10,
1,2,18,
1,2,18,
1,2,18,
1,2,18,
10,10,4,4,12,12,4,4,21,18,12,4,4,4,4,4,10,11,11,10,4,4,4,20,3,3,20,12,4,4,1,2,2,4,10,10,5,4,4,10,6,7,8,9,9,4,10,4,4,
4,4,4,4,5,4,4,7,6,8,9,9,4,10,10,11,11,10,10,6,17,8,9,9,4,10,10,10,4,10,4,4,10,12,10,4,4,4,4,10,10,4,4,4,4,21,18,12,4,4,4,4,4,4,1,2,4,3,3,
1,2,18,
1,2,18,
4,19,4,4,4,1,2,3,3,4,4,
10,10,22,22,22,12,12,22,4,12,12,12,5,1,2,16,14,15,13,12,10,3,3,10,10,11,11,10,7,6,8,9,9,4,10,12,10,22,
11,11,10,15,13,16,14,12,10,12,4,4,12,12,4,10,17,6,8,9,9,10,10,10,5,1,2,3,3,6,7,8,9,9,4,10,10,
1,2,18,
1,2,18,
3,3,4,18,4,1,2,
1,2,18,
1,2,2,20,18,20,
20,18,20,1,2,2,
1,2,18,
10,18,21,10,1,2,3,3,4,4,4,5,6,7,8,9,9,4,10,10,
4,4,4,4,4,4,4,4,4,4,4,4,4,4,19,4,4,4,4,4,4,4,1,4,2,3,3,4,4,4,4,4,
1,2,2,20,18,20,
20,18,20,1,2,2,
4,20,18,4,3,3,20,4,4,1,2,2,4,4,
1,2,18,
20,18,20,1,2,2,
1,2,18,
1,2,2,20,18,20,20,20,20,20,
4,4,4,4,4,4,1,2,3,3,4,4,4,4,4,4,4,19,4,4,4,4,4,4,
20,18,20,20,1,2,2,20,
1,2,18,
1,2,10,3,3,10,10,10,10,10,10,4,10,10,10,5,6,7,8,9,9,4,10,10,10,17,19,10,10,10,10,
1,2,18,
3,3,20,4,18,4,1,2,2,20,
20,20,20,18,20,1,2,2,
1,2,2,20,10,10,3,3,20,10,10,10,10,10,10,4,10,5,10,10,6,7,8,9,9,4,10,10,10,17,19,10,10,10,10,10,
10,11,11,10,21,18,12,1,2,3,3,4,10,5,10,6,7,8,9,9,4,10,10,12,
1,2,18,
10,10,10,10,4,10,1,2,3,3,10,10,10,5,12,7,6,8,9,9,4,10,10,10,4,10,10,11,11,10,4,10,10,10,10,10,10,14,15,16,13,12,
1,2,3,3,4,19,4,
10,15,14,16,13,12,10,10,10,10,1,2,3,3,4,10,12,5,7,6,8,9,9,4,10,17,6,8,9,9,10,10,10,11,11,10,6,17,8,9,9,10,10,10,10,6,17,8,9,9,10,
20,18,20,1,2,2,
20,18,20,1,2,2,
4,4,19,4,1,2,3,3,4,
10,10,10,10,10,1,2,2,10,10,10,10,10,20,3,3,20,4,5,7,6,8,9,9,4,10,17,19,10,10,10,
10,10,11,11,10,10,1,2,10,3,3,4,5,12,12,6,7,8,9,9,4,10,10,12,10,12,12,12,12,10,15,14,13,16,12,12,10,10,10,12,10,10,
12,12,14,15,13,16,12,10,11,11,10,1,2,3,3,4,4,12,10,4,6,17,8,9,9,10,10,10,4,12,4,12,5,6,7,8,9,9,4,
1,2,18,
10,10,10,10,10,10,10,10,10,10,10,10,10,10,10,10,10,10,10,10,4,4,1,2,3,3,10,10,10,10,10,17,19,4,10,10,5,6,7,8,9,9,4,10,10,10,10,10,10,10,10,
20,18,20,1,2,2,
1,2,18,
18,4,4,4,20,3,3,20,1,2,2,4,
4,19,4,1,2,3,3,
10,19,17,10,10,10,4,5,6,7,8,9,9,4,1,2,3,3,
20,18,20,1,2,2,
20,20,20,18,20,1,2,2,
4,4,10,10,12,4,4,4,4,4,15,14,13,16,12,10,20,10,11,11,10,3,3,20,4,4,5,10,6,7,8,9,9,4,1,2,2,
22,1,2,3,3,4,22,22,22,5,22,12,6,7,8,9,9,4,10,17,6,8,9,9,10,22,10,22,10,10,10,22,10,12,17,6,8,9,9,10,22,22,12,12,22,10,10,21,18,12,22,10,11,11,10,22,
1,2,18,
1,2,18,
18,4,1,2,2,4,20,3,3,20,
4,4,4,5,6,7,8,9,9,4,1,2,2,22,12,12,12,22,13,16,14,15,12,10,11,11,10,22,22,22,20,3,3,20,10,12,10,4,4,
4,4,4,4,4,4,1,2,2,4,4,4,4,4,4,4,4,4,4,4,4,4,4,4,19,4,4,4,4,20,3,3,20,4,4,
19,4,4,4,1,2,2,4,4,4,4,4,4,20,3,3,20,4,
1,2,18,
18,20,1,2,2,20,
10,4,12,12,10,10,11,11,10,12,10,12,12,10,4,13,14,16,15,12,1,2,3,3,4,4,10,5,4,6,7,8,9,9,4,10,
1,2,2,20,18,20,
1,2,18,
20,18,20,1,2,2,
4,4,5,6,7,8,9,9,4,4,10,4,11,11,10,4,1,2,3,3,12,4,4,4,4,4,4,4,4,18,21,12,
1,2,18,
1,2,18,
4,1,2,4,3,3,4,10,11,11,10,12,12,12,4,4,18,21,12,5,6,7,8,9,9,4,
1,2,18,
1,2,18,
4,18,4,1,2,2,20,3,3,20,
1,2,18,
1,2,2,20,18,20,
1,2,18,
1,2,18,
22,22,13,15,14,16,12,10,11,11,10,12,12,22,22,4,22,12,22,5,7,6,8,9,9,4,22,22,22,10,10,22,22,22,22,1,2,3,3,12,22,22,
1,2,18,
1,2,18,
1,2,3,3,4,18,4,
1,2,18,
1,2,18,
1,2,18,
20,18,20,1,2,2,
19,4,20,3,3,20,1,2,2,4,4,4,4,4,4,4,4,4,
21,18,12,4,4,5,7,6,8,9,9,4,10,10,11,11,10,20,10,3,3,20,1,2,2,12,4,
1,2,18,
18,1,2,
1,2,2,20,18,20,
1,2,18,
1,2,2,23,23,23,18,23,
4,4,5,7,6,8,9,9,4,1,2,3,3,4,4,10,19,17,10,4,4,4,
4,12,12,10,10,5,7,6,8,9,9,4,10,10,10,1,2,10,3,3,12,10,11,11,10,12,15,13,14,16,12,22,22,22,22,10,10,22,4,4,
12,22,10,22,22,15,14,13,16,10,12,22,10,11,11,10,22,12,12,10,10,22,22,1,2,10,10,3,3,4,12,10,4,22,22,22,4,10,10,10,22,5,10,10,6,7,8,9,9,22,4,10,12,12,6,17,8,9,9,10,10,22,10,22,22,22,12,
4,4,10,11,11,10,1,2,3,3,12,4,5,6,7,8,9,9,4,10,6,17,8,9,9,10,10,10,17,6,8,9,9,12,22,13,15,16,14,22,4,4,10,10,
4,4,4,4,4,4,4,4,1,2,2,4,4,4,4,4,19,4,4,20,3,3,20,4,4,4,4,4,4,4,4,
4,15,13,14,16,12,4,4,5,10,11,11,10,7,6,8,9,9,4,12,1,2,2,20,3,3,20,
20,20,20,20,20,20,20,18,20,20,20,20,20,1,2,2,20,20,20,20,
7,6,8,9,9,4,4,1,2,3,3,4,10,10,10,19,17,10,10,10,4,10,5,10,
20,18,20,1,2,2,
1,2,18,
10,17,19,10,1,2,5,3,3,10,7,6,8,9,9,4,4,10,
17,19,10,10,10,1,2,3,3,4,4,4,5,6,7,8,9,9,4,10,
4,10,10,5,4,6,7,8,9,9,10,4,10,10,4,10,10,10,10,10,1,2,3,3,10,10,17,19,10,10,10,10,10,
20,18,20,1,2,2,
1,2,18,
1,2,2,20,18,20,
1,2,3,3,4,4,4,4,4,5,15,13,14,16,12,6,7,8,9,9,4,10,10,10,11,11,10,12,
4,1,2,2,4,4,4,4,4,4,4,4,4,20,4,4,20,20,4,4,3,3,20,4,4,4,4,4,4,4,4,4,4,4,4,4,18,4,4,4,
1,2,18,
4,4,4,4,4,4,4,4,4,4,4,4,1,2,3,3,4,19,4,4,4,4,4,4,4,4,4,4,
1,2,18,
22,22,22,22,22,10,22,11,11,10,22,12,22,22,22,22,22,22,22,22,4,22,22,22,22,22,22,22,22,5,12,12,22,22,4,22,12,22,6,7,8,9,9,4,22,4,22,10,22,22,22,22,22,22,22,22,22,22,22,10,22,19,17,12,22,22,22,22,22,12,22,22,22,22,22,22,22,22,22,22,22,22,22,12,12,22,22,22,22,1,2,22,3,3,22,22,22,22,22,22,4,4,22,22,22,22,22,22,22,22,22,22,
10,12,12,4,12,12,10,10,5,10,6,7,8,9,9,4,10,12,10,10,22,12,14,15,13,16,12,22,22,22,22,10,1,2,3,3,10,11,11,10,
1,2,2,20,18,20,
1,2,18,
1,2,18,
4,5,6,7,8,9,9,4,10,17,6,8,9,9,10,10,10,11,11,10,10,10,10,1,2,3,3,12,15,14,16,13,12,
1,2,18,
12,22,22,12,12,22,12,20,1,2,2,14,16,13,15,12,4,20,12,12,5,10,10,11,11,10,10,6,7,8,9,9,4,20,3,3,20,
4,10,11,11,10,5,7,6,8,9,9,4,4,4,12,18,21,12,1,2,3,3,
4,4,4,4,4,4,1,2,3,3,4,19,4,4,4,4,4,
1,2,18,
1,2,2,4,18,4,20,3,3,20,
1,2,3,3,4,19,4,
22,22,22,5,22,22,22,22,7,6,8,9,9,4,12,12,12,22,22,12,22,10,11,11,10,22,4,22,22,22,1,2,22,22,22,4,12,12,3,3,22,22,22,15,14,13,16,4,12,4,22,22,22,22,22,22,12,22,22,22,22,4,4,22,4,22,22,22,22,22,22,22,22,22,22,22,
4,4,4,18,4,1,2,2,20,3,3,20,
4,4,4,4,1,2,3,3,4,4,4,4,4,4,4,4,4,19,4,4,4,
1,2,18,
1,2,2,20,18,20,
10,14,15,16,13,12,10,17,6,8,9,9,10,10,10,6,17,8,9,9,10,4,1,2,2,4,4,4,4,12,5,10,10,7,6,10,8,9,9,4,11,11,10,20,3,3,20,
20,18,20,20,1,2,2,20,
1,2,10,3,3,10,4,4,4,5,6,7,8,9,9,4,10,10,10,6,17,8,9,9,10,10,10,10,10,10,19,17,10,
1,2,2,20,18,20,
1,2,2,23,23,23,18,23,
1,2,18,
5,7,6,8,9,9,4,10,17,6,8,9,9,10,10,17,19,10,1,2,3,3,4,4,10,10,4,4,4,
1,2,2,20,18,20,
4,1,2,3,3,18,4,
4,4,4,4,19,4,4,4,4,4,4,4,1,2,3,3,4,4,4,
12,10,12,10,15,13,14,16,12,10,10,10,12,22,11,11,22,10,22,10,12,22,11,11,10,17,6,8,9,9,12,22,22,22,22,22,22,10,10,10,10,10,4,10,1,2,3,3,12,12,4,4,5,6,7,8,9,9,4,10,10,10,10,
4,10,10,11,11,10,10,4,5,4,6,7,8,9,9,4,10,10,12,20,1,2,2,3,3,20,15,13,14,16,12,
1,2,2,20,18,20,
1,2,18,
18,20,1,2,2,20,
1,2,3,3,10,7,6,8,9,9,4,6,17,8,9,9,10,10,10,11,11,10,10,10,12,12,12,10,4,4,4,15,14,16,13,12,5,
4,4,1,2,2,20,3,3,20,4,4,4,18,4,
4,10,10,5,7,6,8,9,9,4,10,10,10,10,10,10,1,2,3,3,10,19,17,10,10,10,10,4,10,4,10,10,10,
12,5,7,6,8,9,9,4,14,15,13,16,12,1,2,3,3,10,11,11,10,4,
1,2,2,20,3,3,20,4,18,4,
1,2,18,
1,2,18,
1,2,2,20,3,3,20,4,18,4,
1,2,18,
21,18,12,1,2,2,20,4,3,3,20,10,10,10,10,10,11,11,10,4,4,5,6,7,8,9,9,4,10,10,10,12,10,
22,22,22,4,22,5,22,12,6,7,8,9,9,4,12,15,16,13,14,12,1,2,3,3,22,22,22,22,10,10,10,10,11,11,10,10,10,12,12,10,
10,10,12,10,10,22,10,6,17,8,9,9,10,10,22,22,10,10,10,10,6,17,8,9,9,10,12,10,10,1,2,2,10,22,10,20,10,4,10,3,3,20,22,5,12,12,7,6,8,9,9,4,10,10,15,14,13,16,22,10,11,11,10,12,10,10,
10,10,10,10,10,10,10,10,15,13,14,16,12,10,10,10,10,10,10,10,10,10,10,10,10,10,6,17,8,9,9,10,10,4,10,10,10,10,10,10,10,10,1,2,10,10,10,3,3,10,10,10,10,10,10,10,10,11,11,10,10,10,10,10,12,10,10,10,5,10,10,6,7,8,9,9,4,10,10,10,10,10,
10,19,17,10,10,10,1,2,3,3,4,10,10,5,6,7,8,9,9,4,
5,12,6,7,8,9,9,4,10,10,10,17,6,8,9,9,10,18,21,12,10,11,11,10,10,10,1,2,3,3,4,
4,1,2,2,20,3,3,20,4,18,4,4,4,4,4,4,
12,15,13,14,16,12,12,10,11,11,10,12,4,4,5,7,6,8,9,9,4,10,12,10,1,2,3,3,4,12,12,12,
4,18,4,20,3,3,20,1,2,2,
1,2,18,
18,21,12,10,11,11,10,1,2,3,3,4,5,6,7,8,9,9,4,10,6,17,8,9,9,10,10,10,12,
20,18,20,1,2,2,
10,4,10,4,4,10,10,10,10,10,10,10,5,10,10,10,6,7,8,9,9,4,15,13,14,16,12,10,10,10,10,10,10,10,10,10,1,2,10,3,3,10,6,17,8,9,9,10,12,10,10,10,10,10,10,10,11,11,10,10,10,
20,18,20,1,2,2,
22,5,12,12,6,7,8,9,9,4,12,22,22,10,12,11,11,10,22,22,22,22,22,15,14,13,16,12,1,2,3,3,22,4,
20,20,20,3,3,20,4,4,4,4,4,4,4,18,4,1,2,2,
10,10,10,10,4,10,10,4,10,10,10,10,1,2,2,20,3,3,20,4,4,10,10,10,17,6,8,9,9,10,10,10,4,10,10,10,10,10,19,17,5,6,7,8,9,9,4,10,10,10,10,10,10,10,10,
10,10,10,10,10,4,1,2,3,3,4,4,4,4,4,10,4,10,10,4,4,5,10,6,7,8,9,9,4,10,10,10,17,19,10,4,4,10,10,
12,10,4,10,10,10,12,1,2,3,3,4,4,5,7,6,8,9,9,4,10,10,10,10,10,10,17,6,8,9,9,10,10,10,10,10,10,11,11,10,10,15,13,14,16,
1,2,18,
10,10,10,10,10,10,4,4,10,4,4,10,10,4,10,4,1,2,3,3,10,10,10,10,10,10,4,10,17,19,4,4,4,5,4,6,7,8,9,9,4,
1,2,18,
18,4,4,4,20,3,3,20,1,2,2,4,
1,2,18,
7,6,8,9,9,4,10,10,10,10,4,10,10,10,4,10,10,1,2,10,3,3,10,10,10,19,17,4,10,10,5,
22,22,12,12,22,10,22,10,4,15,16,14,13,12,5,7,6,8,9,9,4,10,10,22,22,12,22,12,22,10,11,11,10,1,2,22,3,3,12,12,
1,2,18,
1,2,18,
1,2,18,
12,10,1,2,11,11,10,3,3,4,4,10,17,6,8,9,9,10,5,7,6,8,9,9,4,14,15,16,13,12,4,
4,19,4,1,2,3,3,4,4,
1,2,2,4,4,4,18,4,20,3,3,20,
1,2,18,
1,2,18,
1,2,18,
20,18,20,1,2,2,
18,1,2,
1,2,3,3,10,10,19,17,10,10,4,5,4,6,7,8,9,9,4,4,
1,2,18,
1,2,3,3,4,4,4,10,17,19,10,5,7,6,8,9,9,4,4,4,
4,4,4,4,1,2,2,4,20,3,3,20,4,4,18,4,
1,2,2,20,18,20,
1,2,2,20,18,20,
1,2,2,20,18,20,
20,18,20,1,2,2,
1,2,18,
1,2,18,
1,2,2,20,18,20,
3,3,20,4,4,4,4,4,4,4,18,1,4,2,2,4,4,20,4,4,
1,2,18,
1,2,4,3,3,4,4,5,10,6,7,8,9,9,4,10,10,19,17,4,4,4,4,
20,18,20,1,2,2,
1,2,18,
1,2,18,
20,3,3,20,4,4,4,4,4,4,4,4,4,4,4,1,2,2,4,4,4,4,5,4,4,19,4,
1,2,18,
20,18,20,1,2,2,
10,4,22,12,12,5,1,2,3,3,12,6,7,8,9,9,4,12,15,14,13,16,12,22,22,22,22,10,11,11,
12,10,11,11,10,15,14,16,13,12,12,12,4,12,12,4,22,22,22,22,1,2,3,3,12,22,22,22,22,4,12,22,12,12,4,12,12,5,12,22,22,22,6,7,8,9,9,4,10,22,10,10,10,10,12,10,4,22,12,12,
12,12,22,10,22,10,20,10,3,3,20,22,10,10,22,10,10,4,1,2,2,18,21,22,12,5,10,11,11,10,6,7,10,8,9,9,4,10,17,6,8,9,9,10,10,10,10,10,17,6,8,9,9,10,10,10,17,6,8,9,9,10,10,10,10,10,22,22,22,10,10,
20,18,20,1,2,2,
4,4,4,4,4,12,4,4,15,14,13,16,12,4,1,2,3,3,4,4,4,4,4,5,6,7,8,9,9,4,4,4,4,4,4,4,4,10,11,11,10,4,
1,2,18,
4,4,4,19,4,1,2,3,3,4,4,
1,2,18,
1,2,18,
20,18,20,1,2,2,
4,5,10,1,2,3,3,7,6,8,9,9,4,10,10,19,17,10,4,4,4,4,4,4,4,4,
4,4,4,4,1,2,3,3,4,4,4,4,4,4,4,19,4,4,4,4,4,4,
10,10,10,10,10,18,21,12,20,20,4,4,4,4,4,20,3,3,20,4,1,2,2,4,4,4,4,12,4,5,4,7,6,8,9,9,4,10,4,10,4,10,10,4,10,12,12,4,4,10,11,11,10,10,10,
20,18,20,1,2,2,
12,22,22,22,22,22,22,22,12,22,22,22,12,12,12,22,12,4,22,22,17,19,22,22,12,10,5,11,11,10,22,22,22,6,7,8,9,9,4,22,12,12,22,22,4,22,22,22,22,4,22,22,12,22,22,22,12,22,22,22,22,10,10,1,2,22,3,3,12,22,12,12,12,22,22,22,22,22,22,22,22,
1,2,18,
1,2,2,20,18,20,
1,2,18,
10,4,10,4,10,4,5,6,7,8,9,9,4,20,3,3,20,10,10,10,10,10,10,10,10,10,10,10,10,10,10,10,10,10,17,19,10,10,10,10,10,1,2,2,10,10,10,10,
18,21,12,10,11,11,10,1,2,3,3,4,12,5,6,7,8,9,9,4,
1,2,18,
1,2,18,
1,2,18,
4,19,4,1,2,3,3,4,4,
20,3,3,20,1,2,2,4,18,4,
12,10,10,15,16,13,14,12,1,2,10,11,11,10,3,3,10,10,4,5,7,6,8,9,9,4,
10,6,7,8,9,9,4,10,6,17,8,9,9,10,10,10,10,10,10,17,19,10,10,1,2,3,3,10,10,4,4,10,10,10,10,10,10,4,4,4,4,4,4,4,5,
1,2,18,
4,4,4,1,2,3,3,4,4,4,4,19,4,4,4,
1,2,18,
12,12,4,4,22,22,4,22,22,4,22,12,4,10,10,5,1,2,6,7,8,9,9,4,3,3,10,11,11,10,12,22,13,14,15,16,12,22,
1,2,18,
22,22,22,22,10,22,22,15,13,14,16,22,10,11,11,10,22,10,22,12,12,22,12,20,3,3,20,22,22,22,22,22,12,22,22,22,22,22,22,22,22,22,10,22,22,22,4,12,12,22,22,22,12,12,1,2,2,22,22,5,6,7,8,9,9,4,22,22,12,12,10,12,
10,4,10,4,4,5,6,7,8,9,9,4,19,17,10,10,10,1,2,10,3,3,
4,4,4,4,5,22,4,4,1,2,2,7,6,8,9,9,4,10,22,4,10,4,22,12,12,22,22,22,12,20,20,20,20,4,10,11,11,10,4,20,20,12,12,12,22,22,22,22,12,12,12,20,22,20,20,22,20,20,20,20,4,3,3,20,15,13,14,16,12,
1,2,18,
5,19,4,4,4,1,2,3,3,4,4,4,4,4,
10,10,12,10,10,18,21,12,1,2,3,3,10,10,10,11,11,10,4,5,6,7,8,9,9,4,
1,2,18,
20,18,20,1,2,2,
10,10,4,4,10,10,10,10,1,2,3,3,10,10,10,4,10,5,10,17,19,6,7,8,9,9,4,10,10,10,10,10,10,4,4,
20,18,20,1,2,2,
22,22,12,10,22,22,4,22,22,22,22,4,12,22,12,12,22,12,10,12,12,10,4,12,12,5,10,6,7,8,9,9,4,22,22,22,19,17,22,22,22,22,22,22,12,10,10,22,10,11,11,10,10,10,22,22,12,22,22,1,2,10,3,3,10,
4,4,4,12,5,6,7,8,9,9,4,10,10,10,10,10,18,21,12,11,11,10,1,2,3,3,
1,2,2,23,23,23,18,23,
4,4,4,4,1,2,3,3,4,4,4,18,4,
12,21,18,12,10,11,11,10,1,2,3,3,4,4,4,5,6,7,8,9,9,4,
1,2,18,
4,10,10,4,4,10,10,10,10,10,10,10,10,10,10,10,10,20,10,3,3,20,10,6,17,8,9,9,10,10,10,4,17,19,10,5,6,7,8,9,9,4,10,4,1,2,2,
4,4,4,10,4,10,4,12,1,2,2,4,4,10,11,11,10,5,6,7,8,9,9,4,20,15,14,13,16,12,10,3,3,20,10,
10,10,1,2,2,4,5,6,7,8,9,9,4,10,17,19,10,20,3,3,20,
1,2,18,
20,4,4,4,4,4,4,4,4,4,4,4,4,4,20,3,3,20,4,4,4,4,4,4,4,4,4,4,19,4,4,4,1,2,2,20,4,4,4,
10,15,13,16,14,10,12,10,10,11,11,10,10,1,2,3,3,17,6,8,9,9,10,4,4,4,4,10,10,7,6,8,9,9,4,4,10,4,4,4,10,5,4,12,10,
1,2,18,
1,2,18,
1,2,18,
1,2,18,
10,10,21,18,12,10,10,10,10,10,11,11,10,12,4,10,10,10,10,10,10,1,2,3,3,10,5,7,6,8,9,9,4,10,
1,2,3,3,4,18,4,
22,7,6,8,9,9,4,22,22,21,18,12,1,2,2,22,22,22,22,22,22,22,22,22,22,20,12,12,22,20,22,20,10,10,20,20,3,3,20,12,12,12,10,11,11,10,10,12,22,4,22,10,4,4,5,
1,2,2,20,18,20,
4,4,4,18,4,1,2,3,3,
1,2,2,20,18,20,
10,10,10,10,12,10,11,11,10,12,12,1,2,3,3,4,5,7,6,8,9,9,4,15,13,16,14,12,
12,22,11,11,22,15,13,14,16,12,22,22,12,10,11,11,10,12,12,22,22,1,2,6,17,8,9,9,12,3,3,4,22,10,10,5,22,7,6,8,9,9,4,
4,10,5,10,7,6,8,9,9,4,10,10,10,10,10,10,10,10,10,17,19,1,2,3,3,10,10,
20,18,20,1,2,2,
20,18,20,1,2,2,
4,1,2,2,4,20,3,3,20,5,10,7,6,8,9,9,4,10,10,19,17,10,10,4,10,
10,11,11,10,1,2,2,20,3,3,20,4,5,6,7,8,9,9,4,10,6,17,8,9,9,10,12,10,10,15,16,14,13,12,
20,18,20,1,2,2,
20,20,1,2,2,18,20,20,20,20,
1,2,18,
1,2,18,
1,2,18,
1,2,2,20,18,20,
1,2,2,20,18,20,
10,10,1,2,3,3,12,12,12,12,10,10,10,10,12,10,11,11,10,10,10,4,5,18,21,12,6,7,8,9,9,4,10,10,10,10,10,10,10,10,10,10,
4,4,4,1,2,2,4,4,18,4,4,4,4,4,4,20,3,3,20,4,4,4,
4,18,4,1,2,2,20,3,3,20,
19,4,1,2,2,20,3,3,20,4,4,4,
5,10,10,10,10,7,6,8,9,9,4,10,10,10,10,10,10,4,4,10,10,10,10,10,10,10,10,10,20,3,3,20,4,4,10,11,11,10,10,10,1,2,2,4,12,18,21,12,10,
10,10,10,4,5,7,6,8,9,9,4,10,10,17,6,8,9,9,10,10,10,12,10,11,11,10,10,18,21,12,10,10,10,10,10,10,10,10,1,2,10,3,3,4,4,10,4,10,4,
15,13,16,14,12,10,10,4,12,5,7,6,8,9,9,4,10,12,10,10,11,11,10,4,4,1,2,12,3,3,
1,2,18,
1,2,2,20,18,20,
1,2,18,
1,2,18,
10,10,12,12,10,12,11,11,10,13,14,15,16,12,1,2,3,3,4,5,6,7,8,9,9,4,10,10,
1,2,18,
1,2,18,
20,18,20,1,2,2,
10,10,4,4,5,10,6,7,8,9,9,4,10,10,4,10,10,10,10,19,17,10,1,2,3,3,
1,2,18,
4,4,4,4,4,4,4,4,4,1,2,3,3,4,4,4,4,4,4,4,4,4,4,4,4,19,4,4,4,4,4,4,
10,10,10,6,7,8,9,9,4,12,1,2,3,3,15,14,16,13,12,10,11,11,10,10,4,10,10,5,
1,2,2,23,18,23,23,23,
10,10,10,10,10,12,17,6,8,9,9,10,10,1,2,3,3,10,6,17,8,9,9,10,4,4,4,10,10,4,4,10,5,10,10,6,7,8,9,9,4,10,6,17,8,9,9,10,10,10,10,10,15,13,14,16,12,10,10,6,17,8,9,9,10,10,10,10,10,11,11,10,
1,2,2,20,18,20,
4,22,10,10,22,5,12,12,6,7,8,9,9,4,10,22,10,22,12,22,22,22,6,17,8,9,9,22,22,10,22,22,22,22,11,11,10,22,22,11,11,22,22,22,22,15,13,16,14,12,22,22,22,22,1,2,22,22,22,3,3,22,22,12,22,22,22,22,22,22,22,22,22,22,22,22,22,22,22,22,22,22,
10,5,10,6,7,8,9,9,4,10,10,15,16,14,13,12,10,11,11,10,10,10,12,1,2,3,3,4,
22,10,10,22,22,10,4,10,10,5,10,10,22,10,10,22,22,22,22,4,6,7,8,9,9,4,10,4,6,17,8,9,9,10,22,22,12,12,22,22,22,22,10,22,11,11,22,10,22,10,10,22,19,17,22,22,22,22,22,22,22,22,22,12,22,22,22,22,10,1,2,22,3,3,
1,2,2,20,18,20,
22,4,22,5,6,7,8,9,9,4,22,4,22,22,4,10,22,10,4,4,4,1,2,4,4,3,3,4,12,4,4,22,12,22,22,10,11,11,10,15,14,13,16,12,4,4,22,12,12,10,10,22,22,22,12,12,10,10,10,10,
4,1,2,3,3,18,4,
4,18,4,4,4,4,4,1,2,3,3,
1,2,18,
1,2,18,
1,2,18,
1,2,2,20,18,20,
1,2,18,
10,19,17,10,1,2,3,3,4,4,4,4,4,5,6,7,8,9,9,4,10,10,
12,10,10,1,2,3,3,4,10,10,10,10,13,16,14,15,12,4,4,5,7,6,8,9,9,4,10,11,11,10,
10,17,19,10,1,2,3,3,4,5,7,6,8,9,9,4,10,6,17,8,9,9,10,10,10,
10,10,10,5,10,10,6,7,8,9,9,4,17,19,10,10,10,10,10,1,2,3,3,4,
10,1,2,4,3,3,10,4,4,5,7,6,8,9,9,4,10,10,10,10,10,10,10,19,17,10,
20,3,3,20,4,1,2,2,18,4,
1,2,18,
1,2,18,
10,20,3,3,20,10,10,10,10,10,19,17,10,10,4,1,2,2,10,10,6,17,8,9,9,10,10,10,5,6,7,8,9,9,4,10,10,10,
20,18,20,1,2,2,
20,18,20,1,2,2,
1,2,2,20,18,20,
4,1,2,3,3,4,19,4,4,
1,2,18,
1,2,2,20,18,20,
10,22,22,12,4,10,5,4,4,10,10,6,7,8,9,9,4,10,10,10,10,12,10,22,12,10,4,4,4,18,21,12,10,4,22,22,22,12,1,2,3,3,10,6,17,8,9,9,10,10,10,12,12,11,11,10,10,10,10,10,10,10,22,10,22,22,10,22,10,10,4,10,4,22,10,
12,12,4,22,22,12,12,22,22,22,12,10,10,10,4,22,22,22,22,5,12,12,22,22,7,6,8,9,9,4,1,2,3,3,12,10,10,11,11,10,22,22,4,18,21,12,
4,4,4,4,19,4,4,4,4,4,4,1,2,3,3,
20,18,20,1,2,2,
4,4,4,4,4,4,4,4,4,4,4,4,4,4,4,4,4,4,4,19,4,4,4,4,1,2,3,3,
1,2,2,20,18,20,
18,20,1,2,2,20,
4,4,4,4,4,1,2,4,3,3,4,4,4,4,4,4,19,4,4,4,4,
12,3,3,20,10,11,11,10,12,10,10,4,5,6,7,8,9,9,4,1,2,2,12,20,12,12,12,16,14,13,15,
4,5,7,6,8,9,9,4,10,11,11,10,12,18,21,12,4,1,2,3,3,4,
3,3,20,12,4,4,5,6,7,8,9,9,4,15,14,16,13,12,10,10,10,11,11,10,12,1,2,2,12,4,20,
18,20,20,1,2,2,20,20,
4,22,12,13,15,14,16,12,1,2,3,3,22,22,12,22,22,12,22,22,10,22,22,10,22,22,22,10,10,12,12,10,10,22,12,10,10,12,12,10,12,4,17,6,8,9,9,10,22,12,12,5,10,10,11,11,10,4,10,7,6,8,9,9,4,
20,18,20,1,2,2,
1,2,18,
4,12,10,10,12,12,16,13,14,15,12,4,12,10,4,4,10,10,10,10,11,11,10,4,4,4,12,5,6,7,8,9,9,4,12,12,4,4,10,10,4,1,2,3,3,10,10,4,
20,18,20,1,2,2,
4,10,10,10,10,10,10,10,10,10,17,6,8,9,9,10,4,10,10,20,10,3,3,20,4,4,4,10,10,10,5,10,10,10,10,1,2,2,10,7,6,8,9,9,4,10,17,19,10,4,10,10,4,10,10,10,10,10,10,10,10,10,10,
20,18,20,1,2,2,
1,2,2,20,18,20,
20,18,20,1,2,2,
20,18,20,1,2,2,
4,4,1,2,2,4,4,4,4,20,4,4,3,3,20,4,4,4,4,4,4,4,19,4,4,4,4,
19,17,10,1,2,3,3,10,10,10,10,10,10,10,10,4,4,5,6,7,8,9,9,4,10,4,
20,18,20,1,2,2,
1,2,2,20,18,20,
1,2,2,20,18,20,
4,4,4,4,4,4,20,3,3,20,4,1,2,2,4,4,19,4,4,
20,18,20,1,2,2,
20,18,20,1,2,2,
12,22,22,22,22,12,15,13,14,16,12,22,22,22,22,22,1,2,2,20,3,3,20,4,5,6,7,8,9,9,4,10,11,11,10,12,12,
3,3,4,10,10,5,6,7,8,9,9,4,10,17,6,8,9,9,10,10,10,10,19,17,10,1,2,
1,2,3,3,12,22,22,22,4,22,22,10,22,11,11,10,22,22,12,5,7,6,8,9,9,4,15,14,13,16,12,12,12,22,22,22,
1,2,3,3,4,4,4,4,4,4,4,4,4,4,4,19,4,
1,2,3,3,4,5,7,6,8,9,9,4,10,11,11,10,12,13,14,16,15,12,
22,22,22,22,10,4,6,17,8,9,9,10,22,4,22,22,22,10,12,17,6,8,9,9,22,22,10,22,22,12,22,22,22,22,22,22,22,10,22,11,11,10,22,22,12,12,12,22,4,22,22,22,12,22,5,22,14,13,15,16,12,22,22,6,7,8,9,9,4,11,11,22,22,10,22,10,22,22,12,1,2,2,22,22,20,3,3,20,22,12,12,22,22,22,22,22,22,22,22,22,
10,19,17,10,4,10,10,10,10,5,6,7,8,9,9,4,10,10,17,6,8,9,9,10,10,10,10,10,1,2,2,20,10,3,3,20,10,10,10,10,10,10,
22,1,2,2,20,3,3,20,4,5,7,6,8,9,9,4,10,11,11,10,10,22,10,10,22,10,12,12,22,22,12,22,22,22,21,18,22,22,22,22,
6,7,8,9,9,4,12,15,16,14,13,12,10,10,1,2,3,3,10,11,11,10,12,12,4,5,
1,2,2,20,18,20,
19,4,4,1,2,3,3,4,4,
6,7,8,9,9,4,12,12,13,15,14,16,12,10,11,11,10,12,12,10,10,22,22,1,2,2,12,12,20,22,3,3,20,4,22,22,22,22,5,
18,20,1,2,2,20,
4,4,4,4,4,4,4,4,4,19,4,1,2,3,3,
1,2,2,20,18,20,
1,2,3,3,4,19,4,
1,2,2,20,18,20,
1,2,2,20,18,20,
1,2,3,3,4,18,4,4,4,
10,11,11,10,4,1,2,3,3,12,4,5,7,6,8,9,9,4,10,10,13,15,14,16,12,4,4,4,
4,4,4,18,4,20,1,2,2,3,3,20,
1,2,18,
22,12,12,22,10,11,11,10,12,13,15,14,16,12,10,10,12,22,22,12,1,2,2,20,22,3,3,20,4,5,12,6,7,8,9,9,4,22,22,
1,2,2,4,4,4,4,4,4,4,4,4,4,4,4,4,4,4,19,4,20,3,3,20,4,4,
1,2,18,
14,15,16,13,12,1,2,3,3,4,22,22,5,12,7,6,8,9,9,4,22,22,22,22,22,22,22,22,10,22,22,22,22,10,11,11,10,22,10,22,12,12,22,12,12,12,
20,1,2,2,20,18,20,20,
1,2,18,
4,4,4,4,4,4,4,18,4,4,4,1,2,2,4,4,20,3,3,20,
10,10,10,10,10,10,4,10,4,10,10,10,10,10,4,10,10,10,5,6,7,8,9,9,4,10,10,10,10,10,10,10,10,17,19,10,10,10,4,10,10,4,4,4,10,10,10,4,1,2,3,3,4,
4,4,4,1,2,4,4,3,3,4,4,4,4,4,4,4,4,4,4,4,4,4,4,4,4,4,4,4,4,19,4,4,
1,2,18,
1,2,18,
22,22,11,11,10,22,22,22,22,22,22,10,22,22,22,22,22,22,22,4,22,22,22,22,22,22,17,6,8,9,9,10,10,22,22,10,12,22,22,22,22,22,22,1,2,3,3,5,22,6,7,8,9,9,4,10,22,22,10,22,22,22,22,22,22,22,22,22,22,22,12,22,22,22,22,22,22,4,22,12,12,12,4,22,22,22,22,22,22,22,22,22,22,22,22,22,17,6,8,9,9,22,22,22,22,22,22,22,22,22,22,22,12,12,22,22,22,22,12,10,22,22,22,22,22,22,22,22,22,22,22,22,22,22,22,22,22,10,22,10,22,22,17,6,8,9,9,6,17,8,9,9,22,10,22,10,10,10,22,19,17,22,10,22,22,22,22,22,22,22,22,22,10,22,22,
1,2,18,
10,10,1,2,3,3,10,17,19,10,4,5,7,6,8,9,9,4,10,6,17,8,9,9,10,10,10,10,10,10,10,10,10,4,4,
10,11,11,10,12,12,1,2,3,3,22,4,12,12,15,13,14,16,12,22,22,22,5,22,22,7,6,8,9,9,4,10,10,22,
10,11,11,10,12,1,2,3,3,18,21,12,4,5,6,7,8,9,9,4,
10,10,10,1,2,2,20,3,3,20,4,10,5,6,7,8,9,9,17,19,4,10,10,10,10,10,10,
1,2,2,20,18,20,
4,4,4,4,4,4,1,2,3,3,4,4,4,4,4,4,4,4,4,19,4,4,
1,2,18,
1,2,18,
1,2,18,
1,2,18,
10,17,19,10,20,3,3,20,4,4,10,10,4,5,7,6,8,9,9,4,10,10,10,10,1,2,2,
1,2,3,3,4,4,4,4,4,4,4,4,4,4,4,4,4,4,19,4,4,4,4,4,
1,2,2,20,20,20,18,20,
1,2,18,
1,2,18,
4,18,4,4,4,4,4,1,2,3,3,4,4,
1,2,2,20,18,20,
4,5,6,7,8,9,9,4,10,10,10,10,10,10,10,10,1,2,2,10,17,19,10,20,3,3,20,10,
1,2,18,
1,2,18,
10,19,17,10,1,2,3,3,4,4,4,4,4,4,4,5,7,6,8,9,9,4,10,10,
12,12,22,12,4,22,15,16,14,13,12,4,12,4,1,2,10,3,3,10,4,4,5,6,7,8,9,9,4,10,4,12,10,12,12,4,4,12,4,4,4,10,11,11,10,4,4,22,22,22,
6,7,8,9,9,4,10,10,12,10,10,10,10,22,12,10,11,11,10,10,22,22,22,10,22,17,19,12,1,2,3,3,4,12,12,5,
20,18,20,1,2,2,
1,2,3,3,4,4,4,4,4,4,4,4,4,4,4,18,4,
18,21,12,4,4,1,2,3,3,10,11,11,10,4,5,7,6,8,9,9,4,12,
1,2,2,20,18,20,
4,4,4,1,2,2,20,18,3,3,4,20,
4,4,4,4,4,4,4,4,4,4,4,4,4,4,4,4,4,4,4,4,4,4,4,4,1,2,4,4,3,3,4,19,4,4,4,4,4,4,
1,2,2,4,4,4,4,4,20,3,3,20,18,4,4,4,
10,10,10,4,10,4,10,10,10,4,4,10,10,4,4,4,4,1,2,2,10,20,10,3,3,20,10,10,10,19,17,4,5,7,6,8,9,9,4,10,
1,2,18,
1,2,2,10,10,4,10,10,4,10,10,10,4,10,10,4,10,10,17,6,8,9,9,10,10,10,10,20,3,3,20,10,19,17,10,4,10,10,5,6,7,8,9,9,4,
1,2,3,3,4,12,18,21,12,10,10,5,7,6,8,9,9,4,12,12,10,11,11,10,
1,2,18,
1,2,2,20,20,20,18,20,
1,2,18,
5,6,7,8,9,9,4,12,12,14,15,13,16,12,10,12,10,10,11,11,10,1,2,3,3,4,
10,10,13,15,14,16,12,20,3,3,20,4,10,11,11,10,5,6,7,8,9,9,4,1,2,2,12,
1,2,18,
12,10,6,17,8,9,9,10,10,10,1,2,3,3,4,5,6,7,8,9,9,4,10,11,11,10,10,12,10,12,12,15,14,13,16,12,12,
1,2,2,20,20,20,18,20,
1,2,18,
10,12,12,10,22,10,11,11,10,22,22,22,22,22,22,22,22,22,22,10,10,12,22,12,22,22,19,17,22,10,10,22,1,2,2,22,22,20,3,3,20,22,22,22,4,22,22,22,22,22,22,22,12,12,12,12,12,12,5,12,12,22,6,7,8,9,9,4,
20,18,20,1,2,2,
10,10,1,2,3,3,4,5,10,7,6,8,9,9,4,17,19,10,
12,10,4,10,10,10,10,10,5,7,6,8,9,9,4,10,10,10,10,15,13,14,16,12,10,11,11,10,1,2,3,3,
20,18,20,1,2,2,
4,4,4,4,4,4,4,4,4,4,4,4,4,4,19,1,2,4,3,3,4,4,4,4,
4,4,1,2,4,3,3,10,10,10,10,5,6,7,8,9,9,4,10,10,10,10,10,10,17,19,10,4,4,10,10,
1,2,18,
1,2,18,
22,10,10,10,10,22,5,22,10,22,22,22,6,7,8,9,9,4,10,22,10,1,2,3,3,10,12,22,10,22,22,22,22,22,12,10,11,11,10,12,12,15,13,16,14,12,4,4,10,22,22,10,10,4,
1,2,18,
22,22,22,10,12,22,10,10,11,11,10,22,10,10,12,22,22,14,15,16,13,12,4,1,2,3,3,12,12,4,4,4,5,12,12,4,7,6,8,9,9,4,
4,4,4,18,4,4,4,4,1,2,3,3,4,4,4,4,4,
10,17,19,10,4,5,7,6,8,9,9,4,10,17,6,8,9,9,10,10,1,2,3,3,10,
4,4,19,4,1,2,3,3,4,4,4,4,4,4,4,
1,2,18,
1,2,2,20,18,20,
4,5,7,6,8,9,9,4,12,1,2,10,11,11,10,3,3,15,14,16,13,12,
1,2,18,
4,4,4,4,4,19,4,4,4,4,4,4,4,1,2,3,3,4,4,4,4,4,4,4,4,
4,4,1,2,3,3,4,4,4,4,19,4,4,4,4,4,4,4,4,4,4,
1,2,18,
10,10,10,10,4,4,10,10,10,17,19,10,1,2,3,3,10,4,10,10,10,10,5,6,7,8,9,9,4,10,10,10,
13,16,14,15,12,22,12,22,22,12,22,12,10,12,12,22,10,22,22,1,2,2,22,4,22,12,12,5,22,6,7,8,9,9,4,22,22,4,12,12,22,22,12,22,12,10,22,22,22,11,11,10,4,20,22,3,3,20,22,22,22,12,12,12,12,22,22,22,22,22,12,12,12,
6,7,8,9,9,4,10,10,10,10,12,10,10,10,10,12,10,10,10,10,10,4,12,10,10,12,10,10,15,14,13,16,12,10,10,10,11,11,10,6,17,8,9,9,10,1,2,3,3,10,10,5,12,
1,2,18,
1,2,2,20,18,20,
12,21,18,12,10,10,10,11,11,10,1,2,12,3,3,12,4,12,12,12,10,10,5,10,7,6,8,9,9,4,10,12,
1,2,18,
22,22,22,22,22,22,22,22,22,22,12,12,12,12,12,22,22,12,12,22,22,22,22,12,22,14,15,16,13,22,12,22,12,22,23,23,23,22,12,22,22,22,22,10,11,11,10,12,4,5,12,12,7,6,8,9,9,4,22,22,10,1,2,10,3,3,12,22,
4,12,12,12,22,22,22,1,2,2,22,12,12,20,20,12,12,12,4,4,10,4,22,4,4,4,4,4,4,5,20,6,17,8,9,9,10,10,12,12,3,3,20,10,12,6,7,8,9,9,4,10,22,22,17,6,8,9,9,10,10,10,10,11,11,10,4,10,10,12,15,14,16,13,12,
1,2,2,20,18,20,
4,4,4,4,4,4,4,4,4,4,4,4,4,4,4,4,4,4,4,4,4,4,4,4,4,4,4,4,4,4,4,1,2,3,3,4,4,4,18,4,4,4,4,4,4,4,4,4,4,4,4,4,4,
5,6,7,8,9,9,4,14,13,15,16,12,1,2,3,3,4,10,11,11,10,12,4,4,
19,4,1,2,3,3,4,
12,12,14,15,13,16,12,1,2,3,3,4,22,22,22,10,10,5,7,6,8,9,9,4,22,22,22,22,22,10,22,12,12,10,12,12,22,22,10,11,11,10,
22,10,11,11,10,17,19,22,4,4,4,1,2,3,3,5,7,6,8,9,9,4,10,22,4,4,22,10,4,4,22,12,12,22,12,
10,10,10,10,10,10,4,10,4,10,10,10,10,4,10,17,19,10,10,10,5,6,7,8,9,9,4,1,2,3,3,10,
1,2,10,10,3,3,22,4,22,5,6,7,8,9,9,4,10,22,10,22,12,12,22,10,10,10,11,11,10,6,17,8,9,9,12,22,22,22,22,22,22,22,22,10,10,22,22,22,22,22,22,22,22,22,15,13,14,16,12,22,11,11,22,
4,1,2,3,3,5,7,6,8,9,9,4,10,10,10,10,10,10,10,17,19,
1,2,18,
18,20,1,2,2,20,
1,2,2,20,18,20,
16,14,13,15,22,10,11,11,10,1,2,3,3,4,5,6,7,8,9,9,4,12,10,10,10,10,10,17,6,8,9,9,10,17,6,8,9,9,12,22,
1,2,2,20,18,20,
23,23,1,2,2,23,18,23,
20,18,20,1,2,2,
10,4,4,10,4,5,6,7,8,9,9,4,10,1,2,3,3,10,12,10,10,10,10,11,11,10,10,10,10,15,14,13,16,12,10,10,10,10,
1,2,4,3,3,4,4,18,4,
4,4,1,2,3,3,4,4,4,4,4,4,4,4,4,4,4,19,4,4,
1,2,2,20,20,20,18,20,
10,7,6,8,9,9,4,10,10,10,10,10,10,17,6,8,9,9,10,10,10,10,10,10,10,10,10,10,10,10,10,10,10,10,10,17,19,1,2,3,3,4,5,10,
4,4,4,19,4,4,4,4,4,1,2,2,20,3,3,20,
1,2,2,20,18,20,
4,4,4,4,1,2,4,3,3,4,4,4,4,4,4,4,4,4,4,4,4,4,19,4,4,4,4,4,4,4,4,4,
21,18,12,4,1,2,3,3,4,4,5,7,6,8,9,9,4,10,10,10,4,4,10,4,4,4,4,10,10,10,11,11,10,12,
1,2,2,20,4,3,3,20,18,4,
4,4,4,4,4,4,4,4,1,2,3,3,4,4,4,4,4,4,4,4,4,4,19,4,4,4,4,4,
1,2,18,
1,2,18,
1,2,2,20,18,20,
5,6,7,8,9,9,4,10,10,10,10,10,11,11,10,12,1,2,12,3,3,4,12,13,15,14,16,12,4,4,
1,2,18,
1,2,18,
1,2,18,
10,20,4,19,17,10,4,3,3,20,4,4,4,4,4,4,4,5,1,2,2,6,7,8,9,9,4,10,10,
18,20,1,2,2,20,
1,2,2,20,18,20,
1,2,3,3,4,18,4,
1,2,2,20,20,20,18,20,
1,2,2,20,18,20,
22,5,22,22,6,7,8,9,9,4,22,12,22,22,12,12,1,2,2,20,14,15,16,13,12,3,3,20,10,10,22,22,10,22,10,22,22,22,22,22,22,12,10,4,11,11,10,
1,2,2,20,18,20,
1,2,18,
1,2,2,20,18,20,
1,2,18,
1,2,18,
12,22,10,10,10,22,11,11,22,15,14,16,13,12,12,22,10,22,12,22,22,4,12,22,12,12,5,12,12,22,6,7,8,9,9,4,22,12,12,22,4,22,22,22,4,12,12,12,22,12,1,2,12,12,22,3,3,12,10,11,11,10,12,12,4,22,4,22,22,22,22,12,22,22,12,22,12,22,22,6,17,8,9,9,22,12,
1,2,18,
1,2,18,
4,4,19,4,20,3,3,20,4,4,1,2,2,4,
1,2,18,
10,10,10,10,7,6,8,9,9,4,10,10,10,1,2,3,3,10,10,10,10,10,10,10,10,4,10,10,19,17,10,10,5,10,10,
1,2,18,
4,4,4,4,1,2,2,20,3,3,20,4,4,4,4,4,4,4,4,4,19,4,4,4,4,
1,2,18,
1,2,18,
20,18,20,1,2,2,
1,2,18,
1,2,18,
20,18,20,1,2,2,
1,2,18,
1,2,18,
1,2,2,20,18,20,
1,2,3,3,4,4,4,5,6,7,8,9,9,4,12,10,10,11,11,10,10,12,12,15,13,16,14,12,12,12,
1,2,18,
1,2,18,
1,2,18,
18,21,12,10,4,10,10,10,5,10,11,11,10,12,7,6,8,9,9,4,10,10,1,2,3,3,4,4,
1,2,18,
1,2,3,3,4,5,7,6,8,9,9,4,22,22,22,22,22,22,22,22,22,22,22,10,22,11,11,10,22,22,22,22,19,17,22,22,22,12,12,10,10,12,12,10,12,10,12,
1,2,2,20,18,20,
1,2,2,20,18,20,
23,23,1,2,2,23,18,23,
1,2,18,
1,2,2,20,18,20,
1,2,2,20,18,20,
22,22,4,4,12,22,22,22,22,21,18,22,1,2,3,3,10,11,11,10,4,4,4,22,22,5,12,12,6,7,8,9,9,4,22,
1,2,18,
4,1,2,2,4,4,20,3,3,20,4,4,4,18,4,4,
4,4,4,4,4,1,2,2,4,4,4,20,4,4,20,20,3,3,20,4,4,4,4,4,4,4,4,19,4,4,4,4,
22,12,22,22,22,22,1,2,3,3,22,4,15,16,14,13,12,22,5,22,12,12,6,7,8,9,9,4,10,10,10,6,17,8,9,9,10,10,10,22,22,22,22,10,22,10,22,22,12,12,22,10,11,11,10,22,12,
1,2,18,
4,4,4,4,4,4,4,4,4,1,2,3,3,4,4,4,4,4,4,4,4,19,4,4,4,4,4,4,
4,1,2,2,20,4,3,3,20,4,12,5,18,21,12,10,11,11,10,6,7,8,9,9,4,
20,20,20,18,20,1,2,2,
22,22,10,4,10,22,22,12,12,22,21,18,22,4,10,10,5,12,12,12,6,7,8,9,9,4,10,22,22,10,22,22,22,10,11,11,10,12,22,22,1,2,3,3,22,22,22,22,12,12,12,12,22,22,4,
1,2,18,
1,2,18,
1,2,18,
1,2,3,3,4,4,4,18,4,
4,1,2,3,3,4,4,18,4,
22,12,22,1,2,3,3,12,4,14,15,16,13,12,22,10,11,11,10,22,22,22,5,22,7,6,8,9,9,4,12,12,12,22,22,22,12,12,
12,1,2,3,3,10,4,4,10,4,22,22,22,12,12,22,5,10,11,11,10,12,12,7,6,8,9,9,4,10,22,10,12,15,14,13,16,12,10,10,
4,4,18,4,1,2,3,3,4,4,4,4,4,4,4,
1,2,18,
10,10,10,10,10,10,10,10,10,10,10,10,1,2,3,3,10,16,13,15,14,12,12,10,12,10,11,11,10,4,10,10,10,10,12,5,6,7,8,9,9,4,10,10,
10,10,10,10,20,3,3,20,4,10,10,10,10,10,10,10,10,10,10,10,10,10,10,4,1,2,2,4,5,10,10,19,17,4,6,7,8,9,9,4,10,10,4,10,
20,20,20,18,20,1,2,2,
4,19,4,1,2,3,3,4,4,
12,12,22,10,4,4,22,12,6,17,8,9,9,10,10,19,17,22,12,10,12,5,12,7,6,8,9,9,4,12,10,10,10,11,11,10,10,12,6,17,8,9,9,10,10,22,22,22,22,10,10,12,22,22,22,1,2,3,3,17,6,4,8,9,9,10,
1,2,18,
1,2,2,20,18,20,
1,2,2,20,18,20,
10,10,10,10,10,1,2,3,3,10,10,10,10,4,10,10,10,10,10,5,10,7,6,8,9,9,4,10,19,17,10,10,10,
5,20,6,7,8,9,9,4,12,12,12,20,3,3,20,1,2,2,15,14,13,16,12,10,11,11,10,4,4,4,20,
10,5,7,6,8,9,9,4,10,10,11,11,10,10,10,10,10,6,17,8,9,9,10,10,10,10,12,1,2,2,10,12,4,12,10,10,20,3,3,20,18,21,10,12,12,12,
1,2,18,
1,2,18,
10,11,11,10,12,4,1,2,15,13,16,14,3,3,12,5,6,7,8,9,9,4,10,10,
1,2,2,20,18,20,
1,2,3,3,4,19,4,
20,20,20,18,20,1,2,2,
10,10,10,10,10,10,10,4,10,4,10,4,5,7,6,8,9,9,4,10,10,10,17,19,1,2,4,3,3,4,10,10,10,10,10,10,10,10,10,
1,2,18,
4,4,4,4,4,4,4,4,4,4,4,4,4,4,4,4,4,4,4,4,4,4,4,4,4,1,2,3,3,4,19,4,4,4,4,4,4,4,4,4,4,4,
19,4,1,2,3,3,4,
12,22,20,12,3,3,20,12,12,4,4,22,12,12,12,22,22,10,11,11,10,12,15,13,14,16,12,4,4,22,22,22,22,4,22,22,22,22,1,2,2,5,12,6,7,8,9,9,4,
22,22,22,12,6,7,8,9,9,4,22,22,10,22,22,22,22,10,22,22,22,12,12,12,12,10,15,14,13,16,12,12,12,22,22,22,12,12,12,10,12,22,10,11,11,10,22,22,22,22,4,22,1,2,3,3,22,22,22,12,12,22,22,5,
1,2,18,
1,2,18,
20,18,20,1,2,2,
1,2,18,
10,10,4,1,2,3,3,5,6,7,8,9,9,4,10,10,10,11,11,10,12,14,13,15,16,12,
20,18,20,1,2,2,
4,5,10,7,6,8,9,9,4,17,19,1,2,10,3,3,4,4,10,4,4,10,
1,2,18,
20,18,20,1,2,2,
19,4,4,4,20,4,4,20,4,4,4,1,2,2,4,4,20,3,3,20,
22,22,22,22,22,12,22,22,22,12,12,4,22,12,10,12,10,5,10,11,11,10,6,7,8,9,9,4,10,10,12,10,22,22,10,13,16,15,14,12,12,1,2,3,3,12,
20,18,20,1,2,2,20,20,
18,20,1,2,2,20,
12,12,4,4,4,22,11,11,22,4,4,4,4,12,15,16,13,14,12,12,10,4,11,11,10,4,4,1,2,3,3,22,4,4,5,4,4,7,6,8,9,9,4,4,4,10,12,12,10,6,17,8,9,9,22,22,22,22,22,4,
20,4,3,3,20,18,4,1,2,2,
10,10,10,10,10,10,10,10,10,1,2,3,3,4,10,5,10,10,17,19,7,6,8,9,9,4,10,10,10,10,10,10,10,
20,3,3,20,10,17,19,10,4,5,1,2,2,7,6,8,9,9,4,10,10,
1,2,18,
1,2,18,
22,4,5,7,6,8,9,9,4,10,12,12,10,10,10,10,10,12,22,10,10,4,4,12,15,13,14,16,12,1,2,3,3,10,4,11,11,4,10,22,22,22,
1,2,18,
1,2,18,
20,20,20,20,20,20,18,20,20,1,2,2,
1,2,2,20,18,20,
15,13,14,16,12,20,20,20,3,3,20,10,10,1,2,2,20,12,20,10,11,11,10,20,4,20,4,4,5,7,6,8,9,9,4,10,6,17,8,9,9,10,
1,2,3,3,4,19,4,
4,4,4,4,4,4,4,4,4,4,4,4,20,4,20,4,4,4,4,4,4,4,1,2,2,4,4,4,4,4,4,4,19,4,4,20,4,3,3,20,4,
5,7,6,8,9,9,4,10,11,11,10,14,15,13,16,12,10,10,4,4,4,1,2,3,3,12,
6,7,8,9,9,4,10,10,10,11,11,10,12,10,18,21,12,10,4,4,4,10,10,5,1,2,3,3,
10,5,22,7,6,8,9,9,4,1,2,22,22,3,3,10,10,10,10,12,12,22,22,22,22,22,11,11,22,22,10,10,12,22,6,17,8,9,9,22,22,22,22,22,22,22,22,22,22,12,22,22,22,22,22,16,13,15,14,12,22,10,10,11,11,10,10,4,10,10,22,10,
4,4,12,12,4,1,2,3,3,5,12,7,6,8,9,9,4,15,16,13,14,12,10,11,11,10,
1,2,18,
1,2,18,
11,11,10,10,10,10,5,18,21,12,10,10,7,6,8,9,9,4,10,6,17,8,9,9,10,10,10,10,10,1,2,3,3,10,10,10,10,4,10,10,4,12,10,4,10,
1,2,18,
10,17,6,8,9,9,10,10,10,10,10,10,10,10,10,10,10,10,10,10,10,10,10,10,10,10,10,10,10,10,10,10,10,10,10,19,17,1,2,3,3,10,4,10,10,10,10,5,10,10,7,6,8,9,9,4,
1,2,18,
1,2,18,
1,2,3,3,10,10,10,11,11,10,12,12,12,22,22,22,22,12,12,12,14,15,13,16,12,10,10,22,12,12,10,22,22,22,22,22,22,22,10,12,12,4,22,5,7,6,8,9,9,12,4,10,10,10,10,12,
1,2,3,3,4,19,4,
1,2,3,3,4,4,4,4,4,19,4,
1,2,3,3,4,4,4,4,4,19,4,
1,2,18,
1,2,18,
1,2,18,
1,2,18,
1,2,18,
1,2,2,4,18,4,20,3,3,20,
18,20,1,2,2,20,
1,2,18,
1,2,18,
12,10,10,10,10,10,10,10,10,12,10,11,11,10,12,12,1,2,2,12,20,12,3,3,20,4,12,12,10,15,14,13,16,12,5,12,12,12,10,6,7,8,9,9,4,10,10,12,6,17,8,9,9,10,12,10,
20,20,20,18,20,1,2,2,
1,2,18,
1,2,18,
1,2,18,
20,18,20,1,2,2,
20,18,20,1,2,2,
1,2,18,
4,20,3,3,20,4,4,4,4,4,4,4,4,4,1,2,2,4,4,4,4,4,4,4,4,18,4,4,
1,2,18,
20,18,20,1,2,2,
20,18,20,1,2,2,
1,2,18,
1,2,18,
1,2,18,
1,2,2,20,20,20,18,20,
20,18,20,1,2,2,
1,2,18,
1,2,18,
4,18,4,1,2,3,3,
20,18,20,1,2,2,
1,2,18,
20,18,20,1,2,2,
1,2,18,
4,4,4,5,6,7,8,9,9,4,10,19,17,10,1,2,3,3,
20,18,20,1,2,2,
20,18,20,1,2,2,
4,19,4,1,2,3,3,
20,18,20,1,2,2,
1,2,18,
1,2,2,20,18,20,
1,2,2,20,18,20,
1,2,18,
1,2,2,20,18,20,
1,2,18,
1,2,2,20,3,3,20,4,4,4,4,4,18,4,
1,2,2,18,4,20,3,3,20,4,
1,2,18,
1,2,18,
1,2,2,20,20,20,18,20,
1,2,2,20,18,20,
4,18,4,1,2,2,20,20,20,3,3,20,
1,2,2,20,18,20,
10,10,4,4,4,10,10,10,4,10,5,4,10,1,2,2,10,10,20,6,7,8,9,9,4,10,10,10,3,3,20,4,10,4,10,10,19,17,10,10,10,10,10,10,10,10,
4,4,1,2,2,20,3,3,20,4,4,4,18,4,
1,2,18,
1,2,18,
1,2,18,
4,10,4,6,17,8,9,9,10,10,10,1,2,2,4,5,7,6,8,9,9,4,10,19,17,10,20,3,3,20,
1,2,2,20,18,20,
1,2,2,20,18,20,
1,2,2,20,3,3,20,4,18,4,
12,4,4,12,10,11,11,10,18,21,12,1,2,3,3,4,5,12,7,6,8,9,9,4,
4,4,4,4,4,4,4,4,4,4,1,2,2,4,4,19,4,4,4,20,3,3,20,
1,2,18,
1,2,2,20,18,20,
20,18,20,1,2,2,
18,20,1,2,2,20,
1,2,18,
1,2,18,
1,2,18,
1,2,2,20,18,20,
4,4,4,1,20,2,2,4,3,3,20,4,18,4,
1,2,2,20,18,20,
20,1,2,2,18,20,
12,12,22,12,1,2,22,3,3,10,11,11,10,22,22,4,22,22,22,22,12,22,22,5,6,7,8,9,9,4,10,10,21,18,12,17,6,8,9,9,10,22,10,22,22,22,22,10,22,22,10,
4,4,1,2,2,20,20,4,4,4,4,19,4,20,3,3,20,
12,12,10,10,10,10,12,10,12,1,2,3,3,4,15,13,16,14,12,10,10,10,10,10,10,10,5,6,7,8,9,9,4,10,10,10,10,11,11,10,12,10,
1,2,2,20,18,20,
20,18,20,1,2,2,
1,2,18,
10,10,10,10,10,10,10,1,2,3,3,17,19,10,4,5,6,7,8,9,9,4,10,10,10,6,17,8,9,9,10,
1,2,2,20,18,20,
1,2,2,20,18,20,
1,2,18,
4,4,19,4,4,4,1,2,2,4,4,20,4,3,3,20,
1,2,18,
5,6,7,8,9,9,4,10,10,10,10,10,17,19,10,10,4,1,2,10,3,3,
1,2,2,20,18,20,
1,2,18,
1,2,18,
1,2,2,20,18,20,
1,2,2,20,18,20,
1,2,2,20,18,20,
1,2,2,20,18,20,
4,4,10,4,1,2,10,3,3,4,4,4,12,4,5,6,7,8,9,9,4,10,11,11,10,18,21,12,
1,2,18,
1,2,18,
4,10,10,5,6,7,8,9,9,4,10,1,2,2,10,10,19,17,10,10,10,20,3,3,20,
22,22,22,22,22,10,4,4,10,22,22,1,2,3,3,22,12,12,22,22,22,22,22,10,11,11,10,4,4,4,22,5,7,6,8,9,9,4,4,4,17,19,22,22,12,22,22,10,10,
4,10,10,1,2,2,5,20,6,7,8,9,9,4,10,6,17,8,9,9,10,3,3,20,10,19,17,10,
1,2,18,
10,12,4,10,12,12,5,10,10,10,11,11,10,7,6,8,9,9,4,10,6,17,8,9,9,10,10,1,2,10,3,3,22,17,19,22,10,10,
1,2,2,20,18,20,
4,4,4,18,4,4,1,2,2,4,20,3,3,20,
1,2,2,20,18,20,
4,4,10,10,10,10,10,10,4,5,6,7,8,9,9,4,4,4,10,10,10,10,17,19,10,10,4,10,4,10,1,2,3,3,10,10,10,
20,18,20,1,2,2,
1,2,2,20,18,20,
1,2,3,3,18,4,4,4,4,
1,2,18,
1,2,2,20,18,20,
1,2,18,
1,2,2,20,18,20,
1,2,18,
10,4,10,4,5,6,7,8,9,9,4,10,10,4,1,2,3,3,12,4,10,10,18,21,12,12,12,10,11,11,10,4,
1,2,18,
1,2,18,
1,2,18,
10,10,4,10,4,10,10,10,10,4,10,10,10,10,1,2,2,10,10,10,10,10,5,10,4,10,10,6,7,8,9,9,4,10,10,4,10,10,10,10,10,19,17,10,10,20,10,3,3,20,10,17,6,8,9,9,10,10,10,10,10,10,10,10,10,10,10,
1,2,18,
10,10,10,10,10,10,10,10,10,10,10,10,10,10,10,4,10,10,10,5,1,2,3,3,7,6,8,9,9,4,10,10,10,10,10,19,17,10,10,10,10,
23,18,23,23,23,1,2,2,
1,2,2,20,18,20,
1,2,18,
1,2,2,20,18,20,
1,2,18,
1,2,2,20,18,20,
4,18,4,1,2,2,4,20,4,3,3,20,
1,2,2,20,18,20,
4,4,4,18,4,1,2,3,3,
12,12,1,2,3,3,4,13,15,14,16,12,22,22,4,4,5,22,7,6,8,9,9,4,22,10,11,11,10,22,22,22,22,12,12,22,
10,5,6,7,8,9,9,4,1,2,3,3,10,10,10,10,10,10,10,4,4,10,4,10,10,17,6,8,9,9,10,19,17,10,10,10,10,10,10,10,10,10,10,
1,2,18,
10,1,2,10,3,3,4,5,7,6,8,9,9,4,10,6,17,8,9,9,10,10,17,19,10,
1,2,18,
1,2,18,
1,2,2,20,18,20,
20,18,20,1,2,2,
20,20,18,20,20,1,2,2,
20,20,18,20,20,1,2,2,
1,2,18,
1,2,3,3,10,10,10,4,5,7,6,8,9,9,4,10,10,10,17,19,10,10,10,10,10,
1,2,2,20,20,18,20,20,
1,2,3,3,4,4,4,19,4,4,4,4,4,4,4,4,4,4,4,
1,2,3,3,4,4,4,4,18,4,4,
4,4,19,4,1,2,3,3,4,4,4,
20,20,3,3,20,1,2,2,20,4,18,4,
20,18,20,1,2,2,20,20,20,20,20,20,20,20,20,20,
18,4,4,4,1,2,3,3,4,4,4,
1,2,2,20,20,20,18,20,
1,2,18,
1,2,18,
22,22,22,22,4,22,12,22,22,12,12,5,22,22,10,6,7,8,9,9,4,10,22,22,12,12,1,2,3,3,22,22,22,22,22,22,22,12,10,22,11,11,10,22,13,15,14,16,12,12,12,12,22,22,
20,20,18,20,1,2,2,20,
1,2,18,
1,2,18,
4,5,7,6,8,9,9,4,4,4,10,17,19,10,1,2,3,3,
1,2,18,
22,22,22,22,4,12,10,12,10,15,14,16,13,12,4,4,10,22,10,12,12,4,12,12,10,4,11,11,10,10,22,12,5,12,23,23,23,22,12,22,22,22,6,17,8,9,9,10,1,2,2,7,6,8,9,9,4,10,10,10,22,12,22,22,22,22,12,12,10,22,10,10,10,10,12,10,10,10,10,22,10,10,12,12,20,3,3,20,
1,2,18,
4,10,10,5,6,7,8,9,9,4,10,10,1,2,3,3,10,19,17,10,4,4,6,17,8,9,9,10,10,10,
1,2,18,
20,18,20,1,2,2,
10,10,4,5,19,17,10,6,7,8,9,9,4,4,4,4,4,4,4,4,4,4,4,1,2,3,3,10,
1,2,18,
10,11,11,10,12,10,4,10,4,4,5,6,7,8,9,9,4,12,14,13,15,16,12,12,10,10,1,2,3,3,
20,20,18,20,20,1,2,2,
1,2,2,20,3,3,20,4,4,4,4,4,4,4,18,4,
20,3,3,20,1,2,2,4,18,4,
20,18,20,1,2,2,
1,2,2,20,18,20,
1,2,2,20,18,20,
1,2,18,
20,1,2,2,18,20,
1,2,18,
10,10,10,4,10,1,2,3,3,10,5,6,7,8,9,9,4,10,10,19,17,10,10,10,10,10,10,10,
20,18,20,1,2,2,
1,2,2,20,18,20,
1,2,18,
4,4,4,4,4,18,4,4,4,20,3,3,20,1,2,2,
1,2,18,
1,2,2,20,18,20,
1,2,18,
1,2,18,
10,10,1,2,3,3,10,10,10,10,5,7,6,8,9,9,4,10,10,10,10,10,10,10,10,10,10,10,10,10,10,10,10,10,10,10,19,17,10,10,10,10,4,
20,10,4,10,1,2,2,3,3,20,5,7,6,8,9,9,4,10,17,19,10,10,10,
1,2,18,
18,20,1,2,2,20,
4,18,4,1,2,2,20,3,3,20,
11,11,10,10,12,4,4,5,7,6,8,9,9,4,10,10,17,6,8,9,9,10,4,15,16,14,13,12,4,10,10,1,2,3,3,10,10,4,10,
20,18,20,1,2,2,
1,2,18,
5,7,6,8,9,9,4,10,11,11,10,12,15,13,14,16,12,1,2,2,20,3,3,20,4,
1,2,18,
4,4,4,4,4,4,4,4,4,4,4,4,4,4,4,4,4,4,4,4,4,4,4,4,19,4,4,4,4,4,1,2,4,3,3,4,
4,4,4,19,4,1,2,3,3,
1,2,2,18,4,20,3,3,20,4,
1,2,18,
1,2,2,20,18,20,
4,3,3,20,4,4,4,4,4,4,4,4,4,4,4,4,4,4,4,4,4,4,1,2,2,4,4,4,4,4,4,4,4,4,4,4,4,4,4,4,4,4,4,4,4,4,4,4,19,4,4,4,4,4,4,4,4,4,4,4,4,4,20,
3,3,20,4,4,4,4,1,2,2,4,4,4,19,4,20,
1,2,18,
4,4,4,4,4,4,4,4,4,4,4,4,4,4,4,4,1,2,3,3,4,4,4,4,4,4,4,4,4,19,4,4,
4,5,19,4,1,2,3,3,
1,2,2,20,18,20,
1,2,18,
12,1,2,3,3,15,13,14,16,12,12,4,5,7,6,8,9,9,4,12,10,11,11,10,
4,18,4,1,2,3,3,
4,18,4,1,2,3,3,
1,2,18,
1,2,18,
20,18,20,1,2,2,
20,18,20,1,2,2,
1,2,18,
5,7,6,8,9,9,4,10,10,10,10,10,11,11,10,12,1,2,3,3,21,18,12,4,
1,2,18,
1,2,18,
1,2,18,
20,3,3,20,10,4,15,14,13,16,12,5,6,7,8,9,9,4,10,10,4,4,4,4,4,12,4,12,12,4,4,10,10,1,2,2,10,11,11,10,10,
1,2,3,3,4,19,4,
1,2,18,
20,18,20,1,2,2,
20,18,20,1,2,2,
20,20,20,18,20,1,2,2,
10,19,17,10,4,1,2,3,3,5,6,7,8,9,9,4,4,4,
1,2,18,
1,2,18,
1,2,18,
23,18,23,23,23,1,2,2,
10,10,12,12,4,12,4,12,22,4,4,4,4,4,22,4,10,10,22,22,22,4,10,10,22,4,4,4,10,22,22,22,10,22,22,22,1,2,4,4,3,3,22,4,22,12,10,22,10,22,22,22,22,10,11,11,10,4,15,13,14,16,4,12,5,22,22,22,22,12,12,4,4,4,4,22,22,22,6,7,8,9,9,4,10,10,
20,18,20,1,2,2,
1,2,2,20,18,20,
1,2,18,
1,2,10,3,3,10,10,10,19,17,10,10,10,10,10,4,5,7,6,8,9,9,4,10,10,10,
1,2,2,20,18,20,
1,2,2,20,20,20,18,20,
10,4,10,12,10,14,15,13,16,12,10,1,2,3,3,10,11,11,10,4,4,4,5,7,6,8,9,9,4,4,
20,1,2,2,20,20,18,20,
4,4,4,10,10,10,11,11,10,12,5,7,6,8,9,9,4,21,18,12,10,1,2,3,3,10,10,10,
1,2,2,20,18,20,
1,2,18,
10,10,10,10,10,10,4,10,10,5,10,6,7,8,9,9,4,10,10,10,10,6,17,8,9,9,10,10,10,10,19,17,10,1,2,2,20,4,4,3,3,20,
1,2,18,
10,17,19,10,10,10,10,10,4,4,4,4,10,10,4,5,6,7,8,9,9,4,10,10,10,10,1,2,3,3,
1,2,18,
1,2,3,3,4,4,10,11,11,10,4,4,4,4,4,4,4,12,10,4,4,10,12,12,5,21,18,12,7,6,8,9,9,4,10,10,
5,6,7,8,9,9,4,10,10,1,2,2,10,10,10,10,10,19,17,10,20,3,3,20,4,
10,6,7,8,9,9,4,22,22,12,22,1,2,3,3,22,22,10,11,11,10,12,12,12,12,14,15,13,16,12,4,12,22,22,10,5,
5,4,7,6,8,9,9,4,4,10,4,4,22,10,11,11,10,10,22,22,22,1,2,3,3,22,22,22,18,21,22,12,12,12,4,
10,10,10,10,10,10,10,10,10,10,10,10,10,10,10,10,4,10,1,2,10,3,3,10,10,10,10,19,17,5,6,7,10,8,9,9,4,10,10,
18,20,1,2,2,20,
10,10,4,10,10,10,10,5,10,10,10,10,10,10,17,6,8,9,9,10,10,6,7,8,9,9,10,4,10,10,10,10,10,10,10,10,10,10,10,17,19,1,2,3,3,10,10,10,4,10,10,4,10,10,10,10,
1,2,18,
4,4,4,4,4,4,4,4,1,2,2,4,4,4,4,4,18,4,4,4,20,3,3,20,
1,2,2,20,18,20,
10,10,10,10,10,10,10,10,10,10,10,10,10,10,10,10,1,2,2,20,3,3,20,4,10,10,5,10,6,7,8,9,9,4,10,19,17,10,10,10,
5,7,6,8,9,9,4,1,2,2,10,20,20,19,17,10,20,4,3,3,20,
18,20,1,2,2,20,
4,18,4,1,2,2,20,3,3,20,
18,4,4,4,4,4,1,2,2,4,20,4,3,3,20,4,
22,22,22,22,22,22,22,22,22,22,22,22,22,12,22,22,22,22,22,22,10,10,11,11,10,22,22,22,22,22,22,12,12,22,22,22,22,12,22,22,22,22,22,12,22,22,22,22,12,12,6,17,8,9,9,10,10,22,10,22,10,22,22,22,11,11,22,22,22,22,22,22,22,22,22,22,19,17,22,22,22,1,2,2,6,17,8,9,9,12,20,22,22,3,3,20,22,4,22,22,4,4,10,22,5,6,7,8,9,9,4,22,
1,2,18,
1,2,18,
1,2,18,
1,2,18,
1,2,18,
12,12,12,15,14,13,16,12,1,2,3,3,12,4,4,4,4,4,22,22,5,7,6,8,9,9,4,22,22,22,12,12,10,11,11,10,12,12,
4,4,4,1,2,3,3,4,4,4,4,4,19,4,4,
4,4,4,4,4,4,4,4,4,4,1,2,2,4,4,4,4,20,4,3,3,20,4,4,4,4,4,4,19,4,4,4,4,
10,5,10,6,7,8,9,9,4,10,21,18,12,10,10,11,11,10,12,10,1,2,3,3,10,12,12,12,12,12,12,4,
1,2,18,
20,1,2,2,18,20,
1,2,18,
22,16,14,13,15,12,10,10,22,10,22,22,22,12,12,4,10,11,11,10,22,5,22,7,6,8,9,9,4,22,22,22,22,1,2,3,3,22,22,22,22,12,22,22,22,22,12,10,
1,2,18,
1,2,18,
1,2,18,
1,2,18,
20,3,3,20,4,18,4,1,2,2,
1,2,18,
1,2,18,
1,2,18,
1,2,18,
1,2,18,
4,18,4,20,4,20,20,4,20,20,3,3,20,1,2,2,
1,2,18,
4,4,4,4,4,4,4,4,4,4,4,4,4,1,2,3,3,19,4,4,4,
22,22,22,4,4,22,22,10,12,10,4,22,22,12,12,5,22,12,6,7,8,9,9,4,10,12,12,12,22,22,10,22,22,22,10,11,11,10,22,12,1,2,3,3,10,10,12,13,14,16,15,12,
1,2,2,20,18,20,
1,2,2,20,18,20,
1,2,18,
1,2,18,
1,2,18,
1,2,2,20,18,20,
10,10,10,10,10,10,1,2,3,3,10,10,4,10,10,10,4,4,4,5,10,7,6,8,9,9,4,4,10,10,10,17,19,10,10,10,10,10,
1,2,2,20,18,20,
1,2,2,4,4,20,3,3,20,4,19,
5,6,7,8,9,9,4,10,17,6,8,9,9,10,10,10,10,1,2,2,17,19,10,20,3,3,20,4,4,4,
6,17,8,9,9,10,10,10,6,17,8,9,9,10,22,10,22,5,6,17,8,9,9,10,22,22,22,7,6,8,9,9,4,10,17,6,8,9,9,10,10,10,22,22,22,22,1,2,3,3,10,10,10,10,12,10,12,10,6,17,8,9,9,12,22,4,17,6,8,9,9,10,15,13,14,16,22,4,10,22,22,22,22,22,4,4,10,11,11,10,22,22,10,10,10,10,10,22,4,10,10,12,12,10,
1,2,18,
4,10,4,10,10,10,10,10,5,1,2,3,3,6,7,8,9,9,4,10,10,10,10,10,17,19,10,4,
22,22,22,18,21,12,10,10,22,12,22,22,4,22,22,22,5,7,6,8,9,9,4,10,22,22,1,2,3,3,12,12,10,22,10,10,10,11,11,10,22,12,
1,2,18,
1,2,18,
1,2,18,
4,4,20,4,4,4,3,3,20,4,4,4,4,4,4,4,4,4,4,4,4,4,4,4,4,4,4,4,4,19,4,1,2,2,4,4,4,
12,5,10,18,21,12,6,7,8,9,9,4,10,1,2,3,3,10,11,11,10,4,
10,22,22,22,22,22,22,22,22,12,22,22,22,10,22,22,22,22,22,4,22,22,22,10,22,22,22,22,22,22,4,22,22,22,22,22,22,19,17,22,22,10,22,22,12,12,22,22,22,22,4,4,22,22,22,22,22,22,22,22,22,22,22,22,22,22,4,22,22,22,22,22,22,22,1,2,22,22,10,22,3,3,22,22,22,22,22,22,22,10,22,12,22,22,22,22,22,22,22,22,22,22,22,22,12,10,10,22,10,22,22,22,22,22,5,22,22,22,10,22,10,11,11,10,22,22,12,12,12,22,6,7,8,9,9,4,22,
1,2,2,20,18,20,
1,2,18,
1,2,18,
1,2,18,
1,2,18,
1,2,18,
4,4,4,4,4,4,18,4,1,2,2,4,20,3,3,20,
18,20,1,2,2,20,
10,10,10,10,10,10,10,10,10,10,4,10,4,10,4,1,2,5,3,3,6,7,8,9,9,4,10,19,17,10,4,4,10,10,10,
20,20,1,2,2,12,20,20,20,20,20,20,20,4,18,21,12,4,3,3,20,4,10,11,11,10,5,7,6,8,9,9,4,10,17,6,8,9,9,10,10,10,
1,2,18,
20,4,3,3,20,18,4,1,2,2,
1,2,18,
1,2,18,
1,2,18,
1,2,18,
1,2,3,3,10,10,10,10,4,10,10,10,10,5,7,6,8,9,9,4,10,10,10,10,10,10,10,10,17,19,10,10,10,
20,18,20,1,2,2,
20,3,3,20,1,2,2,4,18,4,
20,18,20,1,2,2,
1,2,18,
1,2,2,20,18,20,
20,18,20,1,2,2,
1,2,18,
10,10,20,3,3,20,12,12,12,22,15,14,16,13,12,22,4,4,10,10,1,2,2,12,22,22,10,22,10,22,22,4,22,5,7,6,8,9,9,4,4,4,10,11,11,10,10,22,22,22,10,
1,2,18,
4,20,3,3,20,4,4,4,4,1,2,2,4,4,4,18,4,4,4,4,
1,2,18,
7,6,8,9,9,4,12,12,12,13,15,16,14,12,4,1,2,3,3,12,12,10,11,11,10,5,
4,12,4,4,4,15,14,13,16,12,4,10,10,12,12,5,6,7,8,9,9,4,10,17,6,8,9,9,10,12,22,22,22,22,22,10,22,11,11,10,1,2,3,3,12,12,22,10,22,22,22,22,22,10,22,
1,2,2,20,18,20,
12,22,22,11,11,22,1,2,2,20,20,20,3,3,20,22,22,17,6,8,9,9,22,22,22,22,22,4,5,22,7,6,8,9,9,4,10,22,12,10,15,13,16,14,12,22,22,22,22,12,12,10,11,11,10,
1,2,2,20,18,20,
10,10,10,10,10,10,12,10,12,15,14,13,16,12,6,17,8,9,9,10,10,10,4,4,4,1,2,3,3,5,6,7,8,9,9,4,10,17,6,8,9,9,10,10,10,10,10,12,10,11,11,10,
1,2,18,
12,10,4,21,18,12,10,10,10,4,4,10,10,4,10,10,10,12,10,12,10,10,4,5,10,10,10,10,10,10,6,7,8,9,9,4,10,6,17,8,9,9,10,1,2,10,3,3,10,4,4,10,10,11,11,10,10,10,10,
1,2,18,
1,2,18,
1,2,18,
10,11,11,10,12,10,10,1,2,2,20,12,10,10,3,3,20,4,5,15,14,13,16,12,7,6,8,9,9,4,10,12,10,10,10,
1,2,2,20,18,20,
20,18,20,1,2,2,
20,4,3,3,20,18,4,1,2,2,
1,2,18,
1,2,3,3,15,16,13,14,12,4,10,11,11,10,5,10,10,6,7,8,9,9,4,10,10,10,10,10,10,12,
4,4,4,4,4,4,4,4,4,4,4,4,4,4,4,4,1,2,3,3,4,4,19,4,4,4,4,4,
20,3,3,20,4,1,2,2,18,4,
18,4,1,2,2,20,3,3,20,4,
18,4,1,2,3,3,4,4,4,
4,12,5,7,6,8,9,9,4,13,15,16,14,12,1,2,3,3,10,11,11,10,4,4,
4,10,10,5,10,10,7,6,8,9,9,4,1,2,3,3,10,10,10,10,10,10,10,10,10,10,10,10,10,10,19,17,10,10,
10,11,11,10,10,4,10,10,10,5,10,10,6,7,8,9,9,4,10,10,1,2,3,3,12,12,12,15,14,13,16,12,
1,2,18,
1,2,22,3,3,22,22,12,22,22,10,11,11,10,22,22,10,10,22,22,4,17,6,8,9,9,10,17,6,8,9,9,12,22,22,10,5,22,22,11,11,22,6,7,8,9,9,4,22,22,22,22,22,22,12,22,22,15,14,16,13,12,
1,2,3,3,4,5,6,7,8,9,9,4,12,12,16,13,15,14,12,12,12,12,10,11,11,10,
1,2,3,3,12,4,10,11,11,10,4,4,15,14,16,13,12,5,6,7,8,9,9,4,
1,2,18,
1,2,2,20,18,20,
1,2,18,
10,6,17,8,9,9,10,10,10,4,4,12,12,10,10,10,12,10,4,4,4,10,11,11,10,1,2,3,3,4,5,7,6,8,9,9,4,21,18,12,4,
4,4,4,4,19,4,1,2,3,3,4,
1,2,18,
4,19,17,10,10,5,10,6,7,8,9,9,4,10,10,10,1,2,10,3,3,10,10,10,10,6,17,8,9,9,10,10,10,10,10,10,10,10,10,6,17,8,9,9,10,10,10,10,10,10,4,10,10,10,4,10,
4,4,4,4,4,4,4,4,20,4,4,3,3,20,4,1,2,2,18,4,4,4,4,4,
1,2,18,
10,10,4,10,4,5,10,6,7,8,9,9,4,10,10,10,4,10,4,10,4,4,10,10,10,4,4,1,2,3,3,10,10,10,10,10,17,19,4,4,4,4,4,10,4,4,10,
1,2,18,
1,2,2,20,18,20,
1,2,18,
4,10,10,10,10,10,10,1,2,3,3,10,4,10,10,10,4,5,10,10,10,10,7,6,8,9,9,4,4,10,4,6,17,8,9,9,10,10,4,10,10,10,10,17,19,10,10,10,17,6,8,9,9,10,10,10,10,6,17,8,9,9,10,10,10,10,4,
1,2,18,
10,4,4,4,4,4,4,4,10,10,4,4,4,4,10,15,13,14,16,12,4,10,10,10,10,10,10,10,10,5,4,4,10,10,6,7,8,9,9,4,10,10,10,10,10,10,10,10,10,11,11,10,10,10,10,10,10,10,10,12,4,4,6,17,8,9,9,10,10,10,10,1,2,3,3,10,4,
4,4,4,4,4,4,4,4,4,4,4,4,4,4,4,4,4,19,4,4,4,4,4,4,1,2,4,3,3,4,4,4,4,4,
20,18,20,1,2,2,
1,2,18,
4,4,18,4,4,1,2,3,3,
18,20,1,2,2,20,
20,18,20,1,2,2,
20,3,3,20,1,2,2,4,19,4,
1,2,18,
1,2,18,
3,3,5,7,6,8,9,9,4,22,22,22,22,22,4,22,12,12,4,14,16,15,13,22,12,22,10,10,11,11,10,4,22,22,22,22,22,4,4,4,10,22,22,22,22,22,22,22,12,22,12,1,2,4,
10,10,17,6,8,9,9,10,10,10,10,10,10,10,4,4,1,2,3,3,10,10,4,4,4,10,10,10,17,19,4,5,10,10,10,4,6,7,8,9,9,4,10,10,
20,3,3,20,4,4,1,2,2,4,18,4,
1,2,2,20,20,20,18,20,
4,22,4,12,10,10,10,10,1,2,2,10,4,10,4,4,4,10,11,11,10,4,4,12,12,12,15,16,13,14,12,20,3,3,20,10,10,4,10,10,22,4,5,22,6,7,8,9,9,4,22,22,4,
1,2,2,20,18,20,
10,22,22,4,22,4,12,12,10,13,16,14,15,12,10,4,4,22,4,4,4,7,6,8,9,9,4,10,10,10,6,17,8,9,9,10,4,22,4,10,4,10,10,10,4,10,10,4,10,12,17,6,8,9,9,10,1,2,3,3,22,22,5,22,10,10,10,22,11,11,10,12,12,12,22,22,4,4,10,4,
1,2,18,
10,12,1,2,3,3,10,4,4,15,14,13,16,4,12,5,6,7,8,9,9,4,4,22,22,4,22,10,4,4,17,6,8,9,9,10,10,10,22,10,11,11,10,22,12,12,12,22,22,
10,10,10,10,10,10,1,2,2,10,10,20,3,3,20,4,4,4,10,10,5,6,7,8,9,9,4,10,10,10,18,21,10,
1,2,18,
18,4,4,4,4,4,1,2,2,20,3,3,20,4,4,4,
20,18,20,1,2,2,
1,2,18,
4,4,4,4,20,3,3,20,4,4,4,4,4,4,4,4,4,4,4,19,1,2,2,4,4,4,4,4,4,4,4,4,4,4,4,4,4,4,4,
20,18,20,1,2,2,
4,4,4,4,4,4,4,4,1,2,3,3,4,19,
20,3,3,20,4,4,4,1,2,2,18,4,
1,2,18,
20,18,20,1,2,2,
1,2,18,
1,2,18,
10,19,17,10,1,2,4,3,3,4,4,10,10,10,10,5,7,6,8,9,9,4,10,10,10,10,10,10,10,10,
3,3,20,4,19,4,4,4,4,4,1,2,2,20,4,4,
1,2,18,
1,2,18,
1,2,18,
1,2,18,
19,17,10,4,4,4,5,7,6,8,9,9,4,10,6,17,8,9,9,10,10,10,1,2,2,20,3,3,20,10,
1,2,18,
11,11,10,12,12,12,5,22,22,22,22,6,7,8,9,9,4,1,2,2,12,22,10,15,16,13,14,12,20,3,3,20,4,
10,10,10,4,10,4,4,4,10,10,4,10,10,10,1,2,3,3,10,10,5,4,6,7,8,9,9,4,4,10,17,6,8,9,9,10,4,4,4,4,10,10,10,10,10,17,19,4,4,4,4,4,4,10,
1,2,2,20,18,20,
5,6,7,8,9,9,4,10,10,10,10,10,10,10,10,10,10,1,2,3,3,10,19,17,10,4,10,10,
10,10,10,4,10,4,4,5,6,7,8,9,9,4,10,10,1,2,2,10,19,17,4,20,3,3,20,10,10,4,10,10,
1,2,2,20,18,20,
20,20,4,4,3,3,20,4,4,4,1,2,2,4,20,4,4,4,19,4,
12,10,11,11,10,12,12,4,15,16,14,13,12,5,12,12,6,7,8,9,9,4,10,12,1,2,3,3,10,12,
1,2,2,20,18,20,
1,2,18,
1,2,18,
1,2,18,
1,2,18,
1,2,18,
15,16,13,14,12,4,4,1,2,2,10,10,4,12,10,5,11,11,10,6,7,8,9,9,4,10,10,20,3,3,20,12,12,4,4,
1,2,18,
1,2,18,
1,2,18,
1,2,18,
1,2,18,
20,18,20,1,2,2,
1,2,18,
1,2,18,
1,2,18,
1,2,18,
1,2,2,20,18,20,
12,22,4,22,22,22,22,22,22,22,5,22,22,6,7,8,9,9,4,10,12,10,22,12,12,22,10,10,11,11,10,1,2,22,3,3,15,16,13,14,12,10,
18,1,2,
1,2,18,
1,2,18,
4,19,4,1,2,3,3,
1,2,2,20,18,20,
1,2,18,
22,22,7,6,8,9,9,4,10,10,22,22,22,22,10,10,11,11,10,12,12,10,22,22,22,4,12,12,15,13,14,16,12,1,2,5,3,3,
3,3,4,4,4,18,4,1,2,
1,2,3,3,4,10,5,7,6,8,9,9,4,17,19,10,10,10,10,10,
4,4,4,1,2,3,3,4,4,4,4,18,4,4,4,
1,2,18,
12,16,15,13,14,12,10,11,11,10,1,2,3,3,4,5,7,6,8,9,9,4,10,10,
1,2,2,20,18,20,
23,18,23,23,23,1,2,2,
4,4,4,18,4,4,4,1,2,3,3,4,4,
1,2,18,
4,4,3,3,20,4,4,4,4,4,4,4,4,4,4,4,4,4,4,4,4,4,4,4,4,4,4,4,4,4,1,2,2,4,4,20,4,4,18,4,
1,2,18,
1,2,18,
1,2,18,
1,2,2,20,18,20,
1,2,18,
1,2,18,
1,2,18,
1,2,18,
18,21,12,10,11,11,10,12,1,2,3,3,4,5,6,7,8,9,9,4,10,10,
18,20,1,2,2,20,
1,2,2,20,20,20,18,20,
12,12,1,2,12,3,3,4,15,16,14,13,12,5,6,7,8,9,9,4,10,11,11,10,
1,2,2,20,18,20,
1,2,3,3,4,19,4,
4,12,4,4,4,4,6,7,8,9,9,4,4,4,10,11,11,10,4,4,1,2,14,15,13,16,12,3,3,4,4,4,4,4,4,4,10,10,4,5,10,4,4,10,4,4,4,4,4,4,
23,18,23,23,23,1,2,2,
20,3,3,20,4,10,10,5,6,7,8,9,9,4,10,10,1,2,2,10,10,10,10,10,10,10,17,19,10,10,10,10,
18,21,12,20,3,3,20,4,10,11,11,10,5,6,7,8,9,9,4,10,10,12,10,10,1,2,2,10,10,10,10,
12,21,18,22,22,22,22,22,22,22,1,2,2,20,3,3,20,4,22,5,6,7,8,9,9,4,10,11,11,10,12,12,12,12,
20,18,20,1,2,2,
20,18,20,1,2,2,
1,2,18,
1,2,18,
20,18,20,1,2,2,
18,4,1,2,3,3,4,
20,18,20,1,2,2,
1,2,2,20,18,20,
1,2,18,
1,2,2,20,18,20,
1,2,2,20,18,20,
4,4,4,4,4,4,4,4,4,4,4,4,4,4,4,4,4,4,4,1,2,3,3,4,4,4,19,4,4,4,4,4,4,4,4,4,4,4,
4,4,4,4,4,4,4,4,4,4,4,4,4,4,4,4,4,4,4,4,4,19,1,2,3,3,4,4,4,4,4,4,4,4,
4,4,4,4,4,20,3,3,20,18,4,1,2,2,
4,4,4,12,12,12,4,4,5,7,6,8,9,9,4,16,13,15,14,12,4,4,10,11,11,10,1,2,3,3,
1,2,2,20,18,20,
1,2,2,20,20,20,18,20,
1,2,18,
10,10,10,1,2,3,3,4,4,4,10,5,17,19,10,7,6,8,9,9,4,10,6,17,8,9,9,10,10,
1,2,18,
1,2,2,20,18,20,
1,2,2,20,18,20,
1,2,2,20,20,20,18,20,
1,2,18,
10,4,19,17,10,1,2,3,3,5,7,6,8,9,9,4,10,4,10,4,
4,4,4,4,4,4,4,4,18,4,1,2,2,20,3,3,20,4,4,4,4,4,4,4,
1,2,18,
1,2,18,
1,2,2,20,20,18,20,20,20,20,
4,1,2,3,3,19,4,
4,4,4,4,4,4,1,2,2,20,3,3,20,4,19,4,4,
15,14,13,16,12,4,1,2,2,4,4,10,20,11,11,10,10,3,3,20,10,5,7,6,8,9,9,4,10,12,10,12,10,12,10,
5,7,6,8,9,9,4,10,10,10,6,17,8,9,9,10,12,12,12,4,4,10,4,4,10,1,2,3,3,4,10,11,11,10,14,16,13,15,12,4,4,
1,2,18,
1,2,18,
20,18,20,1,2,2,
4,18,4,1,2,3,3,
1,2,18,
1,2,18,
18,4,1,2,2,20,3,3,20,4,
1,2,18,
1,2,18,
22,17,6,8,9,9,22,22,12,11,11,22,12,12,22,22,10,10,11,11,10,22,18,21,12,10,22,22,22,22,22,22,12,12,22,12,22,12,22,22,22,22,22,22,22,12,22,22,22,22,22,22,22,22,22,10,1,2,22,10,3,3,4,22,22,12,22,22,22,22,22,5,22,22,22,10,6,7,8,9,9,4,10,22,22,22,10,12,22,22,22,22,22,22,22,22,22,22,22,22,17,6,8,9,9,22,10,22,10,22,22,10,22,
22,10,12,12,10,4,4,4,22,22,12,12,5,22,6,7,8,9,9,4,10,10,22,22,22,12,1,2,2,15,14,16,13,12,20,3,3,20,10,10,10,10,11,11,10,12,22,22,10,
4,4,4,4,1,2,4,3,3,4,4,4,4,4,4,4,4,4,4,4,4,4,4,4,19,4,4,4,4,4,
10,10,19,17,10,1,2,3,3,4,4,4,5,6,7,8,9,9,4,10,10,10,10,10,10,10,
12,17,6,8,9,9,12,22,15,16,14,13,22,12,12,10,11,11,10,1,2,3,3,4,5,6,7,8,9,9,4,10,17,6,8,9,9,10,10,10,
1,2,18,
1,2,18,
1,2,18,
1,2,18,
1,2,3,3,4,4,4,4,4,19,4,
1,2,18,
1,2,2,23,23,23,18,23,
1,2,18,
20,18,20,20,1,2,2,20,
4,4,5,10,11,11,10,4,12,6,7,8,9,9,4,22,10,10,14,13,15,16,12,22,22,22,22,22,12,22,4,22,22,22,4,4,4,22,1,2,4,3,3,4,4,4,12,12,
10,10,10,10,10,4,10,10,10,19,17,10,10,10,5,10,1,2,3,3,10,6,7,8,9,9,4,10,10,10,
20,18,20,20,20,20,20,1,2,2,
10,10,10,10,5,6,7,8,9,9,4,10,10,10,10,10,10,10,10,10,10,10,10,12,10,10,10,10,10,10,10,10,11,11,10,10,10,10,17,6,8,9,9,10,17,6,8,9,9,10,10,10,10,10,10,10,10,20,3,3,20,13,14,15,16,12,1,2,2,4,10,10,10,10,10,
4,4,4,1,2,3,3,4,4,4,4,4,4,4,4,4,4,4,4,4,4,4,19,4,4,4,4,4,4,4,4,4,
4,4,10,4,10,5,10,1,2,3,3,10,7,6,8,9,9,4,10,17,6,8,9,9,10,10,10,10,19,17,10,10,6,17,8,9,9,10,10,10,17,6,8,9,9,10,10,10,10,10,10,10,10,10,10,10,10,
4,1,2,2,4,4,4,4,4,4,4,19,20,3,3,20,4,4,4,
15,16,14,13,12,10,10,1,2,3,3,4,5,7,6,8,9,9,4,10,11,11,10,12,
4,4,10,4,4,4,4,10,4,4,10,10,4,4,4,10,10,10,10,10,10,10,10,10,5,10,10,10,10,10,10,10,6,7,8,9,9,4,10,10,10,1,2,3,3,10,10,10,10,10,10,19,17,4,10,4,10,10,10,
1,2,18,
1,2,18,
22,22,1,2,22,22,3,3,22,12,10,10,12,12,4,10,5,22,22,10,22,11,11,10,22,6,7,8,9,9,4,10,12,10,12,12,16,13,15,14,12,22,22,22,22,22,22,22,22,10,
4,4,22,22,22,22,22,22,4,1,2,3,3,5,4,4,4,4,4,22,22,4,12,4,15,14,13,16,12,6,7,8,9,9,4,12,12,4,10,12,10,4,4,4,22,4,4,22,4,4,22,4,4,4,4,4,10,11,11,10,4,4,
1,2,3,3,4,4,4,4,4,19,4,4,4,4,4,4,4,
1,2,18,
1,2,18,
20,1,2,2,20,20,18,20,20,20,20,20,20,20,
1,2,2,20,18,20,20,20,
20,3,3,20,4,4,4,4,4,4,1,2,2,4,4,4,4,4,4,4,4,4,4,4,4,4,4,4,4,4,4,19,4,4,4,20,20,4,4,4,4,20,20,
1,2,18,
20,20,4,4,20,3,3,20,1,2,2,4,4,4,4,4,4,4,18,4,4,4,
20,20,1,2,2,20,18,20,
10,10,10,10,10,10,10,10,10,10,10,10,17,6,8,9,9,10,10,1,2,3,3,4,10,10,10,19,17,10,10,10,5,6,7,8,9,9,4,4,4,10,10,10,10,10,
18,20,1,2,2,20,
1,2,2,20,18,20,
5,7,6,8,9,9,4,10,10,10,10,10,10,1,2,3,3,12,10,11,11,10,4,4,14,15,16,13,12,4,
1,2,18,
1,2,18,
4,4,4,4,10,10,10,10,10,10,4,4,4,1,2,2,4,4,10,4,4,5,19,17,10,6,7,8,9,9,4,10,10,20,3,3,20,4,4,
10,10,10,10,4,4,10,10,5,4,6,7,8,9,9,4,4,10,4,4,4,4,4,4,4,4,10,10,10,4,10,10,4,4,4,10,10,1,2,4,3,3,4,10,19,17,10,4,4,10,10,4,10,10,
22,22,12,12,22,22,22,22,12,22,22,10,11,11,10,22,12,22,22,1,2,2,20,3,3,20,4,22,22,5,6,7,8,9,9,4,15,14,16,13,12,10,10,
18,20,1,2,2,20,
10,10,10,10,10,10,10,10,10,10,10,10,10,17,19,1,2,3,3,4,5,7,6,8,9,9,4,
18,4,3,3,20,20,4,1,2,2,
3,3,20,1,2,2,20,4,19,4,20,20,20,20,
4,4,20,3,3,20,4,4,4,4,1,2,2,4,4,4,4,4,4,4,4,4,4,4,4,4,4,4,18,4,
20,18,20,1,2,2,
20,20,1,2,2,20,18,20,
20,18,20,1,2,2,
1,2,2,20,20,20,18,20,
4,6,7,8,9,9,4,1,2,3,3,4,4,4,4,4,10,4,17,19,10,10,10,4,4,4,4,4,5,4,4,4,
1,2,2,20,18,20,
12,17,6,8,9,9,10,1,2,3,3,4,12,5,10,11,11,10,7,6,8,9,9,4,12,15,13,16,14,12,10,
1,2,18,
22,22,10,10,11,11,10,22,10,22,1,2,3,3,22,22,12,12,12,4,15,14,16,13,12,22,22,22,5,7,6,8,9,9,4,22,22,22,22,12,
1,2,18,
1,2,2,20,18,20,
1,2,18,
4,19,4,1,2,3,3,
4,18,21,12,4,4,5,7,6,8,9,9,4,10,10,12,10,11,11,10,10,1,2,3,3,10,
1,2,2,20,18,20,
1,2,2,20,18,20,
1,2,18,
1,2,18,
1,2,18,
1,2,18,
1,2,2,20,20,3,3,20,20,4,18,4,
1,2,18,
1,2,3,3,4,18,4,
1,2,18,
1,2,18,
20,18,20,1,2,2,
1,2,18,
1,2,18,
1,2,2,20,18,20,
5,6,7,8,9,9,4,10,12,10,22,12,12,10,11,11,10,19,17,22,1,2,3,3,4,12,12,
4,4,20,3,3,20,4,10,10,4,4,4,4,4,4,4,4,4,4,4,4,4,4,4,4,10,4,10,4,10,17,19,10,4,4,5,6,7,8,9,9,4,1,2,2,
4,4,4,4,4,22,22,22,22,4,4,20,3,3,20,22,4,1,2,2,4,4,4,4,4,10,4,22,12,12,22,10,10,4,22,22,22,22,4,22,4,22,10,22,4,22,22,22,22,22,4,22,10,11,11,10,22,22,4,22,22,22,4,22,22,4,22,4,22,4,4,4,22,22,22,12,22,22,4,22,22,22,22,22,22,4,22,4,12,22,4,22,22,4,22,22,22,22,22,4,22,22,22,22,4,12,12,4,22,22,22,4,22,22,5,6,7,8,9,9,4,22,4,4,22,22,22,4,22,22,22,4,10,10,4,12,21,18,12,22,22,22,22,22,22,22,22,22,22,4,22,
1,2,18,
12,12,10,11,11,10,4,22,22,22,12,5,22,7,6,8,9,9,4,10,22,10,22,12,22,22,22,10,10,15,14,16,13,12,10,10,12,22,22,22,22,12,1,2,3,3,
20,18,20,1,2,2,
10,20,20,10,12,20,20,20,20,20,20,4,10,10,10,15,14,16,13,12,5,6,7,8,9,9,4,10,10,20,10,10,10,20,10,20,10,10,10,20,20,20,10,3,3,20,20,20,10,10,10,11,11,10,10,10,1,2,2,6,17,8,9,9,10,10,10,20,10,10,
1,2,2,20,18,20,
1,2,2,20,18,20,
4,1,2,2,18,4,20,3,3,20,4,4,
1,2,2,20,18,20,
20,20,1,2,2,20,20,20,18,20,
6,7,8,9,9,4,10,10,12,20,4,4,4,20,3,3,20,4,22,22,19,17,22,1,2,2,10,11,11,10,20,20,22,12,12,4,12,12,20,5,22,22,
20,20,18,20,1,2,2,20,
4,3,3,20,19,4,4,4,1,2,2,4,4,20,
20,18,20,1,2,2,
22,4,20,3,3,20,12,5,10,6,7,8,9,9,4,22,22,15,13,14,16,12,10,10,11,11,10,12,12,1,2,2,22,22,22,22,12,22,22,
20,3,3,20,22,22,11,11,22,4,4,4,12,4,15,13,14,16,12,10,11,11,10,12,20,4,4,4,6,17,8,9,9,12,5,22,22,7,6,8,9,9,4,22,10,22,10,1,2,2,20,20,20,22,
4,20,3,3,20,4,4,18,4,1,2,2,
4,20,4,3,3,20,18,4,4,1,2,2,
20,18,20,1,2,2,
1,2,2,20,20,20,18,20,
5,6,7,8,9,9,4,12,12,12,10,11,11,10,1,2,2,4,20,20,12,12,20,4,15,13,16,14,12,3,3,20,4,
1,2,2,20,18,20,
4,18,4,4,4,4,4,4,4,4,4,4,1,2,2,4,20,4,4,3,3,20,
4,4,4,4,4,4,4,4,4,1,2,2,20,3,3,20,18,4,
20,20,20,18,20,1,2,2,
1,2,2,20,18,20,
1,2,2,20,18,20,
12,22,4,22,4,4,22,22,22,1,2,2,22,22,5,22,10,6,7,8,9,9,4,10,11,11,10,10,12,22,12,22,20,22,3,3,20,12,22,22,12,12,15,13,14,16,12,
4,4,1,2,2,20,4,3,3,20,19,4,
1,2,2,20,18,20,
10,10,10,10,10,5,10,10,10,10,7,6,8,9,9,4,10,10,6,17,8,9,9,10,10,10,10,10,6,17,8,9,9,10,10,10,10,10,10,10,10,10,10,10,10,10,17,6,8,9,9,10,10,10,10,20,10,10,10,10,3,3,20,10,10,10,10,10,10,4,10,17,6,8,9,9,10,10,10,17,19,10,10,10,10,10,4,10,4,10,10,10,10,1,2,2,
1,2,2,20,18,20,
1,2,2,20,18,20,
1,2,2,20,18,20,
10,10,4,10,4,10,4,10,1,2,3,3,10,10,5,10,10,6,7,8,9,9,4,10,10,10,10,10,10,17,19,10,10,10,10,10,
20,18,20,1,2,2,
1,2,18,
20,18,20,1,2,2,
20,18,20,1,2,2,
1,2,18,
22,22,12,22,22,4,12,4,22,22,12,12,12,12,12,10,17,6,8,9,9,10,14,15,16,13,12,12,4,10,10,12,10,10,22,12,12,10,5,11,11,10,7,6,8,9,9,4,10,10,1,2,3,3,12,4,4,
5,12,1,2,2,6,7,8,9,9,4,10,10,10,11,11,10,15,13,14,16,12,10,4,10,10,20,4,3,3,20,10,4,
1,2,18,
1,2,2,20,18,20,
12,21,18,12,10,11,11,10,4,4,20,1,2,2,3,3,20,4,5,6,7,8,9,9,4,
4,4,4,4,4,4,4,5,4,10,7,6,8,9,9,4,10,10,10,4,10,10,4,4,4,10,10,4,4,10,4,10,4,4,10,4,10,10,10,1,2,4,10,19,17,3,3,4,10,10,10,10,4,
20,18,20,1,2,2,
1,2,18,
1,2,2,20,18,20,
1,2,2,20,18,20,
1,2,18,
4,4,4,4,4,4,4,4,4,4,1,2,2,20,3,3,20,4,19,4,4,4,4,4,4,4,4,
4,4,4,4,4,4,4,4,1,2,2,4,20,3,3,20,4,4,4,4,4,4,4,19,4,4,4,
1,2,18,
20,18,20,1,2,2,
4,15,14,16,13,12,5,6,7,8,9,9,4,10,12,17,6,8,9,9,10,12,4,4,12,12,12,1,2,10,11,11,10,3,3,
10,12,10,10,21,18,12,10,10,10,4,5,6,7,8,9,9,4,10,10,1,2,3,3,10,11,11,10,10,10,
20,18,20,1,2,2,
20,3,3,20,4,19,4,4,4,4,1,2,2,4,
1,2,18,
5,1,2,3,3,6,7,8,9,9,4,10,10,12,10,10,10,10,15,16,14,13,12,10,11,11,10,4,
1,2,18,
1,2,18,
1,2,18,
1,2,18,
1,2,18,
3,3,20,4,4,10,4,5,7,6,8,9,9,4,4,10,10,4,10,10,10,1,2,2,10,10,10,10,10,10,10,10,17,19,10,10,10,10,20,20,20,10,
1,2,2,20,18,20,
10,10,10,10,10,10,4,10,10,4,10,10,19,17,1,2,6,17,8,9,9,10,10,3,3,10,4,10,5,10,6,7,8,9,9,4,
1,2,2,22,20,3,3,20,4,22,22,13,14,16,15,5,12,22,6,7,8,9,9,4,12,22,22,22,22,22,12,22,22,22,22,22,10,11,11,10,22,12,22,12,12,12,22,22,22,
1,2,18,
10,10,10,10,1,2,3,3,10,17,6,8,9,9,10,10,10,4,10,11,11,10,5,10,10,10,6,7,8,9,9,4,10,10,10,10,10,10,10,12,21,18,12,
12,1,2,3,3,15,14,16,13,12,4,10,11,11,10,5,6,7,8,9,9,4,
4,4,19,4,4,1,2,2,4,4,20,3,3,20,4,4,4,4,4,4,
1,2,18,
1,2,2,20,18,20,
22,10,10,10,10,10,6,17,8,9,9,22,22,22,11,11,22,22,22,22,10,22,10,10,11,11,10,22,22,10,10,22,1,2,10,3,3,12,4,12,12,22,22,12,22,13,16,15,14,22,12,22,12,22,5,22,22,6,7,8,9,9,4,10,10,10,22,6,17,8,9,9,10,10,22,22,12,12,12,4,22,10,10,4,22,22,10,
1,2,18,
1,2,2,15,13,14,16,12,10,4,10,4,20,3,3,20,4,4,10,10,10,10,10,10,10,10,4,10,11,11,10,12,5,10,10,6,7,8,9,9,4,10,10,
22,22,22,22,22,22,22,4,22,1,2,22,3,3,22,5,4,6,7,8,9,9,4,12,12,12,15,13,14,16,12,22,22,22,4,22,22,22,22,22,12,10,11,11,10,22,
1,2,18,
1,2,18,
1,2,18,
10,4,12,12,12,4,14,15,13,16,12,12,12,5,10,22,22,10,10,10,22,10,7,6,8,9,9,4,4,4,4,4,10,10,10,10,10,4,12,22,10,10,22,10,10,10,4,10,1,2,3,3,10,10,10,4,11,11,10,10,
1,2,2,20,18,20,
7,6,8,9,9,4,10,10,11,11,10,10,12,12,12,14,13,16,15,12,12,12,12,1,2,12,3,3,4,12,12,5,
1,2,2,23,23,23,23,23,18,23,
14,15,16,13,12,22,4,5,1,2,3,3,7,6,8,9,9,4,22,12,22,22,22,12,12,12,12,10,11,11,10,12,
10,10,10,4,10,4,1,2,3,3,10,4,5,7,6,8,9,9,4,4,4,10,10,10,18,21,10,10,
1,2,2,20,18,20,
1,2,18,
10,11,11,10,1,2,2,20,3,3,20,4,5,21,18,12,7,6,8,9,9,4,12,12,12,
1,2,18,
1,2,18,
1,2,18,
1,2,18,
1,2,2,20,3,3,20,4,5,4,4,4,4,19,
1,2,18,
1,2,18,
10,1,2,3,3,4,5,6,7,8,9,9,4,10,10,12,21,18,12,10,11,11,10,10,
10,10,10,10,1,2,10,3,3,10,10,10,10,10,17,6,8,9,9,10,4,10,10,10,10,5,6,7,8,9,9,4,10,10,10,19,17,10,10,10,10,10,
20,1,2,2,20,18,20,20,
1,2,18,
1,2,18,
12,6,17,8,9,9,12,10,12,12,12,22,10,10,22,12,12,12,10,11,11,10,10,10,12,10,10,10,10,12,10,10,1,2,3,3,15,16,14,13,12,4,22,22,10,10,5,6,7,8,9,9,4,10,10,10,10,12,12,10,22,12,10,12,10,
4,4,4,4,4,1,2,3,3,19,4,
5,6,7,8,9,9,4,18,21,12,12,10,10,6,17,8,9,9,11,11,10,10,10,10,10,1,2,2,20,3,3,20,4,10,
1,2,18,
21,18,10,12,10,20,3,3,20,4,1,2,2,5,6,7,8,9,9,4,12,12,10,11,11,10,10,10,10,10,12,
10,10,10,10,10,10,10,10,10,10,1,2,3,3,4,10,10,5,6,7,8,9,9,4,10,19,17,10,10,10,10,10,10,10,10,10,
18,20,1,2,2,20,
10,10,17,6,8,9,9,10,10,10,10,10,10,10,10,10,10,10,10,10,6,17,8,9,9,10,10,10,10,10,1,2,2,20,3,3,20,4,10,10,5,10,10,10,10,10,10,10,10,10,10,10,10,10,17,6,10,8,9,9,10,6,7,8,9,9,10,17,19,4,10,10,10,10,10,17,6,8,9,9,10,10,10,10,
1,2,2,20,18,20,
10,10,10,1,2,3,3,4,10,10,10,10,10,10,10,10,10,4,4,10,5,6,7,8,9,9,4,10,17,19,10,10,10,
1,2,2,20,18,20,
4,5,7,6,8,9,9,4,10,10,1,2,3,3,15,13,14,16,4,12,4,12,10,11,11,10,12,12,
10,10,10,10,10,10,10,10,10,1,2,2,4,10,10,10,10,10,19,17,10,10,10,10,4,10,10,10,10,10,10,10,4,10,5,7,6,8,9,9,4,20,3,3,20,10,10,10,10,
22,12,12,6,7,8,9,9,4,22,22,22,15,13,16,14,12,12,12,22,22,12,12,12,12,12,12,12,12,12,12,12,12,12,12,12,12,12,12,12,22,22,12,22,12,12,22,1,2,12,3,3,22,4,12,22,12,22,22,22,12,10,22,11,11,10,22,22,5,12,
12,22,1,2,22,3,3,12,12,22,22,22,22,4,22,5,4,4,12,7,6,8,9,9,4,22,12,12,10,11,11,10,15,14,13,16,12,22,22,22,22,12,22,12,
6,7,8,9,9,4,12,20,20,10,11,11,10,3,3,20,1,2,2,4,4,17,6,8,9,9,12,22,15,13,14,16,22,4,20,12,12,5,
1,2,6,7,8,9,9,4,3,3,22,22,22,22,22,22,15,13,16,14,12,4,4,22,22,22,22,22,22,22,22,22,12,12,10,12,22,22,4,4,22,10,10,10,22,22,22,22,4,10,10,12,22,10,12,12,11,11,10,22,22,22,22,5,
22,1,2,2,20,22,3,3,20,4,5,7,6,8,9,9,4,10,11,11,10,12,12,22,22,22,12,12,15,16,14,13,12,22,22,22,22,22,22,
1,2,18,
7,6,8,9,9,4,10,10,10,10,10,10,1,2,3,3,10,10,4,4,4,5,10,17,19,10,
10,10,10,10,10,10,4,4,5,6,7,8,9,9,4,10,10,4,4,4,4,10,10,10,17,19,4,4,10,1,2,10,3,3,10,10,10,10,4,
1,2,18,
10,11,11,10,10,10,10,10,13,15,14,16,12,10,10,4,10,10,10,5,12,7,6,8,9,9,4,1,2,3,3,10,
1,2,7,6,8,9,9,4,3,3,10,10,12,15,13,14,16,12,10,11,11,10,4,5,
1,2,18,
20,18,20,1,2,2,20,20,
4,4,1,2,3,3,4,4,4,18,4,4,4,4,4,4,4,4,4,4,4,4,4,4,4,
4,4,1,2,2,4,4,4,4,4,4,4,4,20,4,4,4,4,4,4,3,3,20,4,19,
4,4,1,2,3,3,4,4,4,4,4,4,4,4,4,4,4,19,4,
1,2,3,3,4,5,19,4,
22,22,22,10,4,22,10,12,12,10,4,5,6,7,8,9,9,4,10,10,4,22,22,22,18,21,22,1,2,3,3,10,4,4,11,11,10,4,4,22,22,22,22,10,4,12,4,10,10,
4,4,1,2,2,4,4,20,3,3,20,4,18,4,4,4,
1,2,18,
1,2,2,20,18,20,
4,22,22,22,4,22,4,22,22,5,22,7,6,8,9,9,4,10,16,14,13,15,12,10,22,12,22,22,22,22,22,22,12,12,12,22,22,22,22,22,22,22,22,12,12,22,1,2,12,3,3,22,12,12,22,10,22,11,11,10,12,12,12,12,22,22,
1,2,18,
1,2,2,19,4,20,3,3,20,4,
1,2,3,3,18,21,12,12,12,4,4,4,4,4,5,7,6,8,9,9,4,10,10,10,12,11,11,10,
10,10,10,10,11,11,10,14,13,15,16,12,10,10,4,4,4,4,1,2,3,3,4,10,5,10,7,6,8,9,9,4,4,4,10,12,4,4,10,10,
12,10,1,2,3,3,10,12,12,10,11,11,10,4,4,4,15,13,14,16,12,5,6,7,8,9,9,4,
4,5,22,22,7,6,8,9,9,4,15,14,13,16,22,22,22,22,12,12,4,4,4,4,10,10,11,11,10,10,1,2,2,10,4,4,4,10,12,4,20,3,3,20,
1,2,18,
4,12,10,4,10,10,11,11,10,4,4,5,10,10,7,6,8,9,9,4,15,16,14,13,12,4,10,10,10,10,1,2,3,3,4,4,
20,18,20,1,2,2,
1,2,18,
12,14,15,13,16,12,1,2,3,3,10,11,11,10,12,4,12,12,5,6,7,8,9,9,4,12,
1,2,18,
4,5,6,7,8,9,9,4,1,2,3,3,12,4,21,18,12,10,4,11,11,10,
22,22,22,22,4,4,4,5,22,1,2,2,12,12,7,6,8,9,9,4,18,21,22,10,11,11,10,4,4,10,10,22,22,22,22,22,12,22,4,4,12,12,22,20,22,3,3,20,22,4,22,4,12,22,22,22,
1,2,18,
4,19,4,1,2,3,3,
1,2,18,
10,12,10,10,10,1,10,2,5,3,3,10,12,10,12,7,6,8,9,9,4,10,15,14,16,13,12,17,6,8,9,9,10,10,10,12,12,10,11,11,10,10,10,10,4,
1,2,2,20,18,20,
4,4,4,4,4,4,4,4,4,4,4,4,4,4,4,19,4,4,4,4,1,2,4,3,3,4,4,
4,4,4,4,4,4,4,4,4,4,4,4,19,4,4,4,4,4,4,4,4,4,4,4,4,1,2,3,3,4,4,
1,2,18,
1,2,2,20,18,20,
18,4,1,2,2,20,3,3,20,4,
1,2,3,3,4,18,4,
10,22,10,15,13,14,16,22,12,12,22,22,22,22,1,2,3,3,12,4,12,10,10,22,22,22,10,10,10,10,10,11,11,10,5,17,6,8,9,9,22,22,7,6,8,9,9,4,22,22,22,22,22,12,12,22,22,22,22,22,22,10,17,6,8,9,9,10,10,10,10,10,22,10,11,11,22,10,22,22,22,22,
19,4,1,2,2,20,3,3,20,4,
1,2,18,
1,2,2,20,20,20,18,20,
10,10,1,2,4,3,3,10,10,10,10,10,10,10,10,10,10,10,10,10,10,10,10,10,10,10,5,7,6,8,9,9,4,10,17,6,8,9,9,10,10,10,10,10,19,17,10,10,
4,10,17,19,10,1,2,2,5,6,7,8,9,9,4,10,10,10,10,20,3,3,20,
10,10,10,10,17,19,10,10,10,10,1,2,3,3,4,10,5,10,6,7,8,9,9,4,10,10,
1,2,18,
1,2,18,
1,2,2,20,18,20,
4,18,4,1,2,3,3,
4,4,4,18,4,4,4,1,2,3,3,
4,4,4,18,4,1,2,3,3,
10,10,10,10,10,10,10,1,2,3,3,10,10,10,10,4,10,10,10,10,5,10,10,19,17,10,6,7,8,9,9,4,10,10,10,10,10,10,10,10,10,10,10,10,10,10,10,10,
4,4,4,18,4,1,2,2,20,3,3,20,
10,4,17,19,10,5,10,6,7,8,9,9,4,10,10,10,1,2,3,3,
12,12,12,22,16,14,13,15,12,4,12,12,5,6,7,8,9,9,4,12,12,10,11,11,10,12,22,22,1,2,3,3,
1,2,3,3,4,4,4,5,18,4,
1,2,2,20,18,20,
1,2,3,3,4,5,19,4,
1,2,18,
1,2,18,
18,20,1,2,2,20,
4,4,4,4,4,1,2,2,18,4,4,4,20,3,3,20,
1,2,18,
4,4,4,4,4,4,4,1,2,3,3,18,4,
4,10,4,4,10,5,10,10,10,6,7,8,9,9,4,10,4,10,10,10,10,10,10,10,10,17,19,10,4,4,4,1,2,3,3,10,
1,2,3,3,4,5,4,4,19,4,
20,18,20,1,2,2,
1,2,2,18,4,20,20,20,3,3,20,4,
1,2,2,20,18,20,
1,2,18,
20,18,20,1,2,2,
1,2,2,20,4,20,20,3,3,20,18,4,4,4,
22,22,10,11,11,10,12,12,22,22,22,1,2,2,12,12,22,22,20,3,3,20,10,4,22,10,22,12,5,6,7,8,9,9,4,10,10,12,22,22,22,22,22,12,22,12,13,15,14,16,12,22,22,
1,2,3,3,4,10,5,10,10,10,7,6,8,9,9,4,10,10,10,10,10,19,17,10,
1,2,2,20,18,20,
1,2,2,20,18,20,
4,4,4,4,1,2,2,4,4,18,4,4,4,4,20,3,3,20,
1,2,18,
4,4,4,4,4,5,6,7,8,9,9,4,1,2,3,3,10,17,19,10,
6,7,8,9,9,4,10,17,6,8,9,9,10,10,10,10,11,11,10,12,13,14,16,15,12,10,10,10,6,17,8,9,9,10,4,10,4,10,4,1,2,3,3,5,
1,2,18,
10,10,10,10,10,10,10,11,11,10,10,10,10,10,17,6,8,9,9,10,10,4,4,10,4,4,10,1,2,3,3,10,10,12,12,12,4,5,6,7,8,9,9,4,18,21,12,10,10,10,10,10,10,
1,2,2,20,18,20,
1,2,2,20,18,20,
4,5,4,1,2,2,4,20,3,3,20,4,18,4,4,
20,3,3,20,4,5,7,6,8,9,9,4,10,10,10,19,17,10,1,2,2,
1,2,18,
1,2,18,
1,2,18,
1,2,18,
1,2,2,20,18,20,
10,10,4,10,10,5,6,7,8,9,9,4,10,10,10,10,10,10,10,10,10,10,10,10,19,17,10,1,2,2,10,20,10,3,3,20,
4,4,5,6,7,8,9,9,4,10,18,21,10,10,4,4,10,6,17,8,9,9,10,4,10,1,2,2,20,3,3,20,
1,2,2,20,18,20,
1,2,18,
4,5,7,6,8,9,9,4,10,10,1,2,3,3,10,10,4,4,10,10,10,10,10,17,6,8,9,9,10,10,10,10,10,17,19,10,10,10,10,
1,2,2,10,4,10,10,4,4,4,20,10,3,3,20,10,4,10,10,10,5,10,10,10,19,17,10,7,6,8,9,9,4,10,
20,18,20,1,2,2,
10,4,12,1,2,3,3,6,17,8,9,9,12,22,15,14,16,13,22,4,4,4,5,4,4,4,10,11,11,10,10,6,7,8,9,9,4,10,12,17,6,8,9,9,10,10,17,6,8,9,9,10,4,10,4,10,12,
1,2,18,
20,18,20,1,2,2,
10,11,11,10,22,12,22,22,22,22,22,22,22,4,12,12,18,21,22,1,2,3,3,5,7,6,8,9,9,4,22,
21,18,12,10,11,11,10,10,10,1,2,2,10,10,10,10,10,4,10,4,4,4,20,3,3,20,12,4,4,4,5,10,10,6,7,8,9,9,4,
4,18,4,4,4,20,1,2,2,3,3,20,4,4,4,4,4,4,
1,2,18,
1,2,18,
1,2,18,
4,4,10,15,14,13,16,12,17,6,8,9,9,10,5,10,7,6,8,9,9,4,11,11,10,10,10,12,1,2,3,3,4,
1,2,18,
12,12,12,4,14,16,15,13,12,5,7,6,8,9,9,4,22,12,22,22,1,2,2,22,22,22,22,22,22,10,11,11,10,20,3,3,20,
18,4,1,2,2,20,3,3,20,4,
7,6,8,9,9,4,1,2,3,3,4,4,4,5,10,17,19,10,
1,2,2,20,18,20,
1,2,18,
20,3,3,20,4,18,4,1,2,2,
1,2,18,
1,2,18,
1,2,2,20,3,3,20,12,21,18,12,4,5,6,7,8,9,9,4,10,11,11,10,
1,2,18,
10,4,10,10,19,17,10,5,7,6,8,9,9,4,10,10,4,4,10,10,4,4,4,4,1,2,4,3,3,4,
12,10,11,11,10,15,14,13,16,12,22,22,22,22,22,22,22,22,5,7,6,8,9,9,4,12,22,22,22,22,22,22,22,1,2,2,20,3,3,20,4,4,22,12,12,4,22,
4,4,4,4,4,4,19,4,4,4,4,1,2,3,3,4,4,4,
17,19,10,1,2,3,3,4,5,6,7,8,9,9,4,10,6,17,8,9,9,10,10,10,10,
4,4,4,4,4,4,4,4,4,4,4,1,2,3,3,4,4,4,19,4,4,4,
22,22,12,4,22,22,4,22,10,10,12,12,4,4,5,22,22,12,10,10,6,7,8,9,9,4,10,20,22,12,11,11,10,3,3,20,22,4,22,1,2,2,14,15,16,13,12,22,22,22,12,4,4,
20,18,20,1,2,2,
3,3,10,4,4,10,10,12,10,11,11,10,4,4,4,14,15,13,16,12,5,10,7,6,8,9,9,4,10,10,10,10,10,10,1,2,
22,22,22,14,15,13,16,12,22,1,2,3,3,22,22,10,11,11,10,12,22,10,12,12,12,10,12,22,4,5,6,7,8,9,9,4,10,12,12,12,10,12,12,12,12,12,12,22,
4,4,10,19,17,10,4,1,2,3,3,5,7,6,8,9,9,4,10,10,
5,10,7,6,8,9,9,4,10,10,10,1,2,3,3,12,10,11,11,10,4,16,14,13,15,12,
4,4,4,19,4,4,4,4,1,2,4,3,3,4,4,4,4,4,4,4,4,4,4,4,4,
4,18,4,1,2,3,3,
15,16,14,13,12,4,10,11,11,5,10,7,6,8,9,9,4,12,1,2,3,3,
1,2,18,
1,2,3,3,4,4,4,19,4,4,4,
1,2,18,
1,2,2,20,18,20,
1,2,2,20,18,20,
4,14,15,13,16,12,10,22,22,10,22,22,22,22,22,22,4,22,22,4,10,10,22,22,22,5,12,12,22,22,22,6,7,8,9,9,4,10,1,2,3,3,10,12,10,11,11,10,22,12,
14,15,16,13,12,10,11,11,10,12,1,2,3,3,4,5,6,7,8,9,9,4,
18,20,1,2,2,20,
4,1,2,2,20,3,3,20,4,4,4,4,4,4,4,4,19,4,4,
20,18,20,1,2,2,
4,20,3,3,20,4,4,4,4,4,4,4,4,4,4,4,4,4,4,4,4,19,4,4,4,4,1,2,2,4,4,
1,2,18,
7,6,8,9,9,4,15,13,16,14,12,10,10,4,10,11,11,10,1,2,3,3,12,5,10,10,
1,2,2,20,18,20,
4,4,4,4,4,4,4,4,4,4,4,4,1,2,2,4,19,20,4,4,4,3,3,20,4,
10,12,10,22,10,15,16,14,13,12,12,10,22,22,10,10,10,22,10,22,22,10,11,11,10,10,10,12,12,22,22,22,22,22,22,22,22,22,10,10,1,2,3,3,4,22,12,12,12,4,4,5,7,6,8,9,9,4,
22,22,22,22,22,22,3,3,20,15,16,14,13,12,22,22,12,22,22,22,22,22,4,22,4,22,22,22,22,4,22,22,22,22,5,22,22,22,22,12,22,7,6,8,9,9,4,12,22,22,22,22,22,22,22,10,22,11,11,10,22,12,12,22,12,12,22,12,22,22,1,2,2,22,22,22,12,22,20,22,22,
1,2,2,20,3,3,20,4,18,4,
1,2,2,20,18,20,
1,2,18,
1,2,18,
14,15,13,16,12,5,7,6,8,9,9,4,10,11,11,10,12,1,2,3,3,4,
4,4,4,5,4,4,4,1,2,3,3,12,4,6,7,8,9,9,4,10,17,6,8,9,9,10,10,4,10,4,4,4,10,11,11,10,4,4,10,4,4,6,17,8,9,9,10,10,10,4,12,4,12,18,21,12,
1,2,18,
4,10,11,11,10,5,14,13,15,16,12,6,7,8,9,9,4,1,2,3,3,22,22,4,4,4,4,22,4,4,12,22,22,22,4,22,12,4,12,12,
6,7,8,9,9,4,15,14,13,16,12,1,2,2,20,3,3,20,10,10,12,4,10,11,11,10,10,5,10,10,10,
1,2,18,
10,10,17,19,10,10,1,2,3,3,4,5,6,7,8,9,9,4,10,17,6,8,9,9,10,10,10,10,10,
1,2,18,
4,4,4,18,4,1,2,2,20,3,3,20,4,4,
20,3,3,20,5,18,4,1,2,2,4,
10,11,11,10,10,10,10,6,17,8,9,9,10,10,10,12,1,2,3,3,13,16,15,14,12,4,5,6,7,8,9,9,4,10,10,
1,2,18,
4,1,2,2,4,4,4,4,19,4,4,4,4,4,20,4,3,3,20,4,
1,2,3,3,4,5,6,7,8,9,9,4,10,17,6,8,9,9,10,10,10,10,10,12,6,17,8,9,9,12,22,13,16,14,15,22,10,11,11,10,
5,10,1,2,6,7,8,9,9,4,3,3,10,12,10,12,12,4,21,18,12,4,10,10,10,11,11,10,10,4,
5,7,6,8,9,9,4,4,4,4,4,4,4,1,2,3,3,10,4,4,18,21,10,4,
4,4,4,4,4,1,2,2,4,4,4,4,4,19,4,20,3,3,20,4,4,4,4,4,4,4,4,
1,2,2,20,18,20,20,20,
4,18,4,4,4,4,4,1,2,2,20,3,3,20,20,20,
3,3,20,4,4,4,4,1,2,2,4,20,18,4,
23,18,23,20,20,20,20,20,23,23,1,2,2,
4,5,10,11,11,10,7,6,8,9,9,4,1,2,3,3,10,10,12,14,15,13,16,12,
12,10,10,22,12,4,22,22,22,22,5,22,6,7,8,9,9,4,10,10,22,4,4,4,10,11,11,10,4,15,14,16,13,12,12,1,2,3,3,12,12,12,12,
20,20,1,2,2,20,20,20,18,20,
4,4,4,1,2,19,3,3,4,
20,20,1,2,2,20,18,20,
4,10,10,5,6,7,8,9,9,4,1,2,3,3,4,12,4,21,18,12,4,4,4,10,11,11,10,4,
1,2,18,
1,2,18,
1,2,2,20,18,20,
1,2,18,
1,2,18,
1,2,2,20,18,20,
19,4,1,2,3,3,4,5,
12,1,2,3,3,4,5,21,18,12,4,10,11,11,10,4,7,6,8,9,9,4,
12,22,22,10,22,22,10,4,1,2,4,3,3,4,4,16,14,13,15,22,22,4,5,12,22,10,22,10,12,22,6,7,8,9,9,4,22,22,10,10,12,12,12,12,10,11,11,10,4,4,
20,20,20,20,20,20,20,20,20,3,3,20,4,4,1,2,2,20,20,20,20,20,20,20,20,20,20,20,4,20,20,20,20,20,18,4,
20,4,18,4,20,20,20,3,3,20,4,4,1,2,2,4,4,4,20,4,
1,2,18,
1,2,3,3,4,5,6,7,8,9,9,4,15,16,13,14,12,10,10,11,11,10,10,12,
1,2,18,
1,2,18,
5,6,7,8,9,9,4,1,2,3,3,12,10,11,11,10,4,15,13,14,16,12,
1,2,2,20,18,20,
1,2,2,20,18,20,
4,4,4,4,1,2,3,3,4,4,4,19,4,4,4,4,
4,4,4,4,4,4,4,4,4,4,4,4,1,2,3,3,4,19,4,4,4,4,
1,2,2,20,18,20,
1,2,2,20,18,20,
1,2,18,
10,10,10,10,10,10,1,2,3,3,4,10,19,17,10,5,10,6,7,8,9,9,4,10,10,10,10,10,
1,2,3,3,4,18,4,
20,18,20,1,2,2,
12,1,2,3,3,4,4,14,15,13,16,12,10,11,11,10,4,5,7,6,8,9,9,4,
10,10,10,10,10,10,10,10,10,10,1,2,3,3,4,15,14,13,16,12,5,7,6,8,9,9,4,10,10,10,10,10,12,11,11,10,
10,10,10,4,10,4,10,4,10,10,10,5,10,6,7,8,9,9,4,10,10,10,10,10,10,10,10,10,10,4,4,10,10,10,10,10,17,19,4,4,10,1,2,3,3,10,4,10,4,
1,2,18,
4,19,4,4,4,4,4,1,2,3,3,4,4,
10,10,10,17,19,10,10,10,1,2,3,3,4,5,7,6,8,9,9,4,
1,2,18,
1,2,18,
1,2,2,20,18,20,
4,4,4,4,4,4,4,4,4,4,19,1,2,3,3,4,
4,4,4,4,4,4,4,4,1,2,3,3,4,4,4,19,4,
1,2,18,
1,2,18,
1,2,18,
12,4,5,7,6,8,9,9,4,10,10,15,13,14,16,12,10,11,11,10,1,2,3,3,
20,18,20,1,2,2,
1,2,18,
1,2,3,3,4,4,4,18,4,
1,2,18,
1,2,18,
10,10,22,22,10,22,22,22,22,22,22,22,22,10,11,11,10,22,22,22,22,12,10,22,10,12,12,12,6,17,8,9,9,12,1,2,22,3,3,15,14,16,13,22,22,22,22,22,22,4,22,5,7,6,8,9,9,4,10,17,6,8,9,9,10,10,
22,22,22,22,22,12,1,2,12,3,3,4,5,6,7,8,9,9,4,10,10,12,12,22,10,11,11,10,22,12,21,18,12,12,
1,2,18,
18,4,4,4,1,2,2,20,4,3,3,20,4,4,
1,2,3,3,4,4,4,18,4,
4,4,4,4,1,2,2,4,4,4,4,4,4,4,4,4,4,4,19,4,4,4,4,20,4,4,3,3,20,4,4,
4,10,11,11,10,12,22,22,22,22,22,22,22,12,22,4,10,22,5,22,1,2,2,7,6,8,9,9,4,10,6,17,8,9,9,10,22,10,22,19,17,22,22,11,11,22,12,12,17,6,8,9,9,12,20,3,3,20,4,22,
1,2,18,
1,2,3,3,22,10,22,22,22,22,10,12,12,12,10,11,11,10,4,5,22,22,12,22,7,6,8,9,9,4,10,10,22,14,16,13,15,12,
20,18,20,1,2,2,20,20,
6,7,8,9,9,4,10,10,10,10,10,10,17,19,10,10,1,2,3,3,4,5,
1,2,18,
6,17,8,9,9,10,1,2,10,3,3,6,17,8,9,9,10,10,10,10,10,10,10,4,10,5,10,10,10,10,6,7,8,9,9,4,10,17,6,8,9,9,10,10,10,10,10,10,10,4,10,4,10,19,17,10,10,10,10,10,10,10,10,10,10,10,10,10,10,10,
10,10,10,10,1,2,3,3,17,19,10,10,10,4,5,7,6,8,9,9,4,10,
18,4,1,2,2,4,4,4,4,4,20,4,4,3,3,20,
1,2,18,
1,2,18,
1,2,18,
3,3,20,5,6,7,8,9,9,4,10,11,11,10,12,1,2,2,16,13,15,14,12,12,12,4,20,
1,2,18,
1,2,18,
20,4,3,3,20,4,4,4,4,4,4,1,2,2,4,4,4,4,4,4,4,4,4,4,4,4,19,4,4,4,4,
4,4,22,12,20,3,3,20,18,21,22,4,4,12,4,22,22,22,10,12,12,4,10,10,22,10,22,22,22,22,12,12,12,4,4,4,5,1,2,2,4,6,7,8,9,9,4,10,4,10,4,4,11,11,10,10,4,4,
4,4,10,11,11,10,4,10,10,5,6,7,8,9,9,4,4,4,1,2,3,3,12,18,21,12,
20,18,20,1,2,2,
1,2,18,
4,4,4,20,3,3,20,4,18,4,4,4,4,4,4,4,1,2,2,4,4,4,
10,11,11,10,12,12,12,12,12,22,10,10,22,22,10,4,10,22,10,10,5,10,6,7,8,9,9,4,22,22,10,10,22,10,10,10,10,10,17,6,8,9,9,10,10,10,10,22,10,10,1,2,3,3,19,17,22,10,22,10,
1,2,18,
4,4,4,4,1,2,3,3,4,4,4,19,4,4,4,
1,2,18,
1,2,18,
4,20,4,3,3,20,18,4,4,4,4,4,4,1,2,2,4,4,4,4,4,4,5,
12,4,5,6,7,8,9,9,4,10,10,10,10,10,10,10,11,11,10,10,10,6,17,8,9,9,10,10,14,15,13,16,12,1,2,3,3,
1,2,2,20,18,20,
23,18,23,23,23,23,23,23,23,1,2,2,23,23,23,23,
1,2,18,
4,4,1,2,2,4,4,20,4,3,3,20,4,4,4,4,4,4,4,4,4,4,4,4,18,4,
12,17,6,8,9,9,12,22,22,22,22,22,22,22,12,22,22,22,11,11,22,1,2,3,3,4,4,22,12,12,12,15,14,13,16,12,22,22,22,22,22,22,10,10,12,12,12,4,4,4,4,10,4,4,4,4,10,4,4,10,10,12,22,22,22,22,22,12,22,22,22,22,12,22,22,22,4,22,22,22,22,22,22,22,4,5,4,22,22,22,22,22,22,22,22,22,6,7,8,9,9,4,22,10,10,11,11,10,10,22,12,
1,2,2,20,18,20,
1,2,2,20,18,20,
1,2,18,
1,2,18,
4,22,22,4,12,12,22,22,17,6,8,9,9,12,22,22,10,15,14,13,16,22,11,11,22,10,12,12,10,11,11,10,22,22,22,22,20,22,3,3,20,22,22,22,6,17,4,8,9,9,22,4,22,1,2,2,22,22,22,22,22,22,22,22,22,22,12,12,22,22,22,22,22,22,22,4,22,22,10,17,6,8,9,9,10,22,22,22,22,22,5,12,12,7,6,8,9,9,4,
10,17,19,10,1,2,3,3,4,5,6,7,8,9,9,4,
4,4,4,4,18,21,12,10,11,11,10,10,4,4,4,4,4,4,4,4,1,2,3,3,4,4,10,17,6,4,8,9,9,10,10,4,10,4,4,5,4,10,10,6,7,10,8,9,9,4,4,10,10,4,4,4,12,
1,2,2,20,18,20,
4,12,12,4,4,4,22,22,19,17,22,22,10,4,4,4,11,11,10,5,7,6,8,9,9,4,4,4,12,4,4,1,2,3,3,4,4,
4,1,2,3,3,19,4,
1,2,18,
1,2,18,
1,2,18,
1,2,2,20,18,20,
1,2,2,20,18,20,
1,2,2,20,18,20,
4,5,10,7,6,8,9,9,4,4,20,3,3,20,1,2,2,10,4,19,17,10,4,4,10,
4,4,1,2,3,3,4,4,4,19,
20,18,20,1,2,2,
20,1,2,2,18,20,
22,22,10,11,11,10,15,13,14,16,22,1,2,3,3,12,12,10,12,10,4,5,22,6,7,8,9,9,4,10,22,10,22,
10,10,10,10,10,10,10,17,6,8,9,9,10,10,10,10,10,4,10,19,17,1,2,5,3,3,7,6,8,9,9,4,10,10,
1,2,18,
12,4,4,4,4,12,4,4,5,6,7,8,9,9,4,18,21,12,1,2,3,3,4,4,4,10,10,11,11,10,17,6,8,9,9,10,12,
20,18,20,1,2,2,
1,2,18,
1,2,2,20,18,20,
1,2,18,
8,9,9,10,10,10,10,10,1,2,3,3,4,5,22,22,22,12,12,22,6,7,8,9,9,4,22,12,14,13,16,15,12,10,11,11,10,10,12,22,10,10,22,17,6,
20,18,20,1,2,2,
1,2,18,
4,4,1,2,2,4,4,4,4,4,4,4,4,4,4,4,20,3,3,20,4,4,4,4,4,19,4,4,4,
10,4,1,2,3,3,4,4,10,10,4,10,5,10,7,6,8,9,9,4,10,17,6,8,9,9,10,10,10,10,10,4,4,10,10,4,4,10,10,4,4,4,10,17,19,10,10,10,10,10,10,10,10,10,
4,10,4,4,4,19,17,10,4,4,4,1,2,3,3,4,4,4,4,5,6,7,8,9,9,4,4,4,4,4,10,10,4,4,4,4,
1,2,2,20,18,20,
1,2,2,20,18,20,
10,22,22,22,4,12,12,5,7,6,8,9,9,4,22,10,11,11,10,22,12,22,22,22,22,22,12,1,2,3,3,12,22,22,19,17,22,22,22,22,22,10,17,6,8,9,9,10,10,10,22,22,22,22,22,12,12,10,
1,2,18,
12,12,22,22,12,12,22,12,12,22,22,22,4,5,12,6,7,8,9,9,4,12,12,22,22,22,22,22,22,22,22,22,22,22,10,22,22,10,12,12,10,22,22,10,11,11,10,10,1,2,12,12,3,3,12,10,22,22,10,12,12,15,16,14,13,12,22,22,22,22,12,22,12,12,
23,18,23,23,23,1,2,2,
1,2,18,
4,4,1,2,4,3,3,18,4,
20,20,1,2,2,20,18,20,
3,3,4,4,10,10,4,4,4,4,10,10,4,10,17,19,4,4,5,7,6,8,9,9,4,1,2,
10,10,1,2,3,3,10,17,19,10,4,4,10,10,4,10,4,4,10,5,6,7,8,9,9,4,10,10,
10,1,2,3,3,4,18,21,12,10,11,11,10,5,7,6,8,9,9,4,10,12,
1,2,18,
1,2,18,
1,2,2,20,18,20,
5,6,7,8,9,9,4,10,10,12,12,12,12,4,10,12,4,12,10,10,12,4,4,17,19,12,1,2,3,3,10,4,4,4,10,11,11,10,
1,2,2,20,18,20,
1,2,18,
1,2,2,20,18,20,
12,12,12,22,22,22,15,14,13,16,12,1,2,3,3,4,5,22,12,22,22,7,6,8,9,9,4,22,10,11,11,10,22,22,
10,11,11,10,22,4,22,11,11,22,4,12,12,4,22,22,4,4,4,4,5,12,1,2,3,3,12,6,7,8,9,9,4,10,17,6,8,9,9,10,10,15,13,14,16,12,10,22,22,22,17,6,8,9,9,22,22,
10,20,3,3,20,10,10,11,11,10,13,14,15,16,12,12,4,4,10,4,6,17,8,9,9,10,10,10,5,6,7,8,9,9,4,10,1,2,2,10,10,10,
22,12,12,12,22,4,22,5,12,12,22,6,7,8,9,9,4,22,22,4,22,22,22,22,12,22,4,12,12,12,22,22,22,4,4,21,18,4,12,22,22,22,22,4,22,10,22,11,11,10,22,22,22,1,2,22,3,3,
1,2,3,3,22,22,4,4,22,10,11,11,10,22,12,12,22,22,12,12,12,12,22,4,22,22,12,12,22,12,22,22,5,6,7,8,9,9,4,12,12,10,10,15,16,14,13,12,12,22,22,22,12,12,
1,2,2,20,18,20,
10,17,19,10,1,2,2,20,3,3,20,4,5,6,7,8,9,9,4,
4,4,22,4,10,11,11,10,4,4,22,22,22,4,4,22,22,10,4,4,5,7,6,8,9,9,4,10,10,10,22,4,22,22,4,4,22,4,4,12,12,4,22,10,1,2,3,3,4,10,4,10,12,4,10,10,17,6,8,9,9,10,4,10,10,10,12,22,22,15,13,14,16,12,10,6,17,8,9,9,10,10,
1,2,3,3,10,10,10,10,10,10,10,10,10,10,10,10,19,17,10,4,10,10,10,5,10,10,7,6,8,9,9,4,10,10,10,10,10,
1,2,18,
5,6,7,8,9,9,4,10,11,11,10,13,14,15,16,12,10,17,6,8,9,9,10,1,2,3,3,12,4,
1,2,18,
1,2,2,20,18,20,
12,12,12,22,10,12,11,11,10,12,22,22,22,22,22,12,22,22,1,2,3,3,4,22,22,12,10,22,12,21,18,12,5,6,7,8,9,9,4,10,10,12,12,12,12,12,12,10,
21,18,12,4,5,6,7,8,9,9,4,10,10,1,2,10,11,11,10,3,3,12,10,10,
4,4,4,10,5,6,7,8,9,9,4,10,10,10,10,10,4,10,4,10,4,10,4,4,10,4,1,2,3,3,10,10,10,10,17,19,10,10,10,
12,15,13,14,16,12,10,11,11,10,10,10,10,10,1,2,10,3,3,4,10,10,5,10,6,7,8,9,9,4,10,10,
1,2,18,
1,2,2,20,20,20,18,20,
1,2,18,
22,22,22,22,22,22,12,12,22,22,22,22,22,22,22,22,10,11,11,10,4,1,2,3,3,12,15,14,13,16,22,12,5,22,12,22,22,6,7,8,9,9,4,10,22,10,22,22,22,22,
1,2,18,
3,3,20,4,18,4,1,2,2,4,20,4,
1,2,18,
1,2,18,
18,21,12,10,10,1,2,3,3,4,5,6,7,8,9,9,4,10,11,11,10,12,
1,2,2,20,4,18,4,20,20,3,3,20,
1,2,3,3,4,10,4,4,10,5,7,6,8,9,9,4,10,19,17,10,
10,10,10,10,1,2,3,3,4,4,4,10,10,4,4,5,10,10,6,7,8,9,9,4,10,10,10,19,17,10,
4,4,18,4,4,4,1,2,2,20,20,20,3,3,20,4,
1,2,18,
10,10,10,10,10,10,10,10,10,4,10,10,10,10,4,5,6,7,8,9,9,4,4,10,10,10,1,2,3,3,10,17,19,10,10,4,4,
4,19,4,1,2,3,3,
1,2,18,
1,2,18,
1,2,18,
10,11,11,10,10,4,14,15,13,16,12,5,7,6,8,9,9,4,10,1,2,3,3,12,
20,10,10,19,17,10,10,3,3,20,4,5,7,6,8,9,9,4,10,10,10,10,10,10,1,2,2,
1,2,3,3,4,4,4,19,4,
1,2,18,
4,4,4,4,18,4,1,2,2,4,4,4,4,4,20,4,3,3,20,4,
10,4,21,18,12,12,22,12,17,6,8,9,9,10,12,10,10,5,22,12,6,7,8,9,9,4,10,10,11,11,10,10,10,12,10,10,10,22,22,22,12,12,12,22,12,12,22,22,22,12,22,1,2,2,10,10,12,10,10,22,20,3,3,20,
10,10,10,10,10,10,10,10,10,10,1,2,10,17,19,3,3,4,5,7,6,8,9,9,4,
1,2,18,
12,12,1,2,3,3,10,10,10,10,4,4,10,10,11,11,10,12,10,10,4,4,10,4,4,10,10,4,10,12,12,10,10,5,15,13,14,16,12,7,6,8,9,9,4,10,10,10,
1,2,18,
1,2,2,20,18,20,
4,4,1,2,3,3,4,4,4,4,4,19,
1,2,18,
10,4,10,10,19,17,10,4,1,2,10,3,3,10,10,10,10,4,4,10,4,4,10,10,4,10,10,10,10,5,6,7,8,9,9,4,10,10,
5,7,6,8,9,9,4,10,10,11,11,10,22,10,22,12,12,1,2,3,3,4,22,22,12,12,12,22,12,12,12,12,16,13,15,14,22,
1,2,18,
4,4,4,4,4,4,4,4,4,4,4,4,4,4,4,19,20,4,4,4,4,3,3,20,1,2,2,
3,3,10,5,6,7,8,9,9,4,10,10,10,10,17,6,8,9,9,10,10,10,10,10,10,10,10,10,10,10,10,10,10,10,10,19,17,10,4,10,10,1,2,
1,2,2,20,18,20,
1,2,18,
4,4,4,4,4,19,1,2,3,3,
1,2,18,
10,12,10,10,4,22,22,4,22,22,22,12,12,15,13,16,14,12,22,22,22,22,22,22,22,22,22,22,22,22,20,22,22,3,3,20,10,11,11,10,12,4,5,22,7,6,8,9,9,4,10,12,12,1,2,2,22,10,22,10,10,10,12,
6,17,8,9,9,22,22,22,10,11,11,10,22,22,22,12,22,11,11,22,22,22,4,10,22,4,22,10,4,22,5,22,12,15,13,14,16,12,7,6,8,9,9,22,4,22,10,10,12,12,1,2,22,3,3,22,22,22,
1,2,2,20,18,20,
4,4,4,4,4,4,1,2,2,4,4,4,4,4,4,4,4,4,4,20,4,4,4,4,3,3,20,4,19,4,4,4,4,4,4,4,4,4,4,4,4,4,4,4,4,4,4,
1,2,2,20,18,20,
4,4,4,4,4,4,4,4,4,4,4,4,4,4,4,4,4,4,19,4,4,4,4,4,1,2,3,3,4,4,4,4,4,4,4,
4,4,4,1,2,3,3,4,19,4,4,
4,4,4,4,4,4,4,4,4,4,4,4,4,4,4,1,2,2,20,4,19,3,3,20,4,
1,2,2,20,18,20,
1,2,18,
10,17,19,10,10,10,1,2,2,4,5,6,7,8,9,9,4,20,3,3,20,10,10,
1,2,2,20,18,20,
12,22,10,22,22,11,11,10,22,22,22,22,22,22,22,22,22,22,22,22,4,22,12,22,20,22,3,3,20,22,22,5,22,22,7,6,8,9,9,4,10,10,22,22,22,22,22,22,19,17,22,12,12,22,1,2,2,22,22,22,22,22,22,22,22,22,22,22,22,22,22,22,22,22,22,22,22,22,22,22,22,22,12,12,22,22,
10,10,10,19,17,10,10,1,2,10,3,3,4,10,10,5,7,6,8,9,9,4,
10,10,10,10,6,17,8,9,9,10,10,10,10,10,10,10,10,10,4,4,4,4,4,4,4,5,6,7,8,9,9,4,10,10,19,17,10,10,10,10,10,1,2,10,3,3,10,10,
22,22,1,2,3,3,4,22,22,12,12,22,22,22,5,10,11,11,10,12,7,6,8,9,9,4,10,10,10,12,22,22,22,10,22,22,22,22,12,12,22,22,22,12,22,22,22,22,22,12,22,12,12,12,12,22,12,15,14,13,16,12,22,22,12,12,22,22,22,22,22,12,
12,1,2,3,3,4,5,7,6,8,9,9,4,10,11,11,10,10,10,15,14,13,16,12,
1,2,2,20,3,3,20,4,5,18,4,
1,2,2,20,3,3,20,4,19,4,
4,5,12,10,11,11,10,7,6,8,9,9,4,15,13,14,16,12,1,2,3,3,
4,10,10,10,5,10,10,10,10,10,10,10,10,10,7,6,8,9,9,4,10,17,6,8,9,9,10,10,10,10,10,10,10,10,10,4,10,17,19,1,2,4,3,3,
1,2,18,
1,2,18,
1,2,2,20,18,20,
10,12,10,10,1,2,3,3,4,13,15,14,16,12,5,7,6,8,9,9,4,10,10,10,10,10,10,11,11,10,10,10,10,10,
1,2,3,3,4,19,4,
20,18,20,1,2,2,
12,1,2,3,3,15,14,16,13,12,12,12,12,22,11,11,22,22,4,10,22,22,22,10,5,10,6,7,8,9,9,4,22,10,10,10,10,10,12,22,22,10,10,10,10,17,6,8,9,9,10,10,10,10,10,10,10,22,10,10,12,12,10,10,11,11,10,10,10,6,17,8,9,9,10,10,12,10,10,22,6,17,8,9,9,22,22,10,22,22,22,10,
1,2,18,
4,5,10,6,7,8,9,9,4,1,2,3,3,10,10,10,6,17,10,8,9,9,10,10,10,10,10,10,4,4,4,4,10,10,10,10,4,4,10,10,19,17,4,4,10,10,4,4,
4,4,1,2,2,20,3,3,20,4,18,4,
1,2,2,20,3,3,20,4,18,4,
12,10,11,11,10,4,5,1,2,3,3,6,7,8,9,9,4,15,14,13,16,12,
1,2,18,
5,6,7,8,9,9,4,10,10,10,10,10,4,4,10,10,4,19,17,10,4,4,1,2,3,3,
1,2,12,3,3,4,22,22,22,12,12,12,10,10,12,22,16,15,13,14,12,10,22,10,4,4,5,6,7,8,9,9,4,10,12,17,6,8,9,9,10,10,22,10,22,22,22,10,11,11,10,12,12,12,12,
1,2,2,20,18,20,
1,2,2,20,18,20,
1,2,2,20,18,20,
10,10,10,1,2,3,3,10,19,17,10,10,10,4,5,4,4,7,6,8,9,9,4,10,
1,2,2,20,18,20,
1,2,18,
1,2,18,
1,2,3,3,4,5,19,4,
1,2,18,
10,1,2,3,3,10,4,10,19,17,10,5,10,10,6,7,8,9,9,4,10,10,10,10,10,10,
4,12,4,4,5,6,7,8,9,9,4,10,22,22,22,10,1,2,2,22,20,3,3,20,22,12,12,10,11,11,10,15,16,14,13,22,
10,4,4,10,10,1,2,3,3,4,10,5,7,6,8,9,9,4,17,19,10,10,
4,18,4,1,2,3,3,
4,4,4,4,4,4,4,4,4,4,4,4,4,4,4,4,4,4,4,1,2,2,4,4,4,4,4,20,4,19,3,3,20,4,4,4,4,
4,10,10,10,5,10,6,7,8,9,9,4,4,4,10,18,21,10,4,1,2,3,3,4,4,4,
1,2,18,
4,3,3,20,19,4,1,2,2,20,20,20,20,20,20,20,
3,3,20,4,5,6,7,8,9,9,4,10,17,6,8,9,9,10,10,10,10,10,10,10,10,17,19,10,10,10,10,10,1,2,2,20,20,20,20,20,
20,3,3,20,1,2,2,4,19,4,
20,20,20,18,20,1,2,2,
1,2,18,
10,10,1,2,3,3,10,10,10,10,10,4,10,5,10,10,7,6,8,9,9,4,10,10,19,17,10,4,4,
1,2,18,
4,1,2,3,3,19,4,4,4,
22,5,22,22,22,12,12,6,7,8,9,9,4,10,15,13,14,16,12,10,12,12,12,12,12,12,12,12,1,2,3,3,12,4,4,12,4,4,12,12,12,12,22,4,4,10,11,11,10,4,
1,2,18,
1,2,3,3,4,4,4,4,4,4,12,4,5,6,7,8,9,9,4,15,14,13,16,12,10,11,11,10,
22,22,1,2,3,3,22,5,22,22,22,22,10,7,6,8,9,9,4,10,22,10,10,17,6,8,9,9,10,10,22,22,10,17,6,8,9,9,10,10,12,22,11,11,22,22,10,12,22,12,22,13,15,14,16,12,22,12,12,22,22,22,6,17,8,9,9,22,22,22,22,22,22,22,10,10,11,11,10,10,22,22,22,22,10,22,10,22,12,4,
4,4,1,2,2,5,12,6,7,8,9,9,4,10,10,4,4,4,4,4,4,20,20,15,13,16,14,12,4,4,20,3,3,20,10,11,11,10,4,4,4,
22,10,22,22,22,22,10,10,4,22,22,10,4,4,10,10,22,22,10,10,11,11,10,10,10,5,10,10,22,22,6,7,8,9,9,4,22,10,1,2,2,22,22,10,12,12,10,10,20,3,3,20,10,10,21,18,12,12,12,22,22,10,22,
10,10,21,18,12,1,2,2,20,3,3,20,4,10,5,6,7,8,9,9,4,10,10,10,12,10,11,11,10,
5,6,7,8,9,9,4,10,10,10,10,10,10,10,10,12,18,21,12,10,10,11,11,10,10,10,1,2,2,20,10,3,3,20,4,
18,1,2,
4,19,4,4,4,4,4,4,4,1,2,3,3,4,4,4,4,
1,2,18,
1,2,3,3,10,4,5,10,10,7,6,8,9,9,4,10,10,10,19,17,10,10,
1,2,2,20,18,20,
1,2,18,
1,2,3,3,4,18,4,
6,7,8,9,9,4,1,2,3,3,10,4,4,17,19,10,4,4,4,4,4,10,5,10,
4,4,4,10,4,17,19,10,10,10,4,10,10,10,4,10,4,10,4,4,5,7,6,8,9,9,4,10,1,2,3,3,
20,20,20,18,20,1,2,2,
10,5,22,10,11,11,10,22,22,12,22,10,6,7,8,9,9,4,22,10,22,12,10,22,22,22,22,17,6,22,8,9,9,22,12,22,22,22,22,22,22,6,17,8,9,9,22,22,22,22,22,12,12,22,22,22,12,12,16,15,13,14,22,22,22,22,10,10,22,12,22,22,12,1,2,3,3,10,4,10,
6,7,8,9,9,4,12,1,2,2,20,3,3,20,4,4,14,16,15,13,12,4,5,10,11,11,10,
1,2,18,
18,20,1,2,2,20,
4,4,4,4,4,4,4,4,4,4,4,4,4,4,4,4,4,4,4,4,4,4,4,4,4,4,4,4,4,4,4,19,4,1,2,3,3,
4,20,3,3,20,19,4,1,2,2,
1,2,2,20,18,20,
10,4,10,19,17,10,10,1,2,3,3,4,5,4,6,7,8,9,9,4,
1,2,18,
1,2,18,
4,4,4,4,4,4,4,4,4,4,4,4,4,4,4,4,1,2,3,3,4,4,4,4,4,4,4,19,4,4,4,4,4,4,4,4,
1,2,18,
20,18,20,1,2,2,
4,4,4,19,4,1,2,3,3,
1,2,2,20,18,20,
12,12,10,10,4,1,2,2,10,20,10,10,10,5,22,3,3,20,7,6,8,9,9,4,22,10,10,10,22,22,10,22,22,12,22,10,11,11,10,10,22,12,10,10,10,22,22,22,22,22,15,14,16,13,12,22,22,
4,5,7,6,8,9,9,4,10,10,1,2,3,3,12,15,16,14,13,12,10,11,11,10,10,12,10,12,
20,18,20,1,2,2,
10,19,17,10,4,1,2,3,3,10,10,5,6,7,8,9,9,4,
20,18,20,1,2,2,
18,4,1,2,3,3,4,4,4,
20,18,20,1,2,2,
1,2,3,3,12,10,10,10,10,10,10,10,10,10,10,10,10,12,4,12,4,15,16,14,13,12,4,10,11,11,10,5,6,7,8,9,9,4,12,12,
4,4,1,2,3,3,4,4,4,4,4,10,4,19,17,10,4,5,6,7,8,9,9,4,10,4,17,6,8,9,9,10,10,4,10,4,4,4,4,4,4,4,4,
20,18,20,1,2,2,
1,2,18,
1,2,18,
1,2,3,3,4,5,10,7,6,8,9,9,4,11,11,10,12,10,10,10,10,10,10,12,14,13,15,16,12,10,10,12,
1,2,18,
1,2,3,3,4,18,4,
18,4,1,2,2,20,3,3,20,4,
1,2,18,
22,10,10,22,12,22,4,12,12,12,5,7,6,8,9,9,4,22,22,1,2,3,3,15,14,13,16,12,10,11,11,10,
20,20,20,18,20,1,2,2,
4,19,4,1,2,3,3,
20,18,20,1,2,2,
1,2,3,3,10,10,10,10,10,10,4,10,5,11,11,10,4,12,4,21,18,6,7,8,9,9,4,12,4,10,4,10,4,4,
1,2,18,
1,2,18,
10,10,1,2,3,3,10,10,4,4,4,4,4,10,10,5,10,10,10,19,17,10,6,7,8,9,9,4,10,17,6,8,9,9,10,10,10,4,4,
1,2,3,3,4,19,4,
5,7,6,8,9,9,4,10,10,1,2,3,3,10,10,10,10,10,10,4,10,19,17,10,
1,2,18,
10,12,12,22,22,22,22,22,22,22,10,22,22,11,11,10,12,12,1,2,12,22,3,3,12,22,10,4,12,10,22,22,22,22,22,22,22,5,6,7,8,9,9,4,22,22,22,22,22,22,10,22,22,15,16,14,13,12,
1,2,2,4,4,4,4,4,4,4,4,4,4,20,4,4,4,3,3,20,4,4,4,4,4,4,4,4,4,4,4,4,19,4,4,
1,2,2,20,18,20,
4,4,4,4,4,4,1,2,3,3,4,4,4,4,4,4,4,4,4,4,4,4,4,19,
10,17,19,10,4,5,6,7,8,9,9,4,10,10,1,2,3,3,10,10,
12,12,10,11,11,10,21,18,12,4,12,12,5,7,6,8,9,9,4,1,2,2,20,3,3,20,12,
10,10,10,10,10,10,1,2,3,3,4,10,10,10,5,10,10,10,6,7,8,9,9,4,10,10,10,10,10,10,10,10,10,10,10,10,10,17,19,10,10,10,10,10,10,
15,14,13,16,12,5,6,7,8,9,9,4,10,11,11,10,1,2,2,20,3,3,20,12,4,
22,22,7,6,12,12,8,9,9,4,22,22,10,22,10,12,22,22,22,22,22,13,16,14,15,12,12,22,22,22,1,2,3,3,10,11,11,10,4,5,
1,2,18,
1,2,18,
1,2,18,
20,18,20,1,2,2,
1,2,18,
1,2,2,20,18,20,
12,12,12,1,2,3,3,10,10,4,14,15,16,13,12,4,10,10,10,22,10,10,11,11,10,4,22,5,7,6,8,9,9,4,22,22,22,22,22,10,12,10,12,12,22,12,22,12,
1,2,18,
10,11,11,10,5,10,7,6,8,9,9,4,10,10,10,10,10,12,10,10,1,2,2,18,21,12,10,10,20,3,3,20,10,10,4,4,4,
4,6,7,8,9,9,4,10,10,10,10,10,10,10,10,4,10,17,19,4,4,1,2,10,3,3,10,5,4,10,10,
3,3,20,4,4,4,19,4,1,2,2,20,
1,2,18,
12,10,11,11,10,15,13,16,14,12,1,2,3,3,4,5,6,7,8,9,9,4,
1,2,18,
1,2,18,
1,2,2,20,18,20,
4,19,4,1,2,2,20,3,3,20,
12,22,12,12,14,15,13,16,12,22,22,22,22,10,22,22,12,10,12,22,22,12,12,10,10,12,10,11,11,10,10,10,22,22,22,22,22,22,22,22,22,22,22,12,22,22,22,1,2,22,22,3,3,22,22,4,22,22,22,22,22,22,22,12,12,12,22,12,5,6,7,8,9,9,4,22,22,22,
22,22,1,2,2,20,22,12,12,22,22,3,3,20,4,5,7,6,8,9,9,4,15,16,14,13,12,22,22,22,22,22,22,10,11,11,10,12,12,
1,2,2,20,18,20,
1,2,3,3,4,19,4,
4,1,2,2,18,4,20,20,20,3,3,20,
18,4,1,2,2,20,3,3,20,4,
1,2,2,20,3,3,20,4,18,4,
10,10,10,10,10,10,10,10,10,10,10,10,10,10,19,17,10,1,2,3,3,4,5,7,6,8,9,9,4,10,10,10,
20,12,20,20,20,20,3,3,20,4,5,7,6,8,9,9,4,10,10,10,10,12,10,11,11,10,12,14,16,13,15,12,1,2,2,
22,22,12,12,22,1,2,3,3,4,22,12,12,12,12,12,10,11,11,10,5,22,22,12,6,7,8,9,9,4,10,22,10,22,14,15,16,13,12,22,22,22,12,12,22,22,22,22,22,12,22,22,22,22,12,22,22,12,
7,6,8,9,9,4,12,1,2,3,3,4,4,15,13,16,14,12,12,12,4,10,11,11,10,5,
20,18,20,1,2,2,20,20,
20,18,20,1,2,2,
1,2,18,
1,2,3,3,4,4,18,4,4,
1,2,2,20,18,20,
1,2,18,
1,2,18,
1,2,10,3,3,10,4,22,22,5,22,7,6,8,9,9,4,10,10,10,10,12,12,10,10,10,10,11,11,10,10,10,12,10,15,14,16,13,12,12,22,22,
1,2,2,20,18,20,
10,4,10,10,5,7,6,8,9,9,4,10,10,10,17,19,10,1,2,2,20,20,20,3,3,20,10,
20,20,20,20,20,18,20,1,2,2,
1,2,18,
4,4,1,2,3,3,4,4,4,4,4,4,4,4,4,4,4,4,4,4,4,4,19,4,4,4,4,4,4,4,4,4,
10,10,10,10,10,10,1,2,4,3,3,10,5,10,6,7,8,9,9,4,10,10,10,10,19,17,10,10,10,10,10,
4,4,1,2,2,4,4,19,4,4,20,3,3,20,4,4,4,4,4,4,4,4,4,4,
10,1,2,2,20,3,3,20,4,5,6,7,8,9,9,4,10,10,10,10,10,19,17,10,10,
1,2,2,20,18,20,
1,2,2,20,18,20,
4,4,12,4,18,21,12,4,4,4,4,1,2,3,3,10,4,11,11,10,4,4,4,4,10,10,4,5,6,7,8,9,9,4,10,10,17,6,8,9,9,10,10,10,10,
1,2,2,20,18,20,
6,7,8,9,9,4,10,17,6,8,9,9,10,10,10,12,12,12,21,18,12,12,4,1,2,3,3,10,12,11,11,10,5,
18,20,1,2,2,20,
13,15,14,16,12,20,10,10,4,5,7,6,8,9,9,4,20,10,10,10,12,11,11,10,10,10,20,10,10,20,3,3,20,20,1,2,2,
12,4,1,2,2,14,15,13,16,12,12,12,5,7,6,8,9,9,4,12,12,12,12,12,20,12,4,4,3,3,20,12,12,12,12,12,12,12,12,12,10,11,11,10,12,4,12,12,4,12,12,4,4,
10,4,14,16,13,15,12,10,4,10,10,4,4,10,11,11,10,10,4,10,10,10,10,10,5,12,6,7,8,9,9,4,1,2,3,3,10,10,10,10,10,10,10,10,
4,4,4,4,4,4,4,4,4,4,4,4,20,4,3,3,20,1,2,2,4,4,4,4,4,4,4,4,4,4,4,4,4,19,4,4,4,
4,10,10,10,4,4,4,4,4,12,12,12,4,12,22,22,4,22,16,14,15,13,12,22,22,22,22,22,22,4,22,4,4,4,4,1,2,22,3,3,22,22,22,22,22,22,22,22,22,22,22,5,4,7,6,8,9,9,4,12,4,10,11,11,10,22,22,10,10,22,4,10,22,22,22,12,12,4,
1,2,2,20,18,20,
10,4,4,4,5,10,10,6,7,8,9,9,4,12,10,10,20,12,1,2,2,10,10,12,10,10,11,11,10,21,18,10,12,3,3,20,4,4,10,
1,2,2,20,20,20,18,20,
20,1,2,2,18,20,
20,18,20,1,2,2,
1,2,18,
18,20,1,2,2,20,20,20,20,20,
4,19,4,1,2,3,3,
20,18,20,1,2,2,
1,2,2,4,4,4,4,4,18,4,20,3,3,20,
10,10,22,10,10,22,22,10,10,12,17,6,8,9,9,10,10,22,22,22,22,12,22,10,10,10,12,12,1,2,10,3,3,4,10,4,4,10,22,22,22,12,12,12,22,22,13,14,16,15,12,10,10,10,10,22,10,22,22,22,4,4,22,12,5,7,6,8,9,9,4,22,10,10,10,11,11,10,17,6,8,9,9,10,
20,4,3,3,20,5,10,7,6,8,9,9,4,10,10,10,10,10,10,4,10,1,2,2,4,10,19,17,
18,21,12,10,10,10,10,12,12,12,12,12,12,12,10,10,10,11,11,10,4,12,12,12,1,2,3,3,10,12,12,10,5,12,12,7,6,8,9,9,4,12,
4,4,1,2,3,3,4,12,10,11,11,10,5,12,12,21,18,12,4,4,7,6,8,9,9,4,10,10,
1,2,2,20,20,20,18,20,
1,2,3,3,10,19,17,10,4,5,6,7,8,9,9,4,
1,2,3,3,4,5,7,6,8,9,9,4,10,11,11,10,12,18,21,12,
4,1,2,2,18,4,20,3,3,20,
20,1,2,2,18,20,
10,10,4,19,17,10,4,4,10,10,5,7,6,8,9,9,4,10,10,1,2,2,20,10,3,3,20,4,4,
4,4,4,4,4,4,4,4,4,4,4,4,4,4,4,19,4,4,1,2,3,3,4,4,
22,10,11,11,10,5,12,12,6,7,8,9,9,4,22,12,22,12,22,22,15,14,16,13,12,12,22,12,10,4,6,17,8,9,9,10,22,22,22,1,2,3,3,22,22,
18,21,22,10,10,12,12,22,20,3,3,20,4,4,4,4,22,1,2,2,10,10,22,22,10,10,22,10,10,22,22,22,4,5,6,7,8,9,9,4,10,12,10,22,12,10,11,11,10,12,
20,18,20,1,2,2,
15,16,14,13,12,1,2,3,3,4,5,6,7,8,9,9,4,10,11,11,10,12,
20,18,20,1,2,2,
22,22,22,22,22,12,12,22,22,22,14,15,16,13,12,22,22,22,12,12,22,22,22,22,22,22,22,22,12,22,22,1,2,2,22,22,22,22,22,20,22,3,3,20,22,4,22,22,22,22,22,22,22,22,22,22,22,22,22,22,22,22,22,22,22,22,22,5,22,6,7,8,9,9,4,22,10,22,11,11,10,22,12,22,22,22,22,22,22,22,22,22,22,22,22,22,12,12,22,22,22,
10,10,10,10,1,2,3,3,4,4,4,5,6,7,8,9,9,4,10,10,10,10,10,17,19,10,
20,20,20,1,2,2,20,18,20,20,
7,6,8,9,9,4,12,12,22,22,12,12,12,22,12,15,14,13,16,12,10,11,11,10,12,12,1,2,3,3,4,5,
4,4,4,4,4,4,4,4,4,4,19,4,1,2,3,3,4,4,
20,18,20,1,2,2,
1,2,18,
12,12,12,5,12,6,7,8,9,9,4,10,6,17,12,8,9,9,10,10,12,12,10,1,2,2,12,10,10,10,10,10,10,10,10,10,10,12,10,10,20,10,12,3,3,20,11,11,10,12,12,4,4,12,4,10,10,12,4,12,12,12,4,17,19,12,
1,2,18,
4,1,2,2,20,18,4,3,3,20,
4,4,12,4,4,4,10,5,10,6,17,8,9,9,10,10,15,14,16,13,12,10,10,10,11,11,10,7,6,8,9,9,4,10,10,10,10,1,2,10,3,3,10,10,10,
1,2,18,
1,2,18,
1,2,3,3,4,19,4,
18,4,1,2,3,3,4,
1,2,18,
18,20,1,2,2,20,20,20,
1,2,18,
1,2,18,
1,2,18,
12,20,5,3,3,20,12,7,6,8,9,9,4,10,17,6,8,9,9,10,12,12,22,22,22,22,22,22,22,10,10,1,2,2,22,10,11,11,10,12,12,12,12,22,14,15,13,16,4,12,
4,20,18,4,3,3,20,4,4,4,4,1,2,2,
20,18,20,1,2,2,
1,2,2,22,10,12,10,22,22,20,10,11,11,10,10,10,3,3,20,4,12,4,12,21,18,12,4,12,12,10,10,10,22,22,12,22,5,6,17,8,9,9,10,10,10,6,7,8,9,9,4,10,22,10,
1,2,2,20,3,3,20,4,4,4,18,4,
1,2,3,3,4,10,10,5,7,6,8,9,9,4,10,10,19,17,10,
1,2,18,
20,3,3,20,4,19,4,1,2,2,
20,18,20,1,2,2,
20,18,20,1,2,2,
1,2,18,
4,4,4,4,4,4,4,4,4,4,4,4,4,4,4,4,4,4,4,4,4,4,4,1,2,4,4,3,3,4,4,4,4,19,4,4,4,4,4,4,
1,2,18,
4,4,4,4,4,4,4,4,4,4,4,4,4,4,1,2,2,4,18,4,4,4,4,4,4,4,20,4,4,3,3,20,
4,4,4,4,4,4,4,4,1,2,3,3,10,4,5,19,17,10,7,6,8,9,9,4,10,6,17,8,9,9,10,
4,18,4,4,4,4,4,4,4,4,4,4,4,4,4,4,4,4,4,4,4,4,4,4,1,2,2,20,4,4,3,3,20,4,4,4,
1,2,18,
1,2,18,
1,2,2,20,20,20,18,20,
1,2,18,
7,6,8,9,9,4,10,10,10,10,10,10,10,10,10,10,10,10,10,10,10,10,11,11,10,10,10,10,10,10,12,6,17,8,9,9,10,10,10,10,10,10,10,10,10,10,10,10,10,10,10,10,10,10,10,10,15,16,14,13,12,1,2,2,20,3,3,20,4,5,
10,10,4,4,5,4,10,19,17,7,6,8,9,9,4,10,10,10,1,2,10,3,3,
22,22,22,4,1,2,3,3,5,12,22,7,6,8,9,9,4,22,22,22,22,22,12,12,10,11,11,10,22,22,22,22,22,12,12,12,12,22,4,22,22,4,22,15,13,14,16,12,22,22,22,12,22,12,12,22,
1,2,3,3,4,18,4,
10,10,1,2,10,3,3,17,19,10,4,4,4,5,6,7,8,9,9,4,10,10,
1,2,2,20,18,20,
10,10,10,10,10,4,4,4,10,4,10,10,10,10,10,10,1,2,3,3,17,19,10,4,5,7,6,8,9,9,4,10,10,10,
10,10,10,10,10,4,4,4,4,4,4,5,10,10,4,6,7,8,9,9,4,10,10,10,10,10,1,2,3,3,10,10,17,19,4,10,4,10,10,10,10,10,10,10,10,10,10,
10,1,2,10,3,3,4,5,6,7,8,9,9,4,10,17,6,8,9,9,10,10,10,10,10,10,19,17,10,10,10,
1,2,18,
1,2,18,
1,2,2,20,18,20,
1,2,18,
18,4,1,2,2,20,20,20,3,3,20,4,
1,2,2,20,18,20,
22,22,12,5,6,7,8,9,9,4,22,22,22,22,22,22,12,12,12,12,22,22,22,11,11,22,22,12,12,22,22,22,22,22,22,22,15,14,16,13,12,22,22,10,11,11,10,22,22,22,10,10,12,10,10,17,6,8,9,9,22,22,10,10,22,22,22,22,12,1,2,3,3,4,22,22,22,22,22,22,22,22,
10,1,2,3,3,4,10,10,10,19,17,10,5,10,10,6,7,8,9,9,4,10,10,10,10,10,10,10,10,10,10,10,10,10,10,10,10,10,10,10,10,10,
1,2,18,
10,11,11,10,12,12,12,1,2,22,3,3,15,13,14,16,12,12,22,4,12,12,12,22,5,6,7,8,9,9,4,10,22,10,12,22,22,22,
4,4,4,4,4,1,2,3,3,19,4,4,4,4,4,4,4,4,4,4,4,4,4,4,4,
1,2,2,20,3,3,20,4,18,4,
22,22,22,12,22,22,22,16,14,13,15,12,22,12,12,22,12,12,1,2,2,20,22,22,22,12,12,3,3,20,22,4,4,22,22,22,22,22,22,10,11,11,10,4,4,4,4,22,4,22,12,22,12,12,5,12,7,6,8,9,9,4,12,12,22,
1,2,18,
22,22,22,22,1,2,2,22,22,22,10,11,11,22,10,22,21,18,12,22,22,4,22,22,22,22,22,22,22,5,10,6,7,8,9,9,4,22,10,10,10,22,12,12,22,22,22,22,10,22,10,22,22,12,12,22,20,22,3,3,20,
18,20,1,2,2,20,
20,3,3,20,4,19,4,1,2,2,
22,22,20,4,4,22,3,3,20,4,22,4,4,22,5,12,12,6,7,8,9,9,4,22,12,12,22,22,22,12,12,12,14,15,16,13,12,22,22,12,22,22,22,10,22,17,6,8,9,9,10,10,10,1,2,2,10,11,11,10,
1,2,2,20,18,20,
4,4,1,2,3,3,4,4,4,4,4,4,4,19,4,4,
4,4,4,1,2,3,3,18,4,
10,10,10,10,10,10,10,10,10,10,10,10,10,10,10,10,19,17,10,10,10,1,2,3,3,10,10,10,10,10,4,5,6,7,8,9,9,4,10,10,10,10,
10,10,20,3,3,20,10,10,10,10,4,10,10,5,6,7,8,9,9,4,10,10,10,10,10,19,17,1,2,2,10,10,10,10,10,10,10,10,
20,1,2,2,18,20,
20,18,20,1,2,2,
4,22,22,20,3,3,20,12,5,1,2,2,6,7,8,9,9,4,22,22,22,4,4,12,4,4,4,4,12,22,12,22,10,11,11,10,22,22,22,22,14,15,16,13,12,12,12,
5,22,22,22,22,22,22,22,22,10,6,7,8,9,9,4,10,22,22,10,10,12,12,20,22,22,12,12,12,12,12,10,22,22,22,1,2,2,22,22,10,12,22,22,22,10,11,11,10,22,22,22,22,20,20,3,3,20,22,22,22,4,4,4,12,22,12,22,22,22,22,4,22,12,22,22,12,22,22,22,22,22,22,22,17,6,8,9,9,22,22,22,22,22,22,22,22,22,4,19,17,22,12,12,22,22,12,
6,7,8,9,9,4,10,10,21,18,12,10,20,3,3,20,10,10,11,11,10,4,4,1,2,2,4,4,4,4,4,12,5,
20,18,20,1,2,2,
1,2,2,20,18,20,
20,18,20,1,2,2,
1,2,18,
12,15,13,14,16,12,22,12,10,11,11,10,1,2,3,3,12,4,5,6,7,8,9,9,4,12,12,22,22,22,12,22,
1,2,2,20,18,20,
10,10,10,4,10,4,10,5,10,20,7,6,8,9,9,4,3,3,20,10,10,10,17,19,10,10,4,10,1,2,2,10,
12,12,10,22,10,1,2,22,3,3,22,10,11,11,10,22,12,12,22,22,22,4,22,22,21,18,12,10,10,5,10,7,6,8,9,9,4,10,22,22,
1,2,18,
1,2,18,
1,2,2,20,18,20,
1,2,18,
1,2,2,20,18,20,
1,2,18,
1,2,18,
4,4,4,18,4,4,4,1,2,2,20,3,3,20,
1,2,2,20,18,20,
10,10,10,10,1,2,3,3,4,10,5,7,6,8,9,9,4,10,10,10,10,10,10,10,10,10,10,10,10,10,17,19,10,10,10,10,10,10,10,
6,7,8,9,9,4,18,21,22,10,10,1,2,3,3,4,4,12,12,22,10,11,11,10,4,5,12,
1,2,18,
10,10,10,10,12,12,12,12,22,22,10,10,22,11,11,10,10,22,22,22,22,12,22,22,1,2,2,20,3,3,20,12,4,22,5,21,18,12,6,7,8,9,9,4,22,22,10,10,10,22,17,6,8,9,9,10,10,10,10,22,10,22,
20,18,20,1,2,2,
20,3,3,20,4,10,5,7,6,8,9,9,4,10,10,10,10,10,10,10,10,10,10,12,10,10,10,6,17,8,9,9,10,10,10,10,10,18,21,12,10,11,11,10,10,10,1,2,2,10,
12,4,13,15,14,16,12,10,10,10,11,11,10,1,2,2,4,20,22,3,3,20,4,22,22,5,22,22,6,7,8,9,9,4,10,10,12,12,12,12,4,12,12,12,4,
1,2,2,20,18,20,
1,2,3,3,4,18,4,
10,12,3,3,20,22,22,4,4,4,22,22,22,22,22,5,10,6,7,8,9,9,4,10,22,13,15,14,16,12,22,10,10,10,10,22,10,22,12,12,22,10,10,10,10,22,22,22,22,10,10,10,4,4,10,10,10,10,22,10,10,22,22,10,22,22,6,17,8,9,9,10,10,10,10,12,11,11,10,10,1,2,2,10,20,10,
22,12,1,2,2,20,3,3,20,4,5,6,7,8,9,9,4,10,11,11,10,12,12,12,22,22,16,14,13,15,12,22,22,22,22,22,22,
1,2,18,
20,18,20,1,2,2,
11,11,10,5,7,6,8,9,9,4,10,10,12,10,17,6,8,9,9,10,10,10,10,10,10,14,15,13,16,12,10,10,10,10,1,2,10,3,3,4,10,
4,4,10,11,11,10,10,4,4,10,4,10,4,12,4,10,10,4,21,18,12,20,10,10,3,3,20,4,4,4,4,4,4,10,4,4,4,4,4,10,5,6,7,8,9,9,4,4,10,4,10,4,4,4,4,1,2,2,10,
22,22,22,5,10,10,7,6,8,9,9,4,12,12,12,12,12,12,10,10,1,2,2,12,22,20,10,11,11,10,12,3,3,20,4,22,18,21,12,
20,20,20,20,20,18,20,1,2,2,
4,5,10,6,7,8,9,9,4,10,4,4,1,2,3,3,10,17,19,10,
6,7,8,9,9,4,10,10,18,21,12,4,12,12,10,11,11,10,1,2,5,3,3,12,
22,22,22,4,4,12,10,11,11,10,15,13,14,16,12,12,12,22,12,12,4,12,5,7,6,8,9,9,4,22,1,2,3,3,
12,12,1,2,4,3,3,4,4,4,10,4,10,12,4,4,10,11,11,10,4,4,4,4,4,4,4,4,4,22,22,22,4,22,4,4,4,22,22,22,22,22,4,4,10,4,5,12,7,6,8,9,9,4,10,10,17,6,8,9,9,10,10,10,15,14,16,13,12,
1,2,18,
22,22,22,22,4,10,22,10,22,22,22,22,22,5,10,22,4,22,22,4,22,22,22,10,22,11,11,10,7,6,8,9,9,4,22,22,22,12,10,10,22,22,22,1,2,3,3,15,13,14,16,12,22,22,22,12,22,22,22,22,22,22,22,22,22,22,22,10,22,12,12,22,
1,2,18,
1,2,18,
20,18,20,1,2,2,
4,18,4,4,4,20,4,4,4,4,4,4,3,3,20,4,4,1,2,2,
10,10,10,10,10,10,1,2,10,3,3,4,10,4,10,10,10,10,10,10,6,17,8,9,9,10,10,10,10,10,6,17,8,9,9,10,4,4,10,10,10,4,10,10,19,17,10,5,10,4,4,7,6,8,9,9,4,10,10,10,10,17,6,8,9,9,10,10,
18,20,1,2,2,20,20,20,
23,18,23,1,2,2,23,23,23,23,23,23,
10,11,11,10,22,12,12,22,4,4,15,14,16,13,12,22,22,12,12,1,2,3,3,22,4,4,12,12,4,5,10,6,7,8,9,9,4,10,
12,12,4,4,4,4,4,5,7,6,8,9,9,4,12,12,4,4,4,4,4,4,4,4,4,4,10,11,11,10,4,4,1,2,3,3,12,12,4,4,4,4,4,4,14,16,15,13,12,22,22,22,12,12,
12,12,10,22,10,12,22,22,22,22,15,14,13,16,12,22,12,22,10,11,11,10,4,5,1,2,3,3,7,6,8,9,9,4,
1,2,2,20,3,3,20,4,10,10,10,10,10,10,10,10,10,4,4,12,10,5,11,11,10,10,10,18,21,12,6,7,8,9,9,4,10,10,10,
1,2,18,
10,10,10,10,10,10,10,12,10,10,10,1,2,17,6,8,9,9,10,11,11,10,3,3,10,10,4,4,4,21,18,12,5,7,6,8,9,9,4,
20,18,20,1,2,2,20,20,20,20,
20,18,20,1,2,2,
10,5,10,22,22,6,7,8,9,9,4,10,10,10,22,22,10,10,22,10,22,22,12,12,10,10,22,10,12,11,11,10,18,21,12,22,22,22,22,22,22,12,1,2,3,3,22,4,10,10,10,10,
4,5,7,6,8,9,9,4,10,10,20,10,10,3,3,20,10,10,10,17,19,10,1,2,2,
1,2,18,
4,7,6,8,9,9,4,10,10,4,4,4,10,10,10,10,4,4,4,10,10,10,10,10,11,11,10,12,1,2,3,3,10,10,10,10,18,21,12,10,10,10,4,10,10,10,4,4,5,4,
1,2,18,
1,2,2,20,18,20,
1,2,18,
15,14,16,13,12,1,2,3,3,4,10,11,11,10,12,5,6,7,8,9,9,4,10,10,10,10,10,10,10,10,
10,22,22,22,10,10,10,22,10,12,12,22,22,22,22,22,10,4,5,12,4,22,4,6,7,8,9,9,4,21,18,4,12,4,10,11,11,10,10,10,1,2,3,3,12,22,22,22,22,22,22,22,
4,5,6,7,8,9,9,4,10,6,17,8,9,9,10,10,10,10,19,17,10,1,2,3,3,
4,4,4,4,4,4,4,19,20,1,2,2,3,3,20,
4,1,2,2,4,18,4,4,4,20,3,3,20,4,4,4,
22,6,7,8,9,9,4,22,10,22,6,17,8,9,9,10,10,12,10,10,10,10,10,10,10,22,10,10,22,10,22,22,22,22,10,6,17,8,9,9,10,22,22,22,22,10,11,11,22,10,22,22,22,10,10,22,22,22,22,22,22,22,22,22,22,22,22,22,22,22,10,10,10,22,10,4,22,22,22,22,22,22,10,22,1,2,22,3,3,12,12,10,22,12,22,17,19,12,4,4,22,5,22,22,10,10,22,10,
20,20,20,20,18,20,1,2,2,20,
20,4,3,3,20,10,10,1,2,2,4,5,7,6,8,9,9,4,10,17,19,10,4,10,
20,3,3,20,12,4,14,15,13,16,12,5,7,6,8,9,9,4,1,2,2,10,10,11,11,10,10,
1,2,18,
4,17,6,8,9,9,10,10,4,4,4,4,4,10,4,10,4,10,1,2,3,3,4,10,4,10,10,10,10,4,4,10,10,10,17,19,10,4,10,10,10,5,4,4,4,6,7,8,9,9,4,10,4,
20,4,4,3,3,20,4,4,18,4,4,4,4,4,1,2,2,4,
6,7,8,9,9,4,10,10,15,13,14,16,12,10,11,11,10,10,17,6,8,9,9,10,4,4,10,10,12,4,1,2,3,3,5,
4,4,10,10,4,10,10,4,4,4,4,4,4,10,10,4,19,17,10,1,2,3,3,10,4,4,4,5,4,4,6,7,8,9,9,4,4,4,
4,4,4,4,4,4,4,4,4,4,4,4,4,4,4,4,19,4,4,4,4,1,2,3,3,4,4,4,
1,2,18,
4,10,1,2,10,3,3,12,10,12,5,10,11,11,10,12,18,21,12,6,7,8,9,9,4,10,10,10,10,10,10,10,10,10,
10,14,15,13,16,12,10,4,10,4,10,10,10,11,11,10,10,10,10,10,10,10,4,10,10,12,10,5,10,1,2,6,7,3,3,8,9,9,4,10,10,10,10,10,10,10,
4,18,4,1,2,3,3,
10,11,11,10,1,2,3,3,10,12,6,17,8,9,9,10,10,10,4,5,6,7,8,9,9,4,10,15,14,13,16,12,10,10,10,10,6,17,8,9,9,10,10,10,
1,2,3,3,4,4,4,4,4,19,
3,3,20,4,4,1,2,2,4,20,4,20,4,18,4,20,20,20,
1,2,18,
12,10,10,1,2,2,20,3,3,20,4,5,16,13,14,15,12,6,7,8,9,9,4,10,10,10,10,11,11,10,10,
4,12,4,10,10,22,22,12,22,4,4,15,14,13,16,12,4,1,2,3,3,5,6,7,8,9,9,4,10,10,12,12,10,11,11,10,
1,2,18,
10,10,10,10,4,10,10,10,4,4,10,5,10,1,2,6,7,8,9,9,4,3,3,10,10,10,10,10,10,10,10,10,10,10,10,10,17,6,8,9,9,10,10,10,10,10,10,10,10,19,17,10,10,
1,2,18,
4,4,4,4,4,4,1,2,3,3,4,19,4,4,4,
10,10,10,4,4,10,15,14,16,13,12,10,10,10,1,2,2,10,11,11,10,4,10,10,5,10,20,10,6,7,8,9,9,4,10,3,3,20,10,12,10,
1,2,2,20,18,20,
1,2,18,
17,6,8,9,9,10,10,10,12,10,12,22,22,22,10,10,22,10,22,22,22,10,15,14,16,13,12,10,10,12,12,10,10,4,12,12,10,10,5,1,2,3,3,12,10,11,11,12,10,10,12,12,7,6,8,9,9,4,10,17,6,8,9,9,10,10,
4,4,1,2,3,3,4,18,4,
1,2,18,
20,1,2,2,18,20,
20,18,20,1,2,2,
4,4,22,12,22,12,1,2,2,15,14,13,16,12,10,11,11,10,12,22,22,22,4,22,22,22,22,5,12,12,20,3,3,20,12,12,22,10,10,7,6,8,9,9,4,22,10,22,10,10,6,17,8,9,9,10,12,12,10,10,
1,2,18,
12,12,10,14,15,13,16,12,10,10,10,10,10,10,10,10,11,11,10,1,2,3,3,4,4,10,10,10,4,10,5,6,7,8,9,9,4,12,10,10,
1,2,2,20,18,20,20,20,
10,10,11,11,10,10,10,12,1,2,3,3,12,12,4,14,15,13,16,12,5,6,7,8,9,9,4,10,10,10,
4,19,4,1,2,2,20,3,3,20,
4,10,11,11,10,5,7,6,8,9,9,4,10,6,17,8,9,9,10,10,10,22,11,11,22,22,22,22,22,22,10,22,22,1,2,2,12,22,10,20,3,3,20,12,20,22,22,20,14,15,16,13,12,17,6,8,9,9,12,
4,19,4,1,2,2,20,3,3,20,
12,12,22,12,4,12,10,12,10,11,11,10,22,19,17,12,22,5,4,10,10,6,7,8,9,9,4,4,10,10,10,10,4,4,10,10,10,12,12,10,10,12,12,10,10,10,10,22,22,22,10,10,1,2,2,20,3,3,20,22,
22,22,1,2,3,3,22,4,22,22,4,22,12,12,22,22,22,22,22,22,22,22,22,22,22,12,10,12,10,10,10,10,10,12,4,21,18,12,22,22,22,22,22,5,22,7,6,8,9,9,4,22,12,22,22,22,12,12,12,22,10,11,11,10,10,10,
15,13,14,16,12,1,2,3,3,4,12,5,7,6,8,9,9,4,10,6,17,8,9,9,10,10,11,11,10,
1,2,18,
4,4,5,4,1,2,3,3,4,4,4,4,19,
22,22,5,22,12,12,10,12,12,10,12,12,17,6,8,9,9,22,7,6,8,9,9,4,13,14,15,16,12,10,12,12,22,10,12,11,11,22,22,22,22,22,12,22,12,22,1,2,3,3,22,12,12,22,10,22,10,10,4,12,12,10,10,10,11,11,10,10,22,10,10,22,22,12,12,12,12,22,22,22,
10,4,5,12,6,7,8,9,9,4,10,6,17,8,9,9,10,4,4,10,11,11,10,18,21,12,1,2,3,3,10,
1,2,3,3,10,10,10,10,10,10,4,5,7,6,8,9,9,4,10,17,19,10,
1,2,18,
4,1,2,2,18,4,20,3,3,20,4,4,4,4,4,4,
15,13,14,16,12,1,2,3,3,4,5,6,7,8,9,9,4,10,6,17,8,9,9,10,10,10,10,11,11,10,12,
1,2,2,20,3,3,20,4,18,4,
1,2,18,
1,4,2,3,3,19,4,4,4,
1,2,2,20,20,20,18,20,
1,2,18,
1,2,2,20,18,20,
1,2,2,20,18,20,
1,2,18,
1,2,18,
18,20,1,2,2,20,
12,4,12,4,4,21,18,12,12,12,5,6,7,8,9,9,4,10,6,17,8,9,9,10,12,1,2,22,3,3,22,22,22,4,10,11,11,10,12,4,10,22,10,22,22,
7,6,8,9,9,4,10,17,6,8,9,9,10,10,10,10,10,10,10,17,19,10,4,1,2,5,3,3,10,10,10,
1,2,2,20,18,20,
1,2,18,
18,20,1,2,2,20,
5,6,7,8,9,9,4,10,10,10,17,19,10,10,10,1,2,3,3,4,
10,10,4,4,4,4,4,5,10,10,10,10,10,10,6,7,10,8,9,9,4,10,17,6,8,9,9,10,10,17,6,8,9,9,10,10,10,10,10,10,10,19,17,10,10,1,2,3,3,10,10,
1,2,18,
20,3,3,20,6,7,8,9,9,4,10,17,6,8,9,9,10,10,10,6,17,8,9,9,12,22,22,22,15,13,14,16,22,1,2,2,4,12,10,11,11,10,5,
12,22,22,22,4,4,12,12,22,4,4,22,22,4,22,22,22,10,22,11,11,10,12,22,5,4,4,6,7,8,9,9,4,1,2,3,3,22,10,22,22,10,22,22,22,22,22,22,15,13,14,16,12,22,22,22,22,4,4,22,
20,18,20,1,2,2,
4,4,4,4,4,19,4,4,4,1,2,3,3,
1,2,18,
12,12,12,10,17,6,8,9,9,10,4,4,4,10,11,11,10,12,22,22,10,22,10,12,10,4,4,4,22,4,12,5,7,6,8,9,9,4,10,17,6,8,9,9,10,10,22,10,10,10,10,10,10,15,14,13,16,12,10,10,12,10,10,10,10,22,22,4,12,10,4,10,17,6,8,9,9,10,1,2,3,3,22,22,22,22,22,22,22,10,22,22,22,
1,2,18,
20,18,20,1,2,2,
1,2,2,20,18,20,
4,5,12,1,2,15,13,14,16,3,3,12,7,6,8,9,9,4,10,10,10,12,10,11,11,10,12,10,
4,4,4,4,20,3,3,20,1,2,2,4,4,4,18,4,
1,2,18,
10,12,12,10,22,22,22,12,22,22,22,1,2,3,3,10,11,11,10,22,12,12,12,12,4,22,22,22,22,22,5,6,7,8,9,9,4,13,14,15,16,12,22,12,12,10,10,22,
1,2,18,
12,12,12,22,4,21,18,22,22,5,22,10,11,11,10,6,7,8,9,9,4,10,10,1,2,3,3,
1,2,18,
6,7,8,9,9,4,10,11,11,10,1,2,3,3,12,10,10,10,10,10,10,14,15,16,13,12,4,4,4,5,
4,4,1,2,3,3,5,7,6,8,9,9,4,10,10,10,19,17,10,4,4,4,4,4,
4,10,10,4,17,6,8,9,9,10,12,18,21,12,1,2,3,3,4,5,10,7,6,8,9,9,4,10,6,17,8,9,9,10,10,10,11,11,10,10,10,10,
10,10,10,10,10,10,4,12,4,12,22,4,4,10,12,12,22,22,22,22,21,18,12,22,10,10,4,10,10,10,22,20,12,10,22,10,3,3,20,10,10,4,12,4,10,11,11,10,1,2,2,12,5,12,12,12,6,7,8,9,9,4,10,12,10,10,10,10,10,10,10,22,22,22,6,17,8,9,9,10,10,10,12,10,22,12,22,4,4,10,22,10,10,4,4,4,4,10,
20,18,20,1,2,2,
1,2,2,20,18,20,
1,2,18,
1,2,18,
1,2,18,
1,2,18,
20,18,20,1,2,2,
4,4,4,4,4,4,4,4,1,2,3,3,4,4,4,4,4,4,4,4,19,4,4,4,4,4,4,4,
4,4,4,18,4,1,2,2,4,4,20,3,3,20,4,4,
20,1,2,2,18,20,
4,18,4,1,2,3,3,
15,14,16,13,12,1,2,3,3,4,10,10,5,10,10,6,7,8,9,9,4,10,10,12,10,11,11,10,10,12,10,12,
1,2,3,3,4,18,4,
4,4,1,2,3,3,4,4,4,4,4,4,4,19,4,4,4,4,
1,2,18,
1,2,18,
1,2,2,20,18,20,
1,2,18,
1,2,2,20,18,20,
1,2,18,
18,20,1,2,2,20,
1,2,18,
20,18,20,1,2,2,
1,2,2,20,18,20,
1,2,3,3,4,5,18,4,
18,4,4,4,4,20,3,3,20,1,2,2,4,4,4,4,
4,10,17,6,8,9,9,10,4,5,6,7,8,9,9,4,10,6,17,8,9,9,10,12,10,10,11,11,10,10,1,2,3,3,14,15,16,13,12,4,10,17,6,8,9,9,10,10,10,10,4,10,10,10,4,4,10,10,4,
1,2,18,
4,5,6,7,8,9,9,4,10,10,20,3,3,20,10,19,17,10,10,10,10,1,2,2,10,10,10,10,10,10,10,10,10,
4,4,4,4,4,4,4,19,4,4,4,4,4,4,4,4,1,2,3,3,4,4,4,4,4,4,4,4,4,
20,18,20,1,2,2,
12,10,12,10,11,11,10,10,12,12,1,2,3,3,12,10,10,4,12,12,5,18,21,12,6,7,8,9,9,4,10,10,
4,4,4,4,4,4,4,4,4,4,4,4,4,1,2,2,4,20,4,4,4,3,3,20,4,4,4,4,4,4,4,4,4,4,4,4,4,4,4,4,4,4,4,4,4,4,4,4,4,19,4,4,4,4,4,4,4,4,4,4,4,4,4,4,4,4,4,4,4,
20,4,4,20,20,3,3,20,4,18,4,1,2,2,
22,22,22,22,12,12,22,4,12,4,12,12,22,12,22,22,1,2,22,3,3,22,10,11,11,10,22,12,22,22,22,12,12,12,22,22,4,4,4,22,22,22,22,5,12,22,22,6,7,8,9,9,4,14,15,13,16,10,12,10,12,22,22,4,4,22,22,4,22,4,22,22,22,12,
1,2,18,
20,1,2,2,18,20,
4,4,1,2,2,4,4,4,19,20,3,3,20,4,4,
1,2,18,
1,2,2,20,20,20,18,20,
10,11,11,10,4,14,15,16,13,12,4,4,5,6,7,8,9,9,4,1,2,3,3,4,4,10,10,12,4,4,10,10,
1,2,18,
22,12,1,2,3,3,22,22,4,22,6,17,8,9,9,22,22,5,22,6,7,8,9,9,4,22,10,10,10,10,22,22,22,12,12,22,22,22,19,17,22,22,22,10,11,11,10,4,4,22,22,22,22,22,22,4,22,4,22,22,22,22,4,22,4,22,22,22,22,22,
10,10,10,10,1,2,3,3,10,10,10,10,10,10,10,17,19,10,4,10,10,5,6,7,8,9,9,4,10,17,6,8,9,9,10,10,10,10,
20,18,20,1,2,2,
4,19,1,2,3,3,
1,2,18,
1,2,18,
10,1,2,2,10,4,10,10,17,19,10,4,4,5,20,20,7,6,20,8,9,9,4,10,3,3,20,17,6,8,9,9,10,10,10,10,
22,22,22,22,22,10,22,4,22,22,12,22,22,22,4,4,10,22,22,22,22,22,12,22,4,4,22,22,4,4,22,4,22,10,22,11,11,10,22,22,22,22,22,22,12,10,12,1,2,22,10,3,3,12,10,22,22,22,4,4,12,4,12,12,12,10,10,10,4,4,10,4,4,10,22,10,10,10,22,4,4,22,10,22,12,4,22,4,22,22,5,22,22,7,6,8,9,9,4,10,22,22,22,22,22,22,22,13,14,16,15,12,10,4,22,22,4,12,12,10,10,10,10,10,10,22,
20,18,20,1,2,2,
1,2,18,
1,2,18,
14,15,16,13,12,22,22,10,22,10,22,1,2,3,3,10,10,22,10,10,4,10,11,11,10,4,4,4,12,12,4,5,6,7,8,9,9,4,12,12,12,12,
1,2,18,
10,10,10,10,1,2,4,12,3,3,5,6,7,8,9,9,4,10,11,11,10,15,13,14,16,12,
4,5,7,6,8,9,9,4,10,17,19,10,1,2,3,3,4,4,
22,22,22,22,22,22,22,22,22,22,22,22,22,22,22,22,22,22,22,22,22,22,22,22,22,22,22,22,22,22,22,22,22,22,22,22,22,22,22,22,22,22,10,22,10,22,12,12,22,22,10,11,11,10,22,22,10,22,22,22,22,10,22,22,22,22,22,22,22,22,22,17,19,22,22,22,22,22,6,17,8,9,9,22,1,2,22,22,3,3,4,22,22,22,22,22,22,5,22,6,7,8,9,9,4,22,22,12,22,22,22,10,22,10,22,22,22,22,22,22,22,22,22,22,22,22,22,22,22,22,22,
1,2,18,
1,2,12,3,3,4,12,12,15,14,16,13,12,12,12,12,4,4,5,6,7,8,9,9,4,10,10,10,10,10,11,11,10,12,12,12,
1,2,2,20,18,20,
1,2,18,
1,2,2,20,3,3,20,4,19,4,
4,4,1,2,2,4,4,4,4,20,3,3,20,4,19,4,4,
4,19,4,1,2,3,3,4,4,
1,2,18,
10,10,10,10,10,10,1,2,2,4,4,10,10,20,10,19,17,3,3,20,4,4,10,4,5,10,6,7,8,9,9,4,10,17,6,8,9,9,10,
1,2,18,
1,2,18,
20,15,13,14,16,3,3,12,20,4,5,6,7,8,9,9,4,10,11,11,10,10,10,12,1,2,2,
1,2,2,20,18,20,
1,2,3,3,4,4,4,4,4,19,4,
10,19,17,10,4,10,10,1,2,3,3,5,7,6,8,9,9,4,10,10,
1,2,2,20,18,20,
12,22,22,22,5,4,4,7,6,8,9,9,4,10,10,22,22,12,12,10,11,11,10,22,12,22,22,22,1,2,2,12,20,3,3,20,4,4,4,22,22,18,21,
1,2,18,
1,2,2,20,18,20,
18,4,1,2,3,3,4,
4,18,4,1,2,2,20,20,20,4,3,3,20,4,
1,2,18,
1,2,18,
12,10,4,4,5,7,6,8,9,9,4,10,10,17,6,8,9,9,10,10,10,10,10,10,10,10,15,13,14,16,12,10,10,10,11,11,10,10,10,10,10,1,2,2,10,20,3,3,20,4,
1,2,2,20,18,20,
1,2,18,
1,2,18,
22,22,5,22,10,11,11,10,22,22,12,1,2,2,6,7,8,9,9,4,10,22,10,15,13,14,16,12,22,22,22,20,22,3,3,20,12,12,22,10,22,12,22,22,10,22,22,22,4,
22,4,5,12,12,6,7,8,9,9,4,22,22,12,10,10,15,14,16,13,12,12,12,1,2,2,10,10,20,22,22,22,3,3,20,22,12,22,22,10,11,11,10,12,12,
10,4,10,4,4,10,10,5,7,6,8,9,9,4,10,10,10,10,10,19,17,10,1,2,3,3,4,4,10,10,10,10,10,10,
10,10,4,5,7,6,8,9,9,4,10,10,10,17,19,10,1,2,3,3,
1,2,18,
1,2,2,20,20,20,18,20,
22,22,22,1,2,3,3,12,10,11,11,10,12,12,22,22,12,22,22,22,22,14,15,13,16,12,22,22,12,12,22,4,22,5,22,6,7,8,9,9,4,10,12,10,22,22,12,22,22,12,
10,5,10,10,6,7,8,9,9,4,10,10,10,1,2,2,10,10,10,10,10,10,10,10,20,10,10,3,3,20,10,19,17,10,10,10,4,4,10,10,10,10,10,4,
1,2,18,
1,2,3,3,4,19,4,
1,2,18,
1,2,18,
1,2,2,20,20,20,18,20,
1,2,2,10,22,22,22,20,3,3,20,4,22,4,4,12,10,11,11,10,5,22,11,11,22,7,6,8,9,9,4,22,10,10,22,17,6,8,9,9,22,10,22,22,10,10,22,22,22,22,22,22,22,12,12,4,4,10,12,17,6,8,9,9,10,22,22,15,13,14,16,12,10,10,4,4,
1,2,3,3,4,5,7,6,8,9,9,4,10,10,12,4,4,15,14,16,13,12,12,12,10,11,11,10,
1,2,2,20,3,3,20,4,4,4,5,6,7,8,9,9,4,12,10,11,11,10,21,18,12,
1,2,18,
1,2,18,
1,2,18,
4,4,1,2,4,3,3,5,7,6,8,9,9,4,12,10,10,10,11,11,10,18,21,12,4,4,
1,2,18,
1,2,18,
1,2,18,
1,2,2,20,18,20,
1,2,2,20,4,3,3,20,18,4,
10,17,19,1,2,4,3,3,5,7,6,8,9,9,4,
1,2,3,3,4,5,6,7,8,9,9,4,10,10,10,10,10,10,10,10,10,10,10,10,10,10,19,17,10,10,10,10,10,10,10,
22,12,12,1,2,3,3,4,12,5,6,7,8,9,9,4,22,21,18,22,10,11,11,10,22,22,22,
4,4,19,4,1,2,3,3,4,
1,2,18,
4,4,4,4,4,5,7,6,8,9,9,4,10,10,12,10,10,10,11,11,10,10,10,17,6,8,9,9,12,22,14,13,15,16,22,22,1,2,3,3,
1,2,2,10,10,10,4,4,10,10,4,4,10,10,4,4,20,4,4,3,3,20,4,4,10,4,10,5,10,4,7,6,8,9,9,4,4,4,10,17,19,10,10,10,4,4,4,4,4,10,
1,2,2,20,18,20,
20,20,20,20,20,18,20,1,2,2,
10,10,20,3,3,20,4,5,6,7,8,9,9,4,10,10,10,12,10,10,10,12,15,16,14,13,12,12,10,11,11,10,1,2,2,
7,6,8,9,9,4,10,10,12,14,13,15,16,12,1,2,4,3,3,4,4,5,10,11,11,10,
5,7,6,8,9,9,4,10,10,12,14,15,13,16,12,10,1,2,11,11,10,3,3,4,
1,2,3,3,4,5,6,7,8,9,9,4,12,14,13,15,16,12,10,11,11,10,12,12,
1,2,18,
10,10,5,1,2,2,6,7,8,9,9,4,20,10,10,10,3,3,20,10,10,10,10,10,10,4,10,10,4,10,10,10,4,4,4,10,10,4,10,17,19,10,4,4,10,10,10,10,10,10,10,10,10,10,10,4,
12,12,5,6,7,8,9,9,4,10,15,13,14,16,12,10,1,2,2,20,12,3,3,20,10,12,17,6,8,9,9,10,10,10,10,22,22,22,12,12,10,10,10,10,11,11,10,12,10,22,10,10,10,22,22,12,12,10,12,22,10,4,22,22,
22,10,11,11,10,12,22,12,10,12,10,12,22,10,10,1,2,2,20,10,3,3,20,4,12,10,10,5,6,7,8,9,9,4,10,10,10,10,22,10,10,10,10,10,15,14,13,16,22,10,12,12,22,10,10,10,
1,2,18,
1,2,2,20,18,20,
20,18,20,1,2,2,
1,2,18,
10,10,4,1,2,3,3,4,4,4,4,10,12,10,10,5,10,22,6,7,8,9,9,4,10,6,17,8,9,9,4,12,6,17,8,9,9,10,22,10,13,15,14,16,22,4,10,10,10,11,11,10,22,22,4,22,10,4,22,12,12,4,4,22,4,4,12,4,4,4,10,10,4,22,
22,22,22,22,10,22,22,1,2,3,3,22,10,22,22,22,22,22,4,4,22,22,22,22,22,22,22,12,10,22,22,12,12,10,10,11,11,10,4,10,10,22,5,6,7,8,9,9,4,10,21,18,22,22,10,12,12,10,22,12,10,10,10,6,17,8,9,9,10,10,
1,2,2,20,18,20,
1,2,18,
22,22,22,10,11,11,10,22,22,22,12,1,2,3,3,4,22,5,12,22,6,7,8,9,9,4,10,10,10,10,14,13,15,16,12,22,22,22,12,12,10,10,17,6,8,9,9,10,10,
4,18,4,1,2,2,20,3,3,20,
1,2,18,
7,6,8,9,9,4,10,10,22,10,12,10,10,12,10,10,12,6,17,8,9,9,10,1,2,3,3,10,10,12,22,22,12,12,10,10,11,11,10,22,22,10,4,10,10,10,10,10,10,12,21,18,22,5,
5,6,7,8,9,9,4,1,2,3,3,10,19,17,10,4,
22,22,4,22,12,5,18,21,12,6,7,8,9,9,4,22,10,10,22,22,12,12,12,12,22,22,22,1,2,3,3,10,10,22,22,12,10,11,11,10,
1,2,18,
1,2,18,
1,2,2,4,4,4,4,4,4,4,4,4,4,4,4,4,4,19,4,20,3,3,20,
1,2,18,
1,2,2,20,18,20,
1,2,18,
1,2,18,
1,2,18,
10,10,10,10,10,10,4,10,10,22,22,4,22,10,11,11,10,1,2,2,10,10,10,10,22,12,4,4,22,22,10,12,4,22,22,22,10,12,12,5,20,15,13,14,16,12,6,7,8,9,9,4,3,3,20,
4,4,10,10,4,10,10,4,4,4,17,6,8,9,9,10,10,10,12,4,5,18,21,12,1,2,3,3,10,11,11,10,7,6,8,9,9,4,10,
20,3,3,20,10,19,17,10,4,4,4,4,4,5,6,7,8,9,9,4,10,6,17,8,9,9,10,10,10,1,2,2,4,4,
20,1,2,2,18,20,
20,18,20,1,2,2,
20,18,20,1,2,2,
1,2,18,
1,2,2,20,18,20,
1,2,2,20,18,20,
1,2,18,
4,4,4,4,4,4,4,4,4,18,4,4,4,4,4,4,4,4,4,4,4,1,2,3,3,
1,2,18,
10,10,10,10,10,10,10,10,10,10,10,10,4,10,4,10,10,10,4,10,5,1,2,4,6,7,8,9,9,4,3,3,10,10,4,10,10,17,19,4,10,10,10,4,10,
1,2,18,
5,6,7,8,9,9,4,10,10,1,2,17,6,8,9,9,10,3,3,10,10,10,10,10,10,17,19,10,4,
4,4,4,4,10,10,10,10,1,2,2,10,10,10,4,4,4,10,10,10,4,4,10,20,3,3,20,4,4,10,19,17,10,10,17,6,8,9,9,10,10,17,6,8,9,9,10,10,5,6,7,8,9,9,4,10,10,6,17,8,9,9,10,10,10,10,10,
1,2,18,
1,2,18,
4,4,18,4,4,1,2,2,20,3,3,20,4,4,4,4,
19,4,4,4,1,2,3,3,4,4,4,4,4,4,4,
1,2,18,
18,4,1,2,3,3,4,
3,3,4,18,4,1,2,
1,2,22,3,3,10,10,4,22,22,10,22,22,12,12,12,12,10,22,22,4,22,22,22,22,4,10,4,12,4,10,10,22,4,22,22,22,22,10,22,22,22,22,22,22,10,22,22,10,22,22,12,12,10,22,22,10,22,10,12,11,11,10,12,22,22,4,22,12,22,22,22,22,22,10,10,22,22,10,10,22,12,10,22,22,12,22,22,22,22,10,22,22,22,22,22,22,22,22,22,22,4,4,4,4,22,22,4,22,22,22,4,22,5,22,6,7,8,9,9,4,22,22,15,16,14,13,12,
1,2,2,20,18,20,
1,2,18,
1,2,18,
1,2,18,
1,2,18,
10,5,7,6,8,9,9,4,10,10,10,12,10,10,21,18,12,1,2,3,3,4,4,4,4,4,10,10,10,11,11,10,
1,2,18,
1,2,2,20,18,20,
1,2,18,
1,2,2,20,18,20,
1,2,2,20,18,20,
10,22,12,12,22,1,2,3,3,22,10,11,11,10,12,10,10,12,12,4,12,22,22,22,4,4,12,22,5,17,6,8,9,9,12,22,22,14,15,16,13,22,7,6,8,9,9,4,22,22,10,12,22,6,17,8,9,9,10,10,
10,10,10,10,10,10,10,10,10,10,4,4,4,4,10,10,1,2,3,3,4,4,4,10,6,17,8,9,9,10,10,4,10,5,7,6,8,9,9,4,10,10,10,10,10,17,19,4,10,10,
1,2,2,20,18,20,
1,2,2,20,18,20,
1,2,2,20,18,20,
1,2,18,
1,2,2,20,18,20,
1,2,2,20,18,20,
10,5,10,20,6,7,8,9,9,4,3,3,20,10,10,10,17,6,8,9,9,10,10,10,4,10,10,10,17,19,10,10,10,10,10,1,2,2,
10,10,11,11,10,1,2,3,3,12,10,10,18,21,12,12,4,5,6,7,8,9,9,4,10,10,10,10,12,10,
7,6,8,9,9,4,10,10,17,6,8,9,9,10,10,10,12,10,11,11,10,10,21,18,12,10,10,10,1,2,3,3,4,10,4,4,5,
4,19,4,1,2,3,3,
1,2,2,10,5,10,6,7,8,9,9,4,10,11,11,10,20,3,3,20,12,12,12,15,13,14,16,12,4,
1,2,3,3,4,12,5,12,6,7,8,9,9,4,10,12,17,6,8,9,9,10,6,17,8,9,9,12,22,10,11,11,10,10,22,22,10,15,14,16,13,22,22,22,22,22,12,12,22,22,12,12,12,22,12,12,22,22,22,10,10,10,10,22,22,12,
4,5,1,2,2,7,6,8,9,9,4,10,22,10,22,12,22,10,12,10,20,20,20,12,12,3,3,20,22,21,18,12,22,22,22,12,12,12,12,12,12,12,10,10,11,11,10,12,10,10,10,
12,12,4,5,6,7,8,9,9,4,10,10,12,10,10,10,12,12,10,1,2,3,3,10,11,11,10,21,18,12,12,12,
1,2,18,
4,4,4,4,4,5,10,1,2,6,7,8,9,9,4,10,3,3,19,17,10,10,10,4,4,6,17,8,9,9,10,4,4,4,4,10,10,
20,18,20,1,2,2,
20,6,7,8,9,9,4,22,22,22,10,3,3,20,10,22,22,22,12,10,10,10,11,11,10,12,22,12,12,1,2,2,14,13,15,16,12,12,12,12,4,12,12,12,12,4,22,10,10,4,22,22,22,5,
1,2,2,20,3,3,20,4,18,4,4,4,
1,2,18,
1,2,2,20,3,3,20,4,4,4,4,4,19,4,4,4,
12,12,12,4,5,7,6,8,9,9,4,10,10,1,2,3,3,22,22,15,14,13,16,22,12,4,4,12,10,11,11,10,22,4,4,22,
1,2,18,
4,4,4,4,1,2,2,20,20,20,20,4,20,4,4,3,3,20,4,4,4,4,4,4,19,4,4,4,4,4,4,4,4,4,4,4,4,4,4,4,4,4,
4,5,6,7,8,9,9,4,10,10,1,2,3,3,10,10,10,19,17,10,
4,10,4,10,5,10,10,6,7,8,9,9,4,10,10,10,10,10,10,10,10,10,10,10,4,10,10,10,10,4,1,2,3,3,10,10,10,10,10,10,10,10,10,10,10,10,10,10,10,10,10,10,10,10,19,17,4,10,4,10,4,
23,23,23,23,23,18,23,23,23,1,2,2,
22,22,10,22,22,10,22,4,22,22,22,4,12,22,22,22,22,22,22,10,22,22,22,22,12,12,22,4,22,22,10,22,22,10,22,22,22,10,22,22,11,11,10,22,22,10,22,10,22,12,22,22,22,6,17,8,9,9,10,10,22,22,10,22,22,12,22,1,2,3,3,5,22,10,22,22,22,10,6,7,8,9,9,10,4,10,10,10,10,16,14,13,15,12,22,22,22,22,10,22,22,12,12,12,12,12,12,
12,4,12,12,12,5,6,7,8,9,9,4,10,10,10,12,12,17,6,8,9,9,10,10,6,17,8,9,9,10,10,10,10,6,17,8,9,9,10,10,12,10,12,10,12,11,11,10,15,14,13,16,12,12,12,12,12,12,12,10,6,17,8,9,9,10,10,10,10,17,6,8,9,9,10,10,1,2,10,3,3,10,10,10,10,
1,2,18,
1,2,18,
4,1,2,2,18,4,20,3,3,20,4,4,
1,2,2,4,4,5,4,6,7,8,9,9,4,10,6,17,8,9,9,10,10,20,3,3,20,19,17,10,
22,22,4,1,2,3,3,12,22,4,4,5,6,7,8,9,9,4,10,10,12,19,17,22,10,12,12,11,11,10,12,
5,6,7,8,9,9,4,10,1,2,10,3,3,10,11,11,10,4,4,12,15,14,16,13,12,4,
1,2,18,
1,2,18,
22,10,22,22,10,22,22,22,22,22,22,17,19,22,10,22,22,22,22,22,22,22,22,22,22,22,22,22,22,22,22,22,22,22,22,22,12,12,22,4,22,22,22,22,4,22,22,22,22,22,22,12,12,22,22,22,22,22,22,22,22,22,22,22,22,22,22,22,22,22,1,22,2,22,22,4,22,22,3,3,4,10,22,11,11,10,22,12,22,22,22,22,22,12,22,22,22,22,22,4,22,4,4,22,22,22,22,22,22,22,22,22,22,22,22,22,22,22,22,22,22,5,22,10,22,10,22,22,22,22,22,22,22,22,6,7,22,8,9,9,4,10,22,22,10,22,22,22,22,22,22,22,22,22,10,22,22,22,22,
4,4,4,18,4,1,2,2,20,3,3,20,
4,1,2,3,3,18,4,
10,10,4,5,6,7,8,9,9,4,10,10,4,1,2,4,3,3,10,17,19,10,
3,3,20,1,2,2,4,10,10,10,4,10,10,10,4,10,10,4,4,5,10,10,19,17,10,6,7,8,9,9,4,10,10,10,20,
10,10,10,1,2,3,3,12,15,13,14,16,12,12,12,12,22,22,4,4,10,11,11,10,10,10,4,10,10,22,5,6,7,8,9,9,4,10,
1,2,18,
18,4,1,2,2,20,3,3,20,4,
12,6,7,8,9,9,4,10,17,6,8,9,9,10,10,10,22,22,12,12,10,22,10,10,11,11,10,22,22,22,22,20,3,3,20,4,12,4,4,12,22,22,5,1,2,2,6,17,8,9,9,12,22,12,12,15,13,14,16,12,22,
18,4,4,4,1,2,3,3,4,
6,7,8,9,9,4,10,10,10,10,10,10,10,4,10,10,17,19,4,10,10,10,1,2,4,10,3,3,10,10,5,
10,17,6,8,9,9,10,4,10,11,11,10,4,4,5,6,7,8,9,9,4,10,10,13,16,15,14,12,12,1,2,3,3,
1,2,3,3,4,16,13,14,15,12,5,10,6,7,8,9,9,4,11,11,10,10,10,12,10,10,
1,2,18,
4,4,20,20,3,3,20,1,2,2,4,4,4,4,4,4,4,19,20,
1,2,2,20,3,3,20,4,5,7,6,8,9,9,4,10,10,10,10,10,17,19,10,
1,2,18,
1,2,18,
1,2,18,
1,2,18,
10,10,10,22,12,10,10,15,14,16,13,12,4,10,10,12,10,4,4,12,5,7,6,8,9,9,4,10,10,22,22,4,10,11,11,10,1,2,10,3,3,10,12,10,4,22,22,12,12,10,
1,2,2,20,18,20,
1,2,18,
10,11,11,10,10,10,10,4,4,12,10,10,15,14,16,13,12,4,5,7,6,8,9,9,4,10,1,2,2,20,3,3,20,
1,2,18,
1,2,3,3,10,4,17,19,10,5,6,7,8,9,9,4,
10,10,10,10,10,10,10,10,10,1,2,10,3,3,10,4,10,10,10,5,10,6,7,8,9,9,4,10,10,10,19,17,10,10,10,10,10,
1,2,18,
4,4,4,19,4,1,2,3,3,
1,2,2,20,20,20,18,20,
1,2,2,20,18,20,
1,2,18,
18,4,1,2,3,3,4,
1,2,2,20,18,20,
1,2,18,
4,4,4,4,1,2,2,4,4,4,20,18,4,3,3,20,4,4,4,4,
1,2,2,20,18,20,
10,10,11,11,10,10,10,10,10,12,10,10,1,2,3,3,4,10,10,10,5,10,15,14,16,13,12,6,7,8,9,9,4,10,
1,2,18,
4,5,21,18,12,6,7,8,9,9,4,10,10,10,11,11,10,1,2,3,3,12,
4,4,4,4,20,4,3,3,20,18,4,4,1,2,2,4,
1,2,2,20,18,20,
22,22,22,22,22,22,10,11,11,10,4,12,12,12,1,2,22,22,22,3,3,16,15,13,14,12,22,4,4,5,22,22,22,7,6,8,9,9,4,22,22,22,22,22,12,22,12,12,
18,4,4,4,1,2,2,20,4,4,4,4,3,3,20,4,4,4,
1,2,18,
4,4,18,4,1,2,3,3,4,4,4,4,4,4,4,
18,4,1,2,3,3,4,
1,2,18,
20,18,20,1,2,2,
4,1,2,2,20,3,3,20,4,4,4,4,4,4,4,4,4,4,4,4,4,4,4,4,4,18,4,4,4,4,
18,20,1,2,2,20,
7,6,8,9,9,4,10,17,6,8,9,9,10,12,12,20,12,1,2,2,20,10,11,11,10,6,17,8,9,9,12,22,16,14,13,15,22,12,22,10,22,22,22,10,20,3,3,20,4,22,22,22,22,22,5,
1,2,18,
1,2,18,
1,2,18,
20,3,3,20,4,18,4,1,2,2,
1,2,18,
1,2,18,
1,2,18,
4,10,10,5,10,10,6,7,8,9,9,4,10,10,10,11,11,10,10,10,12,10,10,10,1,2,2,10,12,12,10,10,18,21,12,20,3,3,20,
1,2,18,
1,2,2,20,4,10,4,3,3,20,10,10,4,10,4,4,5,6,7,8,9,9,4,10,19,17,10,10,10,10,10,
1,2,18,
1,2,18,
1,2,18,
4,4,4,4,4,4,4,4,4,4,4,1,2,3,3,4,19,4,4,4,4,4,4,4,
1,2,18,
1,2,18,
23,23,1,2,2,23,18,23,
10,10,12,1,2,12,3,3,4,12,10,11,11,10,10,10,15,14,16,13,12,5,4,4,6,7,8,9,9,4,10,10,
1,2,18,
10,10,1,2,3,3,4,5,7,6,8,9,9,4,10,10,17,6,8,9,9,10,10,10,10,10,10,10,19,17,10,10,
1,2,2,20,18,20,
1,2,2,23,23,23,18,23,
1,2,18,
6,17,8,9,9,10,4,4,10,10,10,10,10,10,1,2,2,10,10,15,13,14,16,10,12,11,11,10,4,4,12,5,7,6,8,9,9,4,10,10,12,12,10,12,12,10,12,10,10,10,10,10,17,6,8,9,9,10,12,20,10,3,3,20,10,22,22,22,22,22,4,22,22,10,12,
10,10,10,10,1,2,3,3,10,10,4,10,10,10,10,10,4,10,4,17,19,10,5,10,10,10,10,4,4,6,7,8,9,9,4,10,10,
7,6,8,9,9,4,10,10,10,17,19,10,10,10,10,10,10,10,10,10,1,2,3,3,10,4,10,4,4,5,
4,4,20,3,3,20,4,4,4,4,4,4,4,4,1,2,2,4,19,4,4,4,4,4,
1,2,18,
20,18,20,1,2,2,
1,2,18,
6,7,8,9,9,4,10,19,17,10,20,3,3,20,4,4,4,1,2,2,5,
7,6,8,9,9,4,10,10,10,10,10,10,1,2,3,3,4,4,10,10,10,10,10,10,10,4,4,10,4,4,4,10,4,4,4,10,4,10,10,10,5,19,17,10,
10,10,10,1,2,3,3,10,4,4,10,10,10,10,10,10,19,17,10,4,4,10,10,10,10,10,10,4,5,6,7,8,9,9,4,10,10,10,
1,2,18,
4,4,1,2,3,3,4,4,4,4,4,4,4,4,4,19,4,4,4,
22,22,22,12,4,4,4,22,22,4,22,22,22,5,1,2,2,4,10,22,22,10,7,6,8,9,9,4,10,11,11,4,10,10,10,20,22,22,22,12,12,22,22,20,4,22,22,10,22,22,22,22,10,4,22,22,22,22,22,22,12,15,13,14,16,12,4,20,3,3,20,
1,2,18,
4,4,10,19,17,10,1,2,2,20,3,3,20,4,5,7,6,8,9,9,4,
1,2,18,
1,2,18,
17,19,10,1,2,10,3,3,10,10,10,10,10,10,10,10,10,10,10,10,4,4,4,10,4,10,4,5,10,6,7,8,9,9,4,10,10,10,
1,2,18,
1,2,18,
5,10,6,7,8,9,9,4,10,10,10,10,10,10,10,10,10,10,10,10,1,2,3,3,10,10,17,19,10,10,10,10,4,10,
20,18,20,1,2,2,
1,2,2,4,4,4,4,4,18,4,20,3,3,20,
18,20,1,2,2,20,
1,2,18,
1,2,2,20,3,3,20,4,12,5,7,6,8,9,9,4,10,11,11,10,15,13,16,14,12,10,6,17,8,9,9,10,
22,22,22,12,22,22,22,22,22,22,22,4,4,22,22,4,22,22,22,17,6,8,9,9,22,22,22,22,4,12,12,20,22,5,22,22,1,2,2,22,6,7,8,9,9,4,22,10,22,22,10,22,22,3,3,20,22,22,22,22,4,4,6,17,8,9,9,12,22,15,13,16,14,22,22,22,22,4,4,22,10,11,11,10,10,10,22,4,22,12,22,22,22,22,22,22,22,22,22,11,11,22,
4,4,12,5,6,7,8,9,9,4,12,12,12,12,22,22,10,11,11,10,18,21,12,10,20,10,10,1,2,2,17,6,8,9,9,10,10,20,20,10,10,12,10,3,3,20,22,22,22,4,
20,1,2,2,18,20,
1,2,2,20,18,20,
20,18,20,1,2,2,
1,2,3,3,4,19,4,
1,2,18,
1,2,3,3,4,4,4,19,4,
1,2,2,20,3,3,20,4,12,22,12,22,4,4,12,5,6,7,8,9,9,4,10,10,22,22,15,13,14,16,12,10,22,10,12,12,10,11,11,10,12,12,12,12,10,12,17,6,8,9,9,10,
1,2,18,
20,1,2,2,20,20,18,20,
10,5,10,10,10,7,6,8,9,9,4,10,10,10,10,1,2,10,3,3,10,10,10,10,10,10,10,17,19,10,10,10,10,10,10,4,10,
1,2,2,20,18,20,
1,2,18,
1,2,18,
10,10,1,2,3,3,4,5,10,7,6,8,9,9,4,11,11,10,12,10,19,17,12,10,10,10,10,10,
1,2,18,
4,4,1,2,3,3,4,4,4,19,4,
10,6,17,8,9,9,10,10,10,10,10,17,6,8,9,9,12,22,22,4,12,1,2,3,3,5,22,22,22,22,22,22,7,6,8,9,9,4,15,14,16,13,12,22,11,11,22,22,22,22,22,22,22,22,22,10,11,11,10,10,22,22,10,12,
1,2,18,
20,22,22,3,3,20,4,4,10,4,10,10,7,6,8,9,9,4,10,10,10,10,10,22,22,22,10,10,22,10,10,22,10,11,11,10,22,22,10,10,10,6,17,8,9,9,10,4,4,4,4,10,10,10,21,18,22,5,10,10,10,10,10,10,10,12,1,2,2,12,12,
1,2,18,
4,10,10,4,12,10,22,22,1,2,3,3,4,4,4,10,10,22,12,12,22,4,4,10,22,22,22,12,10,12,22,12,4,4,4,22,12,10,10,4,4,10,6,17,8,9,9,10,10,12,22,10,10,11,11,10,5,10,22,21,18,12,4,6,7,8,9,9,4,
1,2,18,
1,2,2,20,18,20,
1,2,18,
1,2,18,
1,2,18,
4,4,4,4,10,10,1,2,3,3,4,10,10,4,4,19,17,10,5,7,6,8,9,9,4,10,10,
10,22,22,17,19,22,10,10,12,12,22,22,4,22,10,20,4,22,22,12,12,22,3,3,20,10,4,4,4,5,12,12,6,7,8,9,9,4,10,10,12,10,10,12,12,10,10,1,2,2,12,12,22,22,12,4,4,10,11,11,
1,2,18,
4,4,18,4,4,1,2,3,3,
10,10,1,2,3,3,12,12,12,10,22,22,22,10,6,17,8,9,9,10,10,10,10,18,21,12,12,10,10,10,11,11,10,22,22,10,4,10,22,5,22,10,10,10,10,7,6,8,9,9,4,10,10,10,10,10,10,
1,2,3,3,4,18,4,
1,2,2,4,20,4,3,3,20,4,4,19,4,4,4,
1,2,3,3,4,4,4,5,6,7,8,9,9,4,12,10,11,11,10,10,10,4,4,15,16,14,13,12,
1,2,18,
1,2,18,
1,2,18,
4,4,4,4,4,4,4,19,4,4,4,4,4,4,4,4,4,4,1,2,3,3,4,4,4,4,4,
4,4,4,4,4,4,4,4,4,4,4,4,4,4,4,4,4,4,1,2,2,20,19,4,3,3,20,4,4,4,4,
22,12,12,12,22,12,22,10,22,22,10,10,10,10,4,10,11,11,10,16,15,13,14,22,10,4,10,1,2,12,3,3,22,4,10,22,5,10,10,7,6,8,9,9,4,
4,4,4,4,4,4,4,4,4,4,4,4,4,4,4,4,4,4,19,4,4,4,4,4,1,2,3,3,
1,2,3,3,4,5,6,7,8,9,9,4,10,11,11,10,12,12,12,15,16,14,13,12,
4,18,4,1,2,3,3,4,4,
4,1,2,3,3,18,4,
4,18,4,1,2,3,3,
7,6,8,9,9,4,10,10,10,10,10,10,10,10,10,10,10,10,10,10,10,10,17,6,8,9,9,10,10,10,10,10,10,10,10,10,10,10,10,10,10,10,10,10,10,10,10,10,17,19,10,10,10,10,10,10,10,1,2,3,3,4,10,5,
3,3,12,12,12,4,4,18,21,12,4,4,4,5,10,11,11,10,6,7,8,9,9,4,1,2,
1,2,3,3,4,5,7,6,8,9,9,4,10,10,10,10,11,11,10,10,12,15,13,14,16,12,10,10,
1,2,2,23,23,23,18,23,
1,2,2,20,3,3,20,4,4,4,18,4,
1,2,18,
11,11,10,21,18,12,1,2,4,4,3,3,10,10,10,4,4,10,10,10,12,4,5,7,6,8,9,9,4,10,
1,2,2,4,20,3,3,20,4,4,19,4,
10,10,10,10,10,10,10,10,1,2,2,10,20,10,10,10,10,3,3,20,4,10,10,17,19,10,5,6,7,8,9,9,4,10,
20,18,20,1,2,2,
1,2,18,
1,2,2,20,18,20,
1,2,18,
1,2,3,3,10,10,12,14,15,13,16,12,4,12,10,10,10,10,5,10,10,10,10,11,11,10,10,6,7,8,9,9,4,12,
4,4,1,2,3,3,4,4,4,4,4,4,4,4,19,4,4,4,
4,1,2,18,4,3,3,
1,2,18,
18,21,12,1,2,3,3,4,12,5,6,7,8,9,9,4,22,22,22,12,12,10,11,11,10,12,12,12,
10,4,10,4,4,10,10,17,19,10,10,10,10,4,4,4,4,4,4,10,1,2,2,10,5,20,7,6,8,9,9,4,3,3,20,4,4,10,10,4,4,
10,1,2,19,17,10,3,3,4,5,6,7,8,9,9,4,
1,2,18,
1,2,18,
10,10,10,10,10,10,10,10,10,10,10,10,10,10,10,10,10,4,4,4,4,4,10,1,2,3,3,5,10,19,17,10,6,7,8,9,9,4,10,4,4,
4,4,4,4,4,4,4,20,4,4,3,3,20,4,4,4,4,1,2,2,4,19,4,4,4,4,4,4,4,
10,10,10,4,4,10,1,2,3,3,5,7,6,8,9,9,4,10,10,10,10,17,19,10,10,10,4,
10,18,21,10,1,2,2,20,3,3,20,4,5,6,7,8,9,9,4,
1,2,2,20,18,20,
1,2,2,20,18,20,
12,12,12,12,12,10,11,11,10,4,12,12,12,4,4,21,18,12,4,4,4,4,12,4,4,4,10,10,4,4,4,4,10,10,1,2,3,3,4,10,5,10,7,6,8,9,9,4,10,10,
4,1,2,2,18,4,20,20,20,3,3,20,
10,10,10,10,4,4,10,10,10,10,4,4,4,4,4,4,10,17,19,4,10,5,1,2,10,3,3,6,7,8,9,9,4,
4,4,5,22,12,22,6,7,8,9,9,4,22,22,22,22,6,17,8,9,9,12,22,22,22,10,10,11,11,10,21,18,22,10,22,22,22,1,2,22,3,3,4,
12,10,11,11,10,1,2,2,20,3,3,20,14,13,16,15,12,4,5,7,6,8,9,9,4,
20,18,20,1,2,2,
10,10,10,10,20,10,3,3,20,10,4,1,2,2,4,4,4,10,17,19,10,4,10,10,5,10,10,7,6,8,9,9,4,10,10,10,10,10,10,10,10,10,10,
20,18,20,1,2,2,
10,11,11,10,1,2,3,3,4,5,7,6,8,9,9,4,10,10,12,15,16,14,13,12,
1,2,18,
1,2,3,3,4,18,4,
12,12,1,2,3,3,4,22,22,12,12,22,4,4,12,15,13,14,16,12,22,12,5,6,7,8,9,9,4,12,22,22,22,12,10,11,11,10,12,12,22,22,22,22,22,12,22,22,
1,2,3,3,4,19,4,
1,2,3,3,4,18,4,
12,1,2,2,15,14,13,16,22,12,20,12,20,22,12,10,20,11,11,10,3,3,20,22,22,22,22,22,4,10,4,4,22,22,22,12,12,4,4,5,7,6,8,9,9,4,10,12,12,12,12,
1,2,18,
4,1,2,18,4,3,3,4,4,
10,10,10,1,2,3,3,4,4,10,4,4,10,10,4,4,4,4,4,4,10,17,19,4,10,4,4,5,7,6,8,9,9,4,10,
1,2,3,3,10,11,11,10,10,10,4,4,4,5,7,6,8,9,9,4,10,12,17,6,8,9,9,10,10,10,4,4,6,17,8,9,9,12,22,13,14,15,16,10,22,10,
1,2,18,
1,2,18,
10,19,17,10,4,5,6,7,8,9,9,4,10,10,10,6,17,8,9,9,10,1,2,3,3,
4,4,4,18,4,1,2,3,3,
20,3,3,20,4,18,4,1,2,2,
1,2,18,
1,2,2,23,23,23,23,23,18,23,
20,18,20,1,2,2,
3,3,10,10,4,5,10,10,10,7,6,8,9,9,4,17,6,8,9,9,10,10,11,11,10,10,10,10,12,10,12,12,12,12,21,18,12,1,2,
1,2,2,20,18,20,
4,18,4,1,2,3,3,
22,22,22,22,22,10,12,12,19,17,22,22,4,22,22,22,22,22,22,5,10,22,22,22,4,4,22,7,6,8,9,9,4,10,12,11,11,10,10,10,22,22,22,22,6,17,8,9,9,22,22,22,22,22,22,1,2,3,3,22,22,22,22,22,
19,4,4,1,2,3,3,4,4,4,4,4,4,
4,4,4,5,4,7,6,8,9,9,4,10,10,1,2,3,3,10,19,17,10,4,
1,2,2,20,3,3,20,4,18,4,
20,1,2,2,18,20,
10,6,17,8,9,9,10,10,22,22,22,22,12,10,12,18,21,12,22,22,12,4,5,22,22,22,22,6,7,8,9,9,4,12,12,10,11,11,10,22,22,22,10,10,12,10,10,22,22,1,2,12,3,3,12,
10,10,1,2,10,10,3,3,4,10,10,10,10,4,4,5,10,10,10,7,6,8,9,9,4,10,10,10,10,10,10,19,17,
1,2,2,20,18,20,
1,2,2,20,18,20,
1,2,2,20,18,20,
12,12,12,12,12,12,12,10,11,11,10,15,13,14,16,12,12,10,10,10,10,1,2,10,3,3,4,10,10,10,12,12,5,6,7,8,9,9,4,10,12,12,10,22,22,10,22,10,10,10,12,12,
1,2,18,
4,4,4,10,18,21,12,10,10,1,2,3,3,4,4,10,11,11,10,4,10,5,17,6,8,9,9,10,7,6,8,9,9,4,12,10,10,10,4,4,10,4,10,
20,18,20,1,2,2,
10,5,4,10,4,22,7,6,8,9,9,4,1,2,3,3,10,10,22,22,10,11,11,10,12,12,4,4,22,4,4,22,4,12,4,10,10,22,14,15,16,13,22,22,22,22,4,
10,10,4,10,17,19,10,1,2,3,3,4,4,4,4,4,4,5,6,7,8,9,9,4,10,6,17,8,9,9,10,
4,4,12,12,10,11,11,10,12,12,12,22,22,22,22,22,1,2,3,3,4,22,22,22,22,5,4,4,6,7,8,9,9,4,10,10,15,13,14,16,10,12,10,10,12,10,
4,18,4,1,2,3,3,
1,2,2,20,18,20,
1,2,18,
1,2,18,
4,4,4,4,10,4,10,10,19,17,10,1,2,3,3,5,7,6,8,9,9,4,10,10,
1,2,18,
4,4,4,4,4,19,4,1,2,3,3,
10,10,10,10,10,4,10,10,10,5,10,7,6,8,9,9,4,10,10,10,10,10,10,10,17,19,10,10,1,2,2,20,10,10,3,3,20,10,
4,4,10,17,19,10,10,10,4,10,5,10,7,6,8,9,9,4,1,2,2,20,3,3,20,
4,4,4,4,4,4,19,4,4,4,1,2,3,3,
1,2,3,3,4,4,19,4,4,4,4,4,4,4,
10,10,10,10,10,20,20,20,3,3,20,10,4,4,4,4,4,4,10,10,10,10,4,10,4,10,10,10,10,10,10,10,1,2,2,4,17,19,10,20,20,10,10,5,7,6,8,9,9,4,10,10,10,10,
7,6,8,9,9,4,10,10,10,10,10,10,10,10,17,19,10,1,2,10,3,3,4,10,4,4,5,
1,2,18,
4,4,4,4,1,2,3,3,4,4,4,4,4,4,19,4,4,4,4,4,4,4,
1,2,18,
1,2,18,
14,15,16,13,12,10,10,10,10,10,11,11,10,1,2,2,20,3,3,20,4,5,6,7,8,9,9,4,12,10,10,
22,1,2,10,3,3,4,10,12,5,22,7,6,8,9,9,4,12,12,22,22,22,10,22,22,22,12,10,10,10,10,10,22,12,12,10,10,12,10,11,11,10,15,14,13,16,12,22,22,22,22,22,
1,2,18,
20,4,3,3,20,5,6,7,8,9,9,4,10,10,10,10,10,10,17,19,10,1,2,2,10,10,
4,4,5,10,10,10,20,6,7,8,9,9,4,10,10,3,3,20,10,10,10,18,21,10,20,20,4,4,10,10,4,10,1,2,2,4,4,
22,22,12,22,10,12,10,15,13,14,16,12,12,12,12,12,10,11,11,10,4,5,1,2,12,12,3,3,6,7,8,9,9,4,22,22,
1,2,2,20,18,20,
1,2,2,20,18,20,
4,4,18,4,20,1,2,2,3,3,20,4,4,4,4,4,
12,10,11,11,10,10,10,1,2,3,3,4,5,6,7,8,9,9,4,10,10,10,10,15,13,14,16,12,10,10,
1,2,18,
10,11,11,10,15,13,14,16,12,1,2,3,3,4,10,12,17,6,8,9,9,10,10,10,12,12,4,4,5,7,6,8,9,9,4,
22,22,22,22,22,22,22,12,12,22,22,22,22,22,17,6,8,9,9,22,22,10,10,20,3,3,20,12,12,12,4,12,12,10,22,11,11,22,10,5,22,22,6,7,8,9,9,4,12,22,22,12,22,10,22,11,11,10,22,22,22,22,22,22,22,22,1,2,2,22,22,22,22,22,22,12,16,15,13,14,12,
10,10,17,6,8,9,9,12,22,1,2,3,3,15,16,14,13,22,4,10,11,11,10,10,10,10,10,10,5,4,4,7,6,8,9,9,4,10,10,10,12,6,17,8,9,9,10,10,
1,2,18,
4,4,4,1,2,3,3,4,4,4,4,19,4,
1,2,18,
1,2,2,20,18,20,
10,11,11,10,6,7,8,9,9,4,10,10,10,12,10,22,22,22,22,22,12,12,16,14,15,13,22,1,2,3,3,4,5,
10,10,10,5,1,2,7,6,8,9,9,4,3,3,10,10,10,10,10,10,10,10,10,10,10,10,10,17,6,8,9,9,10,10,10,4,4,10,19,17,4,4,4,4,4,10,10,10,10,10,10,10,
4,10,10,4,10,10,10,10,10,10,10,10,10,10,4,4,4,4,4,4,10,4,10,10,17,19,1,2,2,4,20,4,20,10,4,4,4,5,4,20,10,7,6,8,9,9,4,3,3,20,
22,3,3,20,12,12,12,22,22,22,1,2,2,22,22,22,22,22,10,22,22,12,12,12,22,22,10,22,10,10,22,10,22,11,11,10,22,12,22,22,4,4,5,22,22,6,7,8,9,9,4,4,22,22,22,15,13,14,16,22,22,22,22,22,22,22,22,12,12,20,22,22,
1,2,18,
4,4,1,2,3,3,4,19,4,4,4,
4,4,4,4,18,4,4,4,4,4,4,4,4,4,4,1,2,3,3,
4,4,4,18,4,4,4,4,4,4,4,4,4,4,4,4,4,1,2,3,3,4,4,
4,4,4,4,4,4,4,4,4,4,4,4,4,4,4,4,4,4,4,4,19,4,4,4,4,4,4,4,4,4,1,2,3,3,
1,2,18,
4,4,4,4,10,12,12,12,12,22,22,12,4,22,22,5,10,22,7,6,8,9,9,4,22,10,12,17,6,8,9,9,10,22,10,4,4,10,22,12,10,12,22,10,22,12,12,10,11,11,10,22,22,12,12,12,1,2,22,3,3,22,12,12,22,12,22,22,6,17,8,9,9,12,12,4,22,4,4,14,15,13,16,22,4,12,22,4,4,22,
4,4,4,4,4,4,4,4,4,4,4,4,4,4,4,19,4,1,2,3,3,
1,2,18,
4,10,5,10,10,10,7,6,8,9,9,4,10,10,10,10,10,17,6,8,9,9,10,1,2,10,3,3,10,19,17,10,10,10,
1,2,18,
22,22,22,10,10,10,10,10,10,17,19,22,22,22,22,22,22,22,12,22,22,12,22,4,22,22,1,2,3,3,10,10,10,10,10,10,5,6,17,8,9,9,22,22,7,6,8,9,9,4,10,10,11,11,10,22,22,22,12,10,10,12,10,12,12,22,22,22,22,10,12,12,22,10,10,10,12,12,
1,2,18,
12,12,22,22,22,22,10,11,11,10,12,12,12,10,10,12,12,22,21,18,12,10,10,4,10,5,10,1,2,3,3,10,10,22,6,7,8,9,9,4,10,22,22,22,22,6,17,8,9,9,10,22,12,10,10,10,10,
10,11,11,10,4,15,13,16,14,12,4,4,5,7,6,8,9,9,4,10,10,4,4,10,10,10,10,10,10,12,4,4,1,2,3,3,
20,18,20,1,2,2,
10,10,10,4,4,10,4,10,10,5,7,6,8,9,9,4,10,10,10,10,1,2,3,3,10,10,10,19,17,10,10,4,4,10,10,10,10,10,10,
12,12,22,22,22,22,12,4,20,22,3,3,20,22,5,22,12,12,13,14,15,16,12,10,7,6,8,9,9,4,10,22,12,10,11,11,10,22,10,10,12,22,10,12,10,10,22,10,22,22,22,22,22,12,22,12,12,22,22,22,22,22,22,22,22,22,22,22,12,1,2,2,22,22,22,12,22,12,22,12,12,22,22,22,4,22,22,12,4,4,4,22,22,
1,2,18,
1,2,3,3,4,10,10,10,10,4,10,10,10,10,10,5,10,10,10,7,6,8,9,9,4,10,10,10,10,4,10,10,6,17,8,9,9,10,4,10,19,17,10,4,
1,2,18,
1,2,2,20,18,20,
1,2,3,3,19,4,4,4,
1,2,18,
10,10,10,1,2,2,19,17,10,20,3,3,20,10,10,4,5,7,6,8,9,9,4,10,10,4,4,
5,7,6,8,9,9,4,10,10,15,14,13,16,12,1,2,3,3,4,12,10,11,11,10,
4,4,4,4,4,4,20,4,3,3,20,4,4,4,4,1,2,2,4,4,4,4,4,4,4,4,4,4,4,4,4,4,4,4,4,4,4,4,4,4,4,4,4,19,4,4,4,4,4,4,4,4,4,4,4,
1,2,18,
10,4,17,19,10,5,7,6,8,9,9,4,10,17,6,8,9,9,10,10,10,1,2,3,3,4,4,
10,4,4,10,4,11,11,10,4,12,1,2,3,3,22,13,14,16,15,12,4,4,22,4,10,10,5,6,7,8,9,9,4,4,4,12,12,10,10,22,22,22,12,22,22,10,10,10,
10,10,12,10,10,10,10,10,4,10,10,10,4,4,4,4,17,6,8,9,9,10,4,4,5,20,10,3,3,20,17,6,8,9,9,10,10,6,7,8,9,9,4,10,10,17,6,8,9,9,10,10,10,10,11,11,10,12,10,10,10,10,12,1,2,2,10,10,15,13,16,14,12,10,10,10,10,10,
22,10,22,22,10,22,10,1,2,22,3,3,22,12,22,22,12,22,15,16,14,13,12,22,12,12,10,11,11,10,4,12,23,23,22,23,12,12,22,5,22,22,22,6,7,8,9,9,4,10,
1,2,18,
1,2,18,
10,4,10,10,4,10,10,10,10,10,10,10,4,5,1,2,3,3,6,7,8,9,9,4,10,10,10,10,10,10,4,19,10,17,10,10,4,10,10,10,10,
10,10,10,10,4,4,4,4,4,4,4,10,4,10,4,4,4,4,4,4,4,10,4,10,10,4,10,10,10,5,10,10,1,2,3,3,6,7,8,9,9,4,10,4,4,4,10,4,10,10,10,4,4,10,19,17,10,
10,4,4,10,10,4,10,4,5,4,7,6,8,9,9,4,10,10,20,3,3,20,4,4,10,12,11,11,10,1,2,2,10,10,10,21,18,12,10,4,4,4,4,
10,4,5,4,4,6,7,8,9,9,4,10,10,10,10,10,10,10,10,1,2,3,3,10,19,17,10,10,
5,12,7,6,8,9,9,4,10,10,4,4,10,10,10,10,10,10,15,13,14,16,12,4,4,10,11,11,10,1,2,3,3,4,
10,10,12,10,10,10,10,11,11,10,10,4,5,12,6,7,8,9,9,4,14,15,16,13,12,10,1,2,3,3,12,10,10,10,
1,2,18,
22,22,10,10,22,15,13,14,16,12,4,22,12,12,22,22,22,6,7,8,9,9,4,22,22,22,22,4,22,10,5,11,11,10,12,4,22,22,1,2,22,22,3,3,22,22,22,12,
1,2,18,
10,4,4,12,10,5,10,12,7,6,8,9,9,4,12,10,10,20,10,10,10,4,12,10,10,12,3,3,20,10,10,10,10,10,13,15,14,16,12,1,2,2,10,11,11,10,10,
1,2,18,
6,7,8,9,9,4,3,3,17,19,10,4,4,4,4,4,5,10,1,2,
1,2,18,
20,18,20,1,2,2,
10,10,10,10,10,10,10,10,10,19,17,10,1,2,3,3,10,10,4,5,7,6,8,9,9,4,10,10,
20,18,20,1,2,2,
1,2,18,
1,2,18,
19,17,10,10,1,2,2,10,20,3,3,20,4,5,6,7,8,9,9,4,4,4,10,
20,18,20,1,2,2,
4,4,18,4,20,3,3,20,1,2,2,4,
1,2,18,
1,2,2,20,20,20,18,20,
15,14,16,13,22,22,1,2,3,3,4,5,7,6,8,9,9,4,22,12,12,12,22,22,4,4,22,4,22,22,22,22,10,4,4,11,11,10,4,
10,10,10,10,17,19,10,1,2,2,4,4,4,20,5,3,3,20,6,7,8,9,9,4,10,6,17,8,9,9,10,10,
4,4,1,2,2,4,4,4,20,3,3,20,18,4,
1,2,2,20,18,20,
20,18,20,1,2,2,
1,2,2,20,18,20,
1,2,2,20,18,20,
1,2,2,20,18,20,
10,20,3,3,20,10,12,5,7,6,8,9,9,4,1,2,2,10,6,17,8,9,9,10,10,10,21,18,12,4,4,10,10,11,11,10,10,10,10,10,10,10,10,10,4,10,
20,18,20,1,2,2,
20,18,20,1,2,2,
1,2,2,4,20,3,3,20,4,4,4,4,18,4,
4,1,2,2,19,4,20,3,3,20,
4,4,4,4,4,4,18,4,4,4,4,4,20,3,3,20,4,4,4,4,4,4,4,4,1,2,2,4,4,4,4,4,4,4,
1,2,18,
1,2,18,
10,10,17,6,8,9,9,10,10,5,6,7,8,9,9,4,10,18,21,10,10,10,10,10,6,17,8,9,9,10,10,1,2,3,3,4,
1,2,2,20,18,20,
1,2,3,3,4,4,4,19,4,
1,2,3,3,4,19,4,
1,2,3,3,4,4,4,19,4,
4,10,4,10,10,10,4,10,10,10,5,12,10,10,6,7,8,9,9,4,10,10,17,6,8,9,9,10,1,2,3,3,10,10,22,22,10,22,10,10,11,11,10,19,17,22,12,12,12,12,12,10,12,10,
1,2,18,
4,19,4,1,2,3,3,
4,4,1,2,2,4,18,4,20,3,3,20,4,4,
1,2,3,3,4,4,4,18,4,4,4,
1,2,2,20,18,20,
4,4,1,2,2,4,4,19,20,3,3,20,4,
1,2,18,
1,2,2,20,18,20,
1,2,3,3,4,19,4,
4,1,2,3,3,4,18,4,4,4,4,
1,2,18,
4,4,4,4,4,4,20,4,20,20,4,4,3,3,20,4,1,2,2,4,4,4,4,4,4,4,4,4,4,4,4,4,4,19,4,4,4,4,4,4,4,4,4,4,4,4,4,4,4,4,4,4,4,4,4,4,4,4,4,4,4,
1,2,3,3,4,4,4,4,4,19,4,4,4,
10,10,10,10,10,10,1,2,3,3,4,5,7,6,8,9,9,4,10,10,10,10,10,10,10,19,17,
20,18,20,1,2,2,
11,11,10,12,15,14,16,13,12,1,2,3,3,4,5,6,7,8,9,9,4,10,
3,3,4,21,18,12,10,10,5,6,7,8,9,9,4,10,11,11,10,10,12,10,12,10,10,12,1,2,
10,17,6,8,9,9,10,10,10,19,17,10,1,2,3,3,4,5,7,6,8,9,9,4,10,
1,2,18,
4,4,4,4,4,4,4,4,4,4,1,2,3,3,4,19,4,4,4,4,4,4,
20,18,20,1,2,2,
5,10,18,21,12,10,6,7,8,9,9,4,10,10,10,10,10,10,10,10,10,11,11,10,10,10,10,10,1,2,3,3,12,12,4,12,
10,11,11,10,4,5,10,12,10,7,6,8,9,9,4,12,10,10,12,21,18,12,4,4,1,2,3,3,
1,2,18,
10,15,14,13,16,12,11,11,10,10,10,4,1,2,3,3,5,7,6,8,9,9,4,12,10,10,10,10,
7,6,8,9,9,4,10,15,16,14,13,12,10,1,2,3,3,10,10,4,4,10,11,11,10,12,4,5,4,4,
1,2,2,20,18,20,
1,2,18,
12,12,18,21,12,12,12,12,12,12,10,10,1,2,3,3,4,5,6,7,8,9,9,4,10,11,11,10,12,12,
12,12,12,22,22,22,12,12,12,22,10,4,10,4,1,2,3,3,10,22,22,4,10,11,11,10,15,13,14,16,12,22,10,5,6,7,8,9,9,4,
10,10,5,7,6,8,9,9,4,1,2,3,3,4,10,10,10,19,17,10,
1,2,18,
5,6,7,8,9,9,4,10,10,10,6,17,8,9,9,10,10,10,4,10,17,19,10,4,1,2,2,20,4,3,3,20,
1,2,18,
1,2,2,20,18,20,
10,12,10,10,10,10,1,2,3,3,4,15,16,14,13,12,4,4,5,6,7,8,9,9,4,10,11,11,10,10,10,10,10,10,
4,4,4,4,4,4,4,4,4,1,2,3,3,4,4,19,4,4,4,4,4,4,4,4,4,4,
1,2,18,
10,10,10,10,10,11,11,10,12,1,2,3,3,4,4,4,10,5,15,13,14,16,12,6,7,8,9,9,4,10,
1,2,18,
1,2,18,
10,19,17,10,20,3,3,20,1,2,2,4,4,4,20,20,5,7,6,8,9,9,4,10,6,17,8,9,9,10,10,10,
20,18,20,1,2,2,20,20,
1,2,2,20,18,20,
4,4,4,18,4,20,3,3,20,1,2,2,4,4,20,20,4,4,
20,18,20,1,2,2,
1,2,18,
10,10,4,10,4,4,4,4,4,10,10,4,4,4,4,10,10,10,10,10,1,2,2,20,4,10,4,3,3,4,20,4,10,10,4,4,4,4,10,10,10,10,10,10,10,4,10,4,4,4,4,4,4,10,17,19,10,10,10,5,10,4,4,4,4,4,4,6,7,8,9,9,4,10,
22,12,6,7,8,9,9,4,10,10,10,10,22,10,10,6,17,8,9,9,22,22,22,22,10,22,22,22,4,1,2,3,3,4,10,10,10,22,22,22,10,4,4,12,12,22,10,11,11,10,10,10,10,4,10,10,10,12,15,16,14,13,12,10,10,22,22,5,10,11,11,22,
1,2,3,3,4,19,4,
18,4,1,2,3,3,4,
10,7,6,8,9,9,4,10,10,10,10,10,10,10,10,10,10,10,10,10,10,10,10,1,2,3,3,19,10,17,4,10,5,10,10,10,10,10,10,
10,11,11,10,21,18,12,20,12,12,3,3,20,10,4,10,5,6,7,8,9,9,4,10,10,12,1,2,2,12,12,
1,2,18,
1,2,3,3,4,4,4,4,4,19,4,
22,22,6,7,8,9,9,4,10,22,10,1,2,2,12,10,12,22,12,22,10,12,12,22,10,11,11,10,12,20,3,3,20,16,14,15,13,12,22,4,5,
4,4,4,4,4,4,1,2,3,3,4,4,4,4,4,4,4,4,4,4,4,4,4,4,4,4,4,19,4,4,4,4,4,4,
1,2,2,20,18,20,
10,10,4,5,7,6,8,9,9,4,1,2,2,10,19,17,10,20,3,3,20,10,4,10,4,
4,4,4,4,1,2,3,3,4,4,19,4,4,4,4,4,4,4,4,
10,11,11,10,22,22,12,12,22,22,12,22,12,1,2,3,3,14,15,16,13,12,10,10,4,12,10,10,5,6,7,8,9,9,4,12,22,22,
4,4,4,4,1,2,3,3,4,18,4,
10,4,10,10,10,5,10,11,11,10,6,7,8,9,9,4,12,10,10,15,14,16,13,12,1,2,3,3,
4,19,4,4,4,4,4,4,4,20,4,4,3,3,20,4,4,4,1,2,2,4,4,4,
6,7,8,9,9,4,10,1,2,3,3,10,10,10,10,10,10,10,10,10,19,17,4,10,5,
1,2,3,3,4,4,4,19,4,
1,2,2,20,20,18,20,20,
4,5,19,4,1,2,3,3,
1,2,18,
1,2,3,3,4,4,4,4,4,4,4,4,4,4,4,19,4,4,4,4,4,4,4,4,4,
5,10,11,11,10,6,7,8,9,9,4,10,10,1,2,3,3,12,21,18,12,4,
4,4,4,4,4,4,4,1,2,2,4,4,18,4,20,20,4,4,4,4,4,20,4,3,3,20,4,4,4,4,4,4,
4,18,4,1,2,3,3,
1,2,2,20,18,20,
1,2,2,20,18,20,
1,2,2,20,18,20,
1,2,3,3,12,4,4,12,4,4,10,4,10,4,12,10,10,21,18,12,10,5,4,10,7,6,8,9,9,4,10,10,4,4,10,10,10,10,11,11,10,10,
1,2,18,
4,4,4,4,4,4,4,4,4,1,2,2,18,4,20,3,3,20,
1,2,18,
4,10,5,10,7,6,8,9,9,4,10,10,10,1,2,2,10,10,20,3,3,20,10,10,19,17,10,4,10,4,
4,5,6,7,8,9,9,4,10,10,10,17,6,8,9,9,10,10,10,4,4,10,10,10,10,10,10,1,2,3,3,10,10,4,4,10,17,19,4,10,10,10,4,10,
1,2,18,
1,2,2,20,18,20,
1,2,18,
16,15,13,14,12,5,1,2,7,6,8,9,9,4,3,3,10,12,10,10,10,10,4,4,4,10,4,10,11,11,10,4,4,12,4,12,
1,2,3,3,4,19,4,
1,2,18,
1,2,2,20,18,20,
1,2,18,
20,3,3,20,10,10,10,10,22,22,12,12,22,12,22,4,12,10,10,10,10,10,5,10,10,10,10,6,7,8,9,9,4,10,12,10,11,11,10,10,10,22,22,22,12,10,10,1,2,2,15,13,14,16,12,
10,20,3,3,20,10,19,17,10,4,5,6,7,8,9,9,4,10,10,4,4,10,10,1,2,2,4,10,4,10,10,
10,10,10,10,10,10,20,10,4,4,4,3,3,20,5,1,2,2,7,6,8,9,9,4,4,4,10,10,19,17,10,10,
1,2,2,20,18,20,
4,1,2,3,3,19,4,
4,18,4,1,2,3,3,
4,4,4,19,4,1,2,3,3,4,4,
1,2,3,3,4,4,4,19,4,
1,2,18,
1,2,3,3,4,5,6,7,8,9,9,4,10,19,17,10,10,10,
12,10,10,1,2,3,3,21,18,12,10,10,4,10,5,10,7,6,8,9,9,4,10,10,10,11,11,10,
10,12,10,10,4,12,4,12,10,15,16,14,13,12,10,10,1,2,11,11,10,3,3,10,4,4,5,4,7,6,8,9,9,4,
10,1,2,3,3,10,10,10,10,10,10,10,4,4,10,10,10,10,10,17,19,10,4,10,10,5,6,7,8,9,9,4,10,10,
10,10,4,5,1,2,2,4,4,4,4,7,6,8,9,9,4,10,6,17,8,9,9,10,10,10,19,17,10,4,4,10,4,10,10,10,4,4,10,20,4,4,3,3,20,10,10,4,4,4,4,10,10,4,10,4,4,10,10,4,4,10,10,10,10,10,
1,2,18,
10,19,17,10,1,2,3,3,4,4,4,5,10,7,6,8,9,9,4,10,6,17,8,9,9,10,10,10,10,10,10,
1,2,18,
4,20,3,3,20,18,4,4,4,1,2,2,
3,3,14,16,15,13,12,22,10,22,22,22,10,12,10,11,11,10,22,4,12,12,5,12,7,6,8,9,9,4,10,10,10,22,22,10,1,2,
1,2,3,3,4,4,4,18,4,
4,4,4,20,1,2,2,4,4,3,3,20,4,4,4,4,4,4,19,4,4,
20,12,12,3,3,20,4,4,4,4,4,12,12,5,6,7,8,9,9,4,22,22,22,22,22,1,2,2,10,11,11,10,12,12,22,22,22,14,15,13,16,12,10,10,22,
10,4,4,4,10,1,2,3,3,10,17,6,8,9,9,10,10,10,17,19,10,10,4,10,10,10,4,5,7,6,8,9,9,4,10,6,17,8,9,9,10,10,
4,19,4,1,2,3,3,4,4,
1,2,18,
21,18,12,10,10,1,2,3,3,10,10,12,4,10,10,11,11,10,10,5,10,17,6,8,9,9,10,6,7,8,9,9,4,
1,2,18,
4,5,6,7,8,9,9,4,10,10,10,10,16,14,13,15,12,10,11,11,10,12,1,2,3,3,
1,2,18,
1,2,2,20,18,20,
22,4,10,10,22,5,6,7,8,9,9,4,10,10,14,15,13,16,22,10,10,10,10,10,1,2,3,3,10,12,12,22,10,12,22,22,22,22,4,4,10,10,10,10,11,11,10,
1,2,2,20,18,20,
1,2,2,20,18,20,
1,2,2,20,18,20,
4,4,4,1,2,3,3,4,10,4,5,6,7,8,9,9,4,12,10,10,10,10,12,11,11,10,12,15,13,14,16,12,12,22,22,22,22,22,22,22,10,22,10,22,22,4,22,22,22,4,12,12,
1,2,18,
1,2,18,
4,1,2,2,4,19,4,20,3,3,20,4,4,4,
10,10,10,10,10,10,10,10,10,10,4,4,4,1,2,3,3,4,4,10,10,5,7,6,8,9,9,4,10,19,17,4,4,10,10,10,10,4,10,4,10,
20,20,18,20,1,2,2,20,
1,2,18,
4,4,20,20,3,3,20,4,4,4,4,4,4,4,4,1,2,2,4,4,19,20,4,4,4,
19,4,20,3,3,20,4,4,1,2,2,4,
20,10,4,10,10,3,3,20,10,5,10,10,10,10,1,2,2,6,7,8,9,9,4,10,10,19,17,10,
20,18,20,1,2,2,
4,4,10,10,4,4,4,4,20,3,3,20,4,4,4,5,6,7,8,9,9,4,10,10,10,17,19,10,4,10,4,10,10,1,2,2,
1,2,18,
1,2,18,
4,4,4,4,4,4,1,2,2,4,4,20,4,4,4,4,19,3,3,20,4,4,4,4,4,4,4,
10,10,10,10,10,17,19,10,10,10,10,10,4,1,2,2,10,20,3,3,20,4,4,5,6,7,8,9,9,4,10,
1,2,18,
3,3,20,4,4,4,4,4,4,18,4,4,4,4,4,1,2,2,4,4,4,4,4,4,4,20,
10,10,10,10,4,5,7,6,8,9,9,4,10,11,11,10,12,1,2,21,18,12,3,3,10,10,4,4,
20,18,20,1,2,2,
1,2,18,
1,2,18,
16,14,15,13,12,10,10,1,2,3,3,4,5,6,7,8,9,9,4,10,10,10,10,12,10,11,11,10,10,10,
1,2,18,
10,11,11,10,12,10,10,10,10,10,10,1,2,3,3,12,4,4,12,4,5,10,10,6,7,8,9,9,4,10,10,10,10,10,14,15,16,13,12,10,10,10,
1,2,2,20,18,20,
4,18,4,20,20,3,3,20,1,2,2,20,
1,2,18,
1,2,18,
1,2,18,
10,10,22,22,22,12,22,22,22,10,11,11,10,22,22,22,22,12,4,10,5,10,6,7,8,9,9,4,12,12,10,10,15,14,16,13,12,22,1,2,3,3,
1,2,2,20,18,20,
10,10,10,1,2,2,20,10,3,3,20,4,19,17,10,5,10,10,6,7,8,9,9,4,10,10,10,10,10,10,10,10,10,10,10,10,10,
1,2,18,
10,10,12,12,10,11,11,10,15,13,14,16,12,1,2,2,20,3,3,20,10,4,5,6,7,8,9,9,4,10,10,10,10,12,10,
4,4,4,4,4,4,4,4,4,4,19,1,2,3,3,4,4,4,
4,18,4,1,2,3,3,
1,2,3,3,4,18,4,
12,4,10,11,11,10,1,2,3,3,5,10,4,10,10,4,6,7,8,9,9,4,10,15,14,16,13,10,12,10,4,4,4,4,
4,1,2,2,20,4,3,3,20,4,4,4,4,4,4,4,4,4,19,4,4,4,4,
22,22,22,22,12,12,10,11,11,10,22,22,1,2,3,3,4,12,5,22,22,6,7,8,9,9,4,10,22,22,22,22,12,10,22,22,10,22,10,21,18,12,22,22,22,22,22,22,10,10,
1,2,18,
11,11,10,10,10,12,10,10,1,2,4,3,3,5,6,7,8,9,9,4,15,16,14,13,12,10,10,10,
4,4,1,2,2,4,4,4,4,4,20,3,3,20,18,4,
1,2,18,
20,20,20,20,20,19,20,20,1,2,2,
22,22,22,12,4,16,15,13,14,12,1,2,3,3,22,5,22,22,12,12,7,6,8,9,9,4,10,10,10,11,11,10,10,4,4,10,22,22,22,4,4,10,10,10,17,6,8,9,9,10,12,
1,2,18,
5,10,10,11,11,10,10,7,6,8,9,9,4,12,10,10,14,13,15,16,12,1,2,3,3,4,4,4,
20,18,20,1,2,2,
4,1,2,3,3,4,4,4,4,4,4,4,4,4,4,4,4,4,4,19,4,4,
1,2,2,20,18,20,
1,2,18,
1,2,18,
1,2,18,
10,10,10,10,4,4,1,2,4,3,3,10,5,10,10,10,10,4,6,7,8,9,9,4,19,17,10,4,4,4,
1,2,3,3,4,4,4,19,4,
20,18,20,1,2,2,
12,4,10,10,12,22,22,10,5,11,11,10,22,6,7,8,9,9,4,4,22,22,12,12,4,12,22,12,12,12,12,13,15,14,16,12,22,12,22,12,22,1,2,3,3,22,12,22,12,22,22,22,22,22,22,22,
10,10,10,10,5,10,6,7,8,9,9,4,10,4,4,1,2,3,3,10,10,10,10,10,19,17,4,
1,2,18,
1,2,18,
12,22,22,22,13,15,14,16,12,10,11,11,10,12,12,12,22,1,2,10,3,3,4,10,5,22,22,7,6,8,9,9,4,22,12,12,10,10,22,22,
1,2,18,
1,2,2,20,18,20,
1,2,2,20,18,20,
1,2,18,
18,4,1,2,3,3,4,
10,10,10,10,10,10,10,10,10,10,10,10,10,10,10,4,10,10,19,17,5,10,10,10,7,6,8,9,9,4,1,2,3,3,10,10,10,
12,12,10,11,11,10,12,12,12,12,22,22,10,4,10,12,22,4,22,22,4,4,4,22,5,22,13,15,14,16,12,7,6,8,9,9,4,10,22,22,10,22,12,12,1,2,3,3,
7,6,8,9,9,4,10,10,10,22,11,11,10,22,10,22,22,10,22,10,1,2,2,10,12,12,12,22,22,22,22,15,14,16,13,12,20,22,22,22,22,22,22,22,22,3,3,20,4,12,22,22,22,22,5,22,22,
1,2,18,
1,2,18,
4,4,4,10,10,10,10,4,20,4,3,3,20,10,5,10,6,7,8,9,9,4,10,10,4,4,10,10,1,2,2,10,17,19,10,
4,4,4,4,4,4,4,1,2,3,3,4,4,4,5,4,14,15,16,13,12,4,6,7,8,9,9,4,10,10,10,4,10,10,4,10,10,12,12,10,10,10,10,11,11,10,12,4,4,4,
10,10,10,10,12,22,22,22,20,3,3,20,10,11,11,10,4,22,11,11,22,5,17,6,8,9,9,12,6,7,8,9,9,4,12,12,10,22,1,2,2,12,14,15,16,13,12,10,22,22,
10,10,10,10,10,10,10,10,15,16,14,13,12,10,10,10,10,12,1,2,3,3,4,10,10,5,6,7,8,9,9,4,10,11,11,10,
10,10,10,4,10,10,10,10,10,5,10,10,10,7,6,8,9,9,4,10,10,10,10,17,19,10,10,10,1,2,10,3,3,10,4,10,4,
12,10,10,10,12,22,22,22,15,16,14,13,12,22,22,10,10,10,12,12,10,4,10,11,11,10,5,6,7,22,8,9,9,4,22,10,10,10,1,2,3,3,12,12,10,10,
10,11,11,10,4,5,7,6,8,9,9,4,10,10,12,1,2,3,3,13,16,14,15,12,
1,2,2,20,18,20,
18,4,1,2,3,3,4,
1,2,18,
1,2,18,
12,22,22,12,12,10,11,11,10,22,22,12,22,1,2,3,3,22,4,10,4,12,12,10,4,5,13,14,15,16,12,6,7,8,9,9,4,12,12,22,22,22,
20,18,20,1,2,2,
1,2,18,
10,1,2,3,3,12,22,22,22,22,22,22,19,17,22,22,12,12,10,10,4,22,10,10,10,10,10,22,22,22,4,4,5,10,6,7,8,9,9,4,10,10,11,11,10,
1,2,18,
1,2,18,
1,2,18,
1,2,18,
1,2,18,
10,19,17,10,1,2,3,3,4,5,6,7,8,9,9,4,10,10,10,10,
1,2,18,
10,10,10,10,10,10,10,10,1,2,3,3,4,10,17,19,5,7,6,8,9,9,4,10,10,
1,2,18,
1,2,3,3,10,10,10,10,10,10,10,10,4,10,10,10,10,5,6,7,8,9,9,4,10,10,10,10,10,17,19,
1,2,2,20,18,20,
10,10,10,10,1,2,2,20,3,3,20,4,10,10,10,10,4,4,5,7,6,8,9,9,4,10,19,17,10,10,
1,2,18,
1,2,2,20,18,20,
20,18,20,1,2,2,
1,2,3,3,4,10,10,4,10,10,4,5,7,6,8,9,9,4,10,10,10,19,17,10,10,10,10,
1,2,18,
1,2,18,
5,10,7,6,8,9,9,4,10,10,10,10,10,10,10,10,10,10,10,1,2,2,10,10,10,10,10,4,10,10,10,10,19,17,20,10,17,6,8,9,9,10,10,10,3,3,20,
3,3,20,4,18,4,4,4,4,4,4,4,4,1,2,2,4,20,4,4,
1,2,18,
1,2,18,
1,2,18,
4,4,4,5,10,10,10,11,11,10,7,6,8,9,9,4,1,2,3,3,12,21,18,12,
18,20,1,2,2,20,
20,18,20,1,2,2,
20,3,3,20,4,19,4,4,4,1,2,2,
1,2,18,
1,2,18,
1,2,18,
4,1,2,2,20,3,3,20,4,5,7,6,8,9,9,4,4,10,11,11,10,12,15,14,13,16,12,
1,2,2,20,18,20,
1,2,18,
10,10,10,10,10,10,1,2,3,3,4,10,10,4,4,5,10,19,17,6,7,8,9,9,4,10,6,17,8,9,9,10,10,10,10,10,
1,2,2,20,18,20,
1,2,18,
1,2,18,
1,2,2,20,4,3,3,20,19,4,4,4,4,4,4,4,
1,2,2,20,18,20,
1,2,2,20,4,4,3,3,20,4,18,4,
17,19,10,1,2,2,20,3,3,20,4,5,6,7,8,9,9,4,10,
1,2,18,
4,1,2,18,4,3,3,4,4,
1,2,18,
1,2,2,20,18,20,
1,2,18,
10,10,10,10,22,10,22,10,22,10,10,10,10,10,10,12,10,10,10,15,13,14,16,10,10,12,10,10,10,4,10,12,12,10,10,10,10,10,22,10,10,1,2,5,3,3,22,22,22,22,10,10,10,10,22,12,10,7,6,8,9,9,17,6,4,8,9,9,10,22,10,10,22,10,10,10,11,11,10,
4,1,2,3,3,19,4,
1,2,3,3,6,7,8,9,9,4,10,19,17,10,10,10,10,4,10,5,
10,1,2,2,10,4,10,10,10,10,10,4,4,10,10,10,5,10,10,10,6,7,8,9,9,4,10,19,17,10,17,6,8,9,9,10,10,10,20,20,20,3,3,20,
4,1,2,3,3,4,4,19,4,
1,2,18,
1,2,18,
4,1,2,2,20,3,3,20,18,4,
18,4,20,3,3,20,1,2,2,4,
12,4,4,22,22,12,12,22,4,4,4,10,4,4,10,15,14,13,16,12,10,10,5,10,22,6,7,8,9,9,4,22,22,22,10,22,10,22,11,11,10,22,22,22,22,22,22,22,22,22,4,4,22,12,12,22,12,22,22,22,12,12,1,2,3,3,
1,2,2,20,18,20,
4,4,4,4,4,1,2,3,3,4,4,4,4,4,4,4,4,4,4,4,4,4,19,4,4,4,4,4,
12,12,18,21,12,22,12,12,22,10,4,4,10,4,4,4,12,22,22,22,12,1,2,12,3,3,5,4,4,7,6,8,9,9,4,10,10,11,11,10,12,10,10,4,12,10,4,10,4,4,10,12,22,12,12,22,
4,4,4,4,4,20,18,4,1,2,2,3,3,20,
3,3,20,6,7,8,9,9,4,10,10,10,10,10,10,10,10,10,10,10,10,1,2,2,10,4,4,10,10,10,10,10,10,10,17,19,10,10,4,5,10,20,
1,2,18,
4,4,1,2,3,3,4,19,4,
1,2,18,
4,4,4,4,4,4,4,4,4,4,4,4,4,4,4,4,1,2,3,3,4,4,4,4,19,4,
1,2,18,
1,2,18,
4,4,4,4,4,4,4,1,2,3,3,4,4,4,4,4,4,19,4,4,
4,10,4,5,7,6,8,9,9,4,12,10,10,1,2,3,3,15,16,14,13,12,10,10,11,11,10,17,6,8,9,9,10,10,4,
4,4,10,4,10,10,10,5,10,10,6,7,8,9,9,4,10,10,10,10,10,17,19,10,1,2,3,3,4,4,
1,2,2,20,18,20,
10,10,10,10,10,10,10,10,10,1,2,3,3,10,4,10,19,17,4,4,5,6,7,8,9,9,4,
4,4,4,4,4,4,4,4,4,4,4,4,4,4,4,4,4,4,4,4,4,4,4,4,4,4,1,2,2,4,20,4,19,3,3,20,4,4,4,4,4,4,4,4,4,4,4,
1,2,18,
4,4,4,4,4,4,4,4,4,19,4,4,4,4,1,2,4,3,3,4,4,4,4,4,
18,1,2,
1,2,3,3,10,11,11,10,4,12,5,6,7,8,9,9,4,14,15,13,16,12,
1,2,18,
14,16,15,13,12,10,11,11,10,1,2,3,3,10,10,4,5,7,6,8,9,9,4,10,10,12,
1,2,18,
1,2,2,20,18,20,20,20,
20,18,20,1,2,2,
4,4,4,18,4,4,1,2,3,3,4,
1,2,2,20,18,20,
22,22,22,22,22,14,15,13,16,12,22,22,22,12,1,2,12,3,3,4,10,22,22,10,4,4,22,5,22,22,22,12,12,6,7,8,9,9,4,10,22,10,22,10,22,22,22,10,10,11,11,10,22,12,22,12,12,12,12,12,12,22,11,11,22,17,6,8,9,9,22,22,22,22,
1,2,2,20,18,20,
22,22,22,10,22,22,22,10,4,10,10,22,12,5,7,6,8,9,9,4,12,12,12,12,12,12,15,13,16,14,12,10,11,11,10,12,12,10,10,22,22,22,22,22,22,1,2,3,3,10,17,6,8,9,9,10,12,22,22,22,
1,2,18,
7,6,8,9,9,4,10,4,17,6,8,9,9,10,4,4,4,10,10,4,10,4,11,11,10,12,4,4,4,4,12,20,3,3,20,12,4,20,4,4,20,4,10,10,4,4,12,4,4,17,6,8,9,9,12,4,22,4,4,14,15,13,16,22,4,5,4,1,2,2,12,
1,2,2,20,3,3,20,4,10,5,17,19,10,6,7,8,9,9,4,10,10,
1,2,2,20,18,20,
18,4,4,4,4,4,1,2,3,3,4,
1,2,18,
1,2,2,20,20,20,20,20,18,20,
10,21,18,10,1,2,3,3,4,5,6,7,8,9,9,4,
4,4,4,4,4,1,2,2,20,3,3,20,4,4,4,4,4,4,18,4,
4,10,10,10,10,10,10,10,4,4,4,10,4,4,10,10,10,10,10,4,10,1,2,3,3,10,19,17,5,7,6,8,9,9,4,10,10,10,10,
1,2,18,
1,2,3,3,4,18,4,
22,22,22,11,11,22,22,22,12,12,4,4,16,14,13,15,12,4,1,2,3,3,4,4,5,6,7,8,9,9,4,17,6,8,9,9,12,10,11,11,10,22,22,
1,2,2,20,18,20,
1,2,18,
1,2,18,
10,10,12,22,6,17,8,9,9,12,14,13,15,16,12,22,11,11,22,12,12,22,6,17,8,9,9,10,22,10,22,22,22,22,22,10,12,12,12,22,12,12,22,22,22,6,17,8,9,9,22,22,22,12,22,22,22,22,22,22,22,22,22,1,2,3,3,11,11,22,4,22,22,10,11,11,10,12,22,22,10,22,22,10,22,22,5,22,22,22,22,12,22,22,6,7,8,9,9,4,10,22,6,17,8,9,9,10,10,12,22,22,22,
4,4,4,4,4,4,4,4,4,4,4,4,4,4,1,2,3,3,4,4,19,4,4,4,
4,4,4,4,4,4,4,4,4,4,4,4,4,4,4,4,4,1,2,3,3,4,4,19,4,4,4,4,4,4,4,4,
1,2,3,3,10,11,11,10,4,5,7,6,8,9,9,4,12,10,10,4,4,10,10,15,13,16,14,12,
4,4,4,4,4,4,4,4,4,4,4,4,4,4,19,1,2,2,4,20,4,4,3,3,4,20,4,4,4,4,4,
1,2,2,4,4,4,4,20,3,3,20,4,18,4,
3,3,20,4,10,10,1,2,2,5,7,6,8,9,9,4,10,10,10,17,19,10,10,20,
4,5,10,6,7,8,9,9,4,17,19,10,1,2,3,3,10,10,10,10,10,10,10,10,
10,12,10,4,4,4,5,14,13,15,16,12,1,2,12,3,3,22,6,7,8,9,9,4,10,10,22,22,22,10,11,11,10,12,12,22,22,22,
10,11,11,10,1,2,2,20,10,3,3,20,4,12,10,10,10,16,14,13,15,12,4,4,5,6,7,8,9,9,4,10,10,
12,22,22,10,17,6,8,9,9,10,22,22,10,22,10,10,1,2,3,3,22,10,4,22,22,22,22,10,22,22,22,22,12,22,11,11,10,22,4,4,22,22,5,7,6,8,9,9,4,12,22,22,22,22,22,14,15,13,16,12,12,12,12,
4,1,2,3,3,4,10,4,17,19,10,4,4,5,7,6,8,9,9,4,
10,12,6,17,8,9,9,10,12,1,2,3,3,4,5,6,7,8,9,9,4,10,12,17,6,8,9,9,10,10,10,10,10,11,11,10,10,18,21,12,10,10,10,10,
20,20,3,3,20,4,18,4,1,2,2,20,20,20,
10,10,5,6,7,8,9,9,4,10,10,18,21,12,10,10,10,11,11,10,12,12,10,10,12,1,2,2,20,3,3,20,4,10,10,
1,2,2,4,4,4,20,3,3,20,19,4,4,4,4,4,
1,2,3,3,4,19,4,
10,10,12,4,1,2,3,3,5,6,7,8,9,9,4,16,14,13,15,12,10,10,10,11,11,10,10,10,10,10,
16,15,13,14,12,10,1,2,10,3,3,4,5,6,7,8,9,9,4,10,11,11,10,12,
4,4,4,4,4,4,4,5,4,4,4,4,19,4,4,4,4,4,1,2,4,3,3,4,4,4,4,4,4,4,4,4,
1,2,18,
4,4,4,19,4,4,4,4,4,1,2,2,4,4,20,4,3,3,20,4,
10,11,11,10,10,10,4,5,10,6,7,8,9,9,4,10,12,10,1,2,10,3,3,15,14,16,13,12,
4,4,4,20,18,4,3,3,20,1,2,2,
10,6,7,8,9,9,4,1,2,2,10,10,4,10,10,10,10,10,4,4,4,10,17,19,10,4,10,20,4,4,3,3,20,10,10,10,10,10,10,5,
1,2,2,20,18,20,
1,2,18,
1,2,2,20,18,20,
10,10,10,10,1,2,3,3,4,5,6,7,8,9,9,4,10,10,10,10,10,17,19,10,10,10,10,
4,4,23,23,23,4,4,4,4,4,4,4,4,4,4,4,1,2,2,4,4,4,4,4,4,4,4,4,4,4,4,19,4,4,4,23,23,4,23,23,23,20,20,20,20,23,3,3,20,23,
1,2,2,4,18,4,4,4,20,3,3,20,
10,10,10,10,10,4,10,10,10,10,1,2,5,3,3,7,6,8,9,9,4,10,17,6,8,9,9,10,10,10,10,10,10,10,10,10,17,19,10,
1,2,18,
1,2,2,20,18,20,
18,20,1,2,2,20,
4,4,4,23,4,23,23,23,23,4,20,20,20,4,4,4,4,4,4,4,4,4,4,4,4,4,4,1,2,2,4,4,4,4,4,4,4,19,4,4,23,23,23,20,4,4,3,3,20,4,4,4,4,4,
3,3,20,18,4,1,2,2,4,4,4,20,
20,1,2,2,18,20,
1,2,18,
1,2,18,
4,1,2,2,20,4,3,3,20,4,18,4,
1,2,18,
10,11,11,10,12,12,12,12,12,1,2,3,3,15,16,14,13,12,4,5,6,7,8,9,9,4,4,4,
4,4,12,4,5,6,7,8,9,9,4,10,10,1,2,3,3,10,10,10,10,10,10,10,15,16,14,13,12,4,10,4,10,11,11,10,
4,10,10,4,10,10,10,10,4,10,10,10,11,11,10,10,5,7,6,8,9,9,4,10,10,10,10,10,10,10,6,17,8,9,9,10,10,10,10,10,10,12,10,10,10,10,10,4,10,18,21,12,10,10,10,4,4,4,10,10,4,4,1,2,3,3,4,10,4,
3,3,14,16,13,15,12,4,4,12,4,5,7,6,8,9,9,4,10,10,12,10,11,11,10,4,4,12,1,2,
12,12,4,5,22,22,22,22,6,7,8,9,9,4,10,1,2,22,10,3,3,4,22,22,22,22,22,22,22,22,22,22,19,17,22,22,22,22,22,22,22,22,22,22,22,22,22,22,12,22,22,10,11,11,10,22,10,22,10,22,22,22,10,10,22,22,4,12,12,22,22,4,4,
1,2,18,
1,2,18,
1,2,18,
1,2,18,
1,2,18,
4,1,2,4,10,3,3,10,12,12,12,12,12,4,21,18,12,5,6,7,8,9,9,4,10,11,11,10,10,4,4,10,
1,2,2,20,18,20,
4,4,4,4,4,10,4,19,17,10,1,2,2,10,10,20,3,3,20,4,4,4,4,4,5,4,4,6,7,8,9,9,4,10,6,17,8,9,9,10,
1,2,2,20,18,20,
1,2,18,
1,2,2,20,18,20,
10,11,11,10,10,12,10,10,10,10,4,4,10,10,10,10,12,12,4,4,4,4,4,4,1,4,2,3,3,5,10,10,6,7,8,9,9,4,10,15,13,14,16,12,10,10,
4,4,4,4,4,4,18,4,4,4,4,4,4,4,4,1,2,3,3,4,4,4,5,4,
10,10,1,2,2,20,3,3,20,4,5,10,6,7,8,9,9,4,11,11,10,10,12,10,13,15,16,14,12,10,10,
1,2,18,
12,10,10,10,15,13,14,16,12,12,10,10,1,2,3,3,4,10,10,10,5,10,11,11,10,12,10,10,6,7,8,9,9,4,12,12,12,12,
1,2,2,20,3,3,20,4,18,4,
20,1,2,2,18,20,
12,10,15,16,14,13,12,12,12,12,12,12,12,10,11,11,10,4,12,22,22,22,5,7,6,8,9,9,4,1,2,10,3,3,10,22,22,10,10,12,12,10,
5,10,7,6,8,9,9,4,10,10,10,19,17,10,10,1,2,3,3,4,
1,2,2,20,3,3,20,4,5,6,7,8,9,9,4,10,10,10,10,10,10,10,10,10,10,10,10,10,10,10,10,10,10,10,10,10,19,17,
12,10,5,10,11,11,10,22,6,7,8,9,9,4,10,1,2,2,10,18,21,22,12,12,20,3,3,20,4,4,4,10,
10,10,10,10,5,1,2,2,10,7,6,8,9,9,4,10,19,17,10,10,10,17,6,8,9,9,10,10,10,10,10,20,3,3,20,4,10,10,4,4,10,10,
1,2,2,20,18,20,
1,2,18,
10,10,10,10,10,10,10,10,10,4,10,5,10,10,10,10,10,10,10,10,7,6,8,9,9,4,10,10,10,10,10,10,10,10,10,6,17,8,9,9,10,10,10,10,10,10,10,10,17,6,8,9,9,10,4,10,10,4,10,10,4,4,10,10,10,4,4,4,10,4,10,1,2,3,3,10,10,10,17,19,10,10,10,10,10,4,4,4,10,4,4,10,4,
1,2,18,
1,2,2,20,18,20,
10,4,4,22,22,4,4,1,2,10,11,11,10,3,3,17,6,8,9,9,22,22,22,22,22,22,22,22,22,10,4,10,22,5,12,12,7,6,8,9,9,4,22,22,10,12,22,22,17,6,8,9,9,10,22,22,22,22,19,17,22,22,10,12,12,
1,2,18,
12,22,22,1,2,3,3,4,22,22,5,12,12,10,6,7,8,9,9,4,6,17,8,9,9,22,12,23,23,23,23,23,12,12,22,22,22,22,22,10,10,22,12,22,13,15,14,16,12,11,11,22,10,22,22,22,10,11,11,10,22,22,
4,4,1,2,2,4,4,20,3,3,20,4,4,4,4,4,4,18,4,4,4,4,
1,2,18,
1,2,2,20,18,20,
15,14,16,13,12,4,10,4,10,4,4,4,4,12,5,12,12,4,6,7,8,9,9,4,12,4,1,2,3,3,22,22,4,4,10,22,10,4,4,4,4,10,11,11,10,12,4,4,12,4,
1,2,2,20,18,20,
1,2,18,
21,18,12,12,12,22,22,4,4,22,10,22,11,11,10,22,22,22,12,22,22,4,22,22,5,22,22,6,7,8,9,9,4,12,10,10,10,10,22,4,4,22,1,2,3,3,
22,22,12,12,22,12,22,22,22,12,15,16,13,14,12,1,2,3,3,4,12,12,12,5,12,22,22,7,6,8,9,9,4,10,22,22,22,11,11,10,12,12,22,12,12,12,
1,2,18,
1,2,18,
4,4,1,2,2,4,4,4,4,20,4,4,20,4,3,3,20,4,4,4,4,4,4,4,4,4,4,4,4,4,4,4,4,4,19,4,4,4,4,4,4,20,4,
12,12,10,12,10,12,10,10,1,2,6,17,8,9,9,10,3,3,12,12,4,10,10,11,11,10,12,10,4,4,10,12,12,4,4,5,6,7,8,9,9,4,10,10,12,12,10,10,10,12,22,22,12,10,6,17,8,9,9,10,22,16,14,13,15,12,12,10,
1,2,18,
3,3,20,4,4,1,2,2,4,4,4,18,4,4,4,4,4,20,4,4,
22,22,20,22,22,4,10,11,11,10,12,22,12,22,22,12,4,10,12,12,12,10,12,12,12,15,16,14,13,12,4,10,4,20,20,4,10,3,3,20,12,12,5,1,2,2,6,7,8,9,9,4,10,10,12,4,4,4,12,4,4,4,12,
4,20,3,3,20,4,4,4,4,4,4,4,4,4,4,4,19,1,2,2,4,4,4,4,4,
1,2,18,
1,2,18,
4,4,4,4,4,4,4,4,4,4,4,4,1,2,3,3,4,4,4,19,4,4,4,4,
20,20,18,20,1,2,2,20,
5,6,7,8,9,9,4,1,2,2,4,4,10,4,4,10,10,10,10,19,17,10,10,20,10,10,4,3,3,20,
1,2,18,
16,15,13,14,12,10,10,10,11,11,10,1,2,3,3,4,12,5,6,7,8,9,9,4,10,10,
10,10,10,10,10,10,10,10,10,10,10,10,10,6,17,8,9,9,10,10,10,10,10,10,10,4,10,17,19,10,10,10,10,10,5,10,10,1,2,7,6,8,9,9,4,10,3,3,10,10,10,6,17,8,9,9,10,10,10,
12,4,1,2,4,3,3,4,10,10,10,11,11,10,5,18,21,12,6,7,8,9,9,4,
4,5,1,2,3,3,12,6,7,8,9,9,4,4,10,10,12,4,10,17,6,8,9,9,10,22,22,15,13,16,14,12,22,12,12,10,11,11,10,22,12,12,12,22,12,
1,2,18,
10,10,10,10,4,10,4,4,10,10,5,19,17,10,6,7,8,9,9,4,1,2,2,10,10,20,3,3,20,4,4,
12,12,10,12,10,1,2,22,22,3,3,22,22,22,22,14,15,16,13,12,22,22,4,5,7,6,8,9,9,4,10,10,22,12,10,11,11,10,
1,2,18,
4,1,2,2,4,18,4,4,4,20,20,20,3,3,20,4,
1,2,18,
1,2,2,20,18,20,
20,20,20,3,3,20,4,4,4,19,4,1,2,2,
10,11,11,10,10,12,12,22,22,22,1,2,3,3,22,22,22,22,10,4,10,5,6,7,8,9,9,4,4,18,21,22,12,4,10,22,22,
1,2,3,3,4,5,18,4,
20,18,20,1,2,2,
4,10,10,10,10,10,4,10,4,10,10,10,4,10,4,5,7,6,8,9,9,4,4,10,10,10,10,10,10,10,4,1,2,3,3,10,10,10,17,19,4,4,10,
10,10,10,10,10,10,1,2,3,3,4,10,5,10,10,19,17,6,7,8,9,9,4,10,10,10,10,10,10,10,10,
1,2,18,
1,2,2,20,18,20,
1,2,18,
10,1,2,3,3,11,11,10,4,5,7,6,8,9,9,4,12,10,10,18,21,12,
10,12,12,17,6,8,9,9,10,10,5,22,22,12,12,12,7,6,8,9,9,4,10,12,22,10,10,10,11,11,10,10,1,2,3,3,12,12,12,12,10,15,13,14,16,12,10,10,12,12,4,4,4,4,22,22,12,12,12,12,4,
1,2,18,
10,10,19,17,10,10,10,10,10,10,10,1,2,2,20,3,3,20,4,5,7,6,8,9,9,4,10,
1,2,18,
10,5,12,12,10,12,12,6,7,8,9,9,4,12,10,15,16,14,13,12,10,10,10,10,10,10,10,10,10,10,10,10,10,11,11,10,10,10,10,17,6,8,9,9,10,10,1,2,2,20,10,3,3,20,4,10,
10,12,10,10,10,4,4,15,14,16,13,12,10,10,4,5,7,6,8,9,9,4,10,10,10,10,10,11,11,10,4,4,1,2,3,3,10,10,
10,10,10,10,10,10,10,10,10,1,2,10,3,3,4,10,5,10,7,6,8,9,9,4,10,6,17,8,9,9,10,10,10,10,10,10,10,10,10,10,10,10,10,10,19,17,10,10,10,10,10,10,
10,10,4,4,4,5,10,10,7,6,8,9,9,4,10,11,11,10,12,16,15,13,14,1,2,12,3,3,10,10,
1,2,2,20,3,3,20,4,18,4,
4,4,4,4,4,4,4,4,1,2,3,3,4,4,4,4,4,4,4,4,4,4,4,4,4,4,4,4,4,4,19,4,4,4,4,4,
1,2,3,3,4,4,4,4,4,4,4,19,4,
22,1,2,12,3,3,22,4,5,10,10,6,7,8,9,9,4,22,22,22,22,10,11,11,10,22,22,12,12,22,10,22,10,22,22,22,12,22,10,15,13,14,16,12,10,22,12,22,12,12,
10,10,10,10,10,4,10,10,10,4,1,2,3,3,5,6,17,8,9,9,10,10,10,10,6,7,8,9,9,4,10,4,10,10,10,10,10,10,10,17,19,10,4,4,10,
5,10,6,17,8,9,9,10,10,7,6,15,14,13,16,8,9,9,4,10,12,20,3,3,20,1,2,2,20,10,11,11,10,12,20,4,
1,2,18,
20,20,1,2,2,20,20,18,20,20,
1,2,2,20,18,20,
1,2,18,
4,4,10,19,17,10,5,1,2,3,3,7,6,8,9,9,4,10,10,4,4,4,
1,2,18,
4,4,4,4,4,4,4,4,4,4,4,4,19,4,4,4,4,1,2,3,3,4,
4,4,10,10,10,10,4,10,10,6,17,8,9,9,10,10,10,10,10,10,10,10,5,10,6,7,8,9,9,4,10,10,4,10,10,4,10,10,10,10,10,10,10,10,10,10,19,17,10,10,10,10,4,4,4,4,10,10,1,2,3,3,
1,2,18,
1,2,18,
10,10,10,4,10,4,4,5,1,2,2,6,7,8,9,9,4,20,20,3,3,20,10,10,4,10,19,17,4,20,
4,4,4,4,10,10,4,4,4,4,5,6,7,8,9,9,4,10,6,17,8,9,9,10,10,10,10,10,19,17,10,10,1,2,3,3,10,10,4,
20,18,20,1,2,2,
10,10,13,14,16,15,12,10,11,11,10,10,10,1,2,3,3,4,5,7,6,8,9,9,4,10,10,12,
1,2,18,
5,7,6,8,9,9,4,12,12,10,11,11,10,12,12,14,16,13,15,12,22,10,10,22,10,22,22,22,22,22,22,1,2,3,3,10,22,22,22,4,
20,18,20,1,2,2,
1,2,18,
1,2,18,
4,4,4,4,1,2,4,4,3,3,4,4,4,4,19,4,4,4,4,4,4,4,
1,2,18,
1,2,3,3,10,11,11,10,4,5,6,7,8,9,9,4,10,10,10,10,6,17,8,9,9,10,10,10,12,10,10,10,10,10,13,14,16,15,12,
1,2,2,20,18,20,
1,2,18,
1,2,18,
11,11,10,12,22,10,10,22,22,4,4,4,12,4,12,12,22,4,12,20,5,7,6,8,9,9,4,12,3,3,20,10,4,22,22,10,22,1,2,2,4,15,14,13,16,12,10,
1,2,2,20,18,20,
1,2,18,
1,2,2,20,18,20,
12,4,10,11,11,10,5,6,7,8,9,9,4,10,10,15,14,16,13,12,20,3,3,20,1,2,2,
1,2,18,
1,2,3,3,4,4,10,4,11,11,10,4,12,12,12,22,23,23,23,16,14,13,15,22,4,5,7,6,8,9,9,4,10,12,12,10,12,22,10,22,10,
1,2,3,3,10,17,19,10,4,5,6,7,8,9,9,4,
4,4,4,4,4,4,4,4,4,4,10,4,4,4,17,19,10,4,10,10,10,17,6,8,9,9,10,10,4,4,10,10,10,10,10,4,1,2,3,3,4,4,4,4,10,5,10,4,4,6,7,8,9,9,4,10,4,17,6,8,9,9,10,10,4,4,4,10,4,4,4,4,
1,2,18,
22,22,22,10,12,12,22,22,22,5,22,22,22,7,6,8,9,9,4,10,4,4,4,12,6,17,8,9,9,10,10,6,17,8,9,9,10,10,12,10,10,10,10,17,6,8,9,9,10,10,10,22,12,22,22,17,6,8,9,9,10,10,22,22,4,15,13,16,14,12,10,10,10,10,10,22,22,22,22,10,4,1,2,2,20,11,11,10,22,22,12,12,22,3,3,20,22,
1,2,18,
1,2,18,
5,7,6,8,9,9,4,10,10,17,6,8,9,9,10,10,10,10,1,2,3,3,10,19,17,4,10,10,10,10,
1,2,18,
1,2,3,3,4,18,4,
1,2,18,
1,2,18,
1,2,18,
1,2,18,
1,2,18,
1,2,2,20,18,20,
13,15,14,16,12,12,22,22,10,22,12,12,22,22,22,10,11,11,10,22,10,1,2,3,3,4,12,17,6,8,9,9,10,5,6,7,8,9,9,4,22,22,22,22,22,12,22,10,12,
10,10,1,2,2,4,4,3,3,20,4,4,4,4,10,10,10,10,10,10,4,10,10,10,5,4,4,4,4,7,6,8,9,9,4,10,10,17,19,4,4,10,10,20,10,10,
10,10,10,10,10,1,2,3,3,4,4,10,10,4,10,10,4,4,10,10,4,4,17,6,8,9,9,10,4,10,10,10,10,10,10,10,10,10,4,5,10,10,4,10,6,7,10,8,9,9,4,10,10,10,4,10,10,10,10,10,19,17,10,10,
4,4,4,4,4,4,4,1,2,3,3,4,4,4,4,4,4,4,4,4,4,4,4,4,19,4,4,4,4,4,
6,17,8,9,9,12,1,2,22,3,3,15,13,14,16,22,4,5,6,7,8,9,9,4,10,6,17,8,9,9,10,10,10,10,17,6,8,9,9,10,10,17,6,8,9,9,10,10,10,11,11,10,10,10,10,12,
10,10,10,10,10,10,6,17,8,9,9,10,1,2,2,20,10,20,20,17,6,8,9,9,10,10,10,3,3,20,4,10,10,4,10,19,17,4,5,7,6,8,9,9,4,10,10,10,
1,2,18,
10,10,10,10,10,12,20,3,3,20,10,12,12,10,11,11,10,14,15,16,13,12,4,12,12,1,2,2,10,10,12,12,5,7,6,8,9,9,4,22,10,10,22,12,12,12,10,22,22,22,22,10,10,10,22,
18,20,20,20,1,2,2,20,
4,4,4,4,4,4,4,1,2,3,3,4,4,4,4,4,4,4,4,4,4,4,4,4,4,4,4,4,4,19,4,4,4,4,4,4,
10,10,10,10,1,2,3,3,10,4,10,5,10,6,7,8,9,9,4,10,10,6,17,8,9,9,10,10,17,19,10,10,10,10,
10,10,10,10,10,17,19,10,1,2,10,3,3,10,10,10,4,4,4,4,4,5,6,7,8,9,9,4,
1,2,18,
1,2,2,20,18,20,
1,2,18,
5,4,4,4,6,7,8,9,9,4,10,10,4,10,10,10,4,10,10,4,20,1,2,2,3,3,20,10,10,10,10,17,19,10,10,10,10,10,10,4,
20,1,2,2,18,20,
1,2,18,
1,2,18,
4,22,12,4,10,11,11,10,22,12,22,22,22,12,12,5,1,2,2,6,7,8,9,9,4,22,22,22,22,22,22,10,10,15,13,14,16,12,22,20,12,20,20,3,3,20,4,22,12,
1,2,18,
20,10,3,3,20,10,4,4,12,12,4,1,2,2,4,4,12,4,4,5,12,6,7,8,9,9,4,10,15,14,13,16,12,10,10,10,12,10,11,11,10,10,10,
1,2,18,
5,18,4,1,2,3,3,4,
10,10,10,10,10,12,12,21,18,12,1,2,3,3,4,5,6,7,8,9,9,4,10,12,10,11,11,10,10,10,
10,1,2,2,20,3,3,20,4,5,6,7,8,9,9,4,12,12,12,12,15,13,14,16,12,12,12,12,12,12,10,11,11,10,22,22,12,22,22,22,10,
1,2,2,20,18,20,
12,22,10,11,11,10,22,22,12,14,15,16,13,22,12,22,22,12,12,12,22,22,22,22,22,1,2,3,3,22,22,12,4,12,10,22,5,10,22,10,22,12,6,17,8,9,9,10,7,6,8,9,9,4,22,22,22,22,22,12,22,22,12,
12,10,21,18,12,10,11,11,10,10,1,2,3,3,4,5,7,6,8,9,9,4,
1,2,18,
1,2,3,3,4,18,4,
23,23,23,20,20,23,20,20,18,20,1,2,2,23,23,23,23,23,23,23,23,23,23,
15,13,16,14,12,12,12,12,12,10,11,11,10,12,12,1,2,3,3,4,12,5,6,7,8,9,9,4,
4,4,4,4,4,4,4,4,4,4,4,4,4,4,4,4,4,19,4,1,2,2,20,3,3,20,4,
5,7,6,8,9,9,4,10,11,11,10,12,15,13,16,14,12,1,2,3,3,4,
4,4,10,10,10,4,10,4,10,10,4,10,10,4,4,4,10,10,4,10,10,17,19,10,4,5,4,4,7,6,8,9,9,4,4,10,1,2,2,6,17,8,9,9,10,20,3,3,20,
18,20,1,2,2,20,
12,12,15,13,16,14,12,12,12,12,12,10,10,10,1,2,10,3,3,4,5,7,6,8,9,9,4,22,22,22,22,10,11,11,10,10,10,22,22,22,10,10,22,22,12,12,12,12,
1,2,18,
4,4,4,4,4,4,4,4,4,4,4,4,4,4,4,4,4,4,4,1,2,3,3,4,4,4,19,4,4,4,4,4,
7,6,8,9,9,4,10,6,17,8,9,9,10,10,10,10,17,19,10,1,2,3,3,4,5,
1,2,2,20,18,20,
1,2,2,20,3,3,20,4,18,4,4,4,
22,11,11,10,22,10,12,10,22,1,2,3,3,4,5,10,10,12,12,22,22,6,7,8,9,9,4,10,22,10,10,10,22,12,22,22,16,14,15,13,12,10,
11,11,22,22,22,22,22,1,2,22,3,3,12,22,22,12,22,12,12,10,12,21,18,12,10,22,12,10,22,22,11,11,22,10,12,12,12,12,4,6,17,8,9,9,22,22,22,22,5,22,22,22,22,22,22,4,12,22,7,6,8,9,9,4,22,22,10,17,6,8,9,9,10,10,22,4,10,22,22,
10,10,10,10,10,1,2,10,3,3,17,6,8,9,9,10,10,4,10,10,10,10,10,10,10,10,4,4,5,7,6,8,9,9,4,10,10,10,17,19,10,10,10,10,10,10,10,
4,5,6,7,8,9,9,4,10,10,10,10,10,1,2,3,3,10,10,10,10,10,10,19,17,10,10,10,10,10,
1,2,2,20,18,20,
5,7,6,8,9,9,4,1,2,3,3,10,18,21,10,10,10,10,10,4,
10,10,10,1,2,2,10,10,10,4,20,3,3,20,4,4,5,4,4,10,17,19,10,7,6,8,9,9,4,10,10,10,10,10,
1,2,18,
1,2,3,3,4,4,4,18,4,
1,2,18,
4,18,4,1,2,2,20,20,20,3,3,20,
1,2,2,20,18,20,
10,6,17,8,9,9,10,4,10,10,5,10,10,6,7,8,9,9,4,10,10,17,19,10,10,10,10,10,1,2,3,3,10,10,10,
5,6,7,8,9,9,4,10,10,10,11,11,10,12,1,2,2,12,4,12,20,15,13,14,16,12,3,3,20,
10,4,12,5,6,7,8,9,9,4,10,11,11,10,15,13,14,16,12,1,2,3,3,10,
10,10,10,10,4,1,2,3,3,5,7,6,8,9,9,4,10,10,10,10,10,10,10,10,10,10,17,19,10,10,10,10,10,
1,2,4,3,3,4,4,4,4,4,4,4,19,4,
5,17,19,10,10,10,7,6,8,9,9,4,10,10,1,2,3,3,10,10,10,10,4,10,
1,2,2,20,18,20,
10,10,10,11,11,10,12,1,2,2,4,20,16,15,14,13,12,3,3,20,5,6,7,8,9,9,4,
1,2,18,
1,2,3,3,4,4,4,4,4,19,4,
1,2,18,
12,12,15,13,16,14,12,22,10,22,5,6,7,22,8,9,9,4,10,10,11,11,10,22,22,22,12,12,22,22,22,22,12,22,22,22,22,22,1,2,3,3,4,22,12,22,
6,7,8,9,9,4,10,10,10,10,11,11,10,12,10,18,21,12,1,2,2,20,3,3,20,4,5,10,10,
20,3,3,20,4,18,4,1,2,2,
1,2,3,3,4,5,7,6,8,9,9,4,10,11,11,10,12,12,12,18,21,12,12,12,
12,22,22,12,22,22,22,22,22,22,22,22,22,22,22,12,22,22,12,22,12,12,22,22,22,12,12,22,22,22,1,2,10,3,3,22,10,22,10,22,22,22,10,10,10,12,22,22,22,22,22,22,22,22,22,22,22,22,22,22,22,6,17,8,9,9,12,22,10,22,22,10,12,12,22,22,22,4,4,16,13,15,14,22,22,22,22,5,22,4,22,22,22,22,22,12,22,10,22,11,11,10,22,22,6,7,8,9,9,4,10,17,6,8,9,9,10,22,
1,2,18,
1,2,18,
10,10,10,10,1,2,10,3,3,10,10,4,10,10,5,10,6,7,8,9,9,4,10,19,17,10,10,
1,2,2,20,20,20,18,20,
1,2,18,
1,2,2,20,20,20,20,20,18,20,
1,2,18,
1,2,3,3,10,11,11,10,4,10,12,10,5,7,6,8,9,9,4,10,10,15,14,13,16,12,
1,2,3,3,4,4,4,5,6,7,8,9,9,4,10,11,11,10,12,15,14,16,13,12,
7,6,8,9,9,4,10,10,11,11,10,10,12,17,6,8,9,9,10,10,10,10,10,10,13,15,14,16,12,10,1,2,10,3,3,4,10,10,5,10,10,
1,2,18,
10,11,11,10,12,1,2,3,3,4,16,15,13,14,12,5,6,7,8,9,9,4,
4,5,6,7,8,9,9,4,10,10,10,19,17,10,1,2,3,3,
18,20,1,2,2,20,
1,2,2,20,18,20,
10,19,17,10,10,10,10,1,2,3,3,10,4,5,6,7,8,9,9,4,
1,2,18,
1,2,18,
5,6,7,8,9,9,4,10,10,10,10,10,17,19,1,2,3,3,4,
1,2,2,10,10,10,10,10,10,20,3,3,20,4,5,7,6,8,9,9,4,10,10,10,19,17,10,
1,2,18,
4,4,4,4,4,1,2,2,18,4,20,3,3,20,4,4,
1,2,3,3,4,19,4,
1,2,18,
4,5,6,7,8,9,9,4,4,4,4,1,2,3,3,4,4,4,4,4,4,4,4,10,4,4,4,19,17,10,
12,12,12,12,22,22,22,22,22,22,22,12,10,22,11,11,10,1,2,2,20,3,3,20,4,22,22,22,5,7,6,8,9,9,4,22,22,22,22,22,22,22,22,22,22,19,17,22,22,22,
1,2,18,
1,2,18,
1,2,18,
1,2,18,
1,2,18,
1,2,2,20,18,20,
4,10,17,19,10,4,7,6,8,9,9,4,1,2,3,3,4,5,
8,9,9,10,10,10,10,10,10,10,4,10,5,10,4,19,17,10,4,6,7,8,9,9,4,1,2,3,3,10,6,17,
4,4,4,1,2,3,3,4,4,4,4,4,4,19,4,4,4,4,
1,2,18,
10,10,12,12,10,10,12,15,14,16,13,12,10,11,11,10,1,2,3,3,4,5,7,6,8,9,9,4,10,10,
12,16,15,14,13,22,22,12,12,22,12,12,12,22,22,22,22,12,22,22,12,12,12,22,22,12,22,22,1,2,3,3,4,5,22,7,6,8,9,9,4,22,10,11,11,10,12,12,12,
1,2,18,
12,6,7,8,9,9,4,10,17,6,8,9,9,10,10,22,10,22,12,12,12,12,12,10,11,11,10,12,22,22,12,1,2,10,12,3,3,17,6,8,9,9,12,22,16,14,13,15,22,22,22,22,10,12,22,22,10,10,10,10,10,10,4,5,
22,22,12,12,12,22,22,22,22,22,22,22,4,22,22,22,12,22,22,22,4,22,22,22,22,22,22,22,22,10,11,11,10,22,22,12,22,12,12,1,2,3,3,22,10,22,12,10,12,12,21,18,12,22,12,12,10,12,4,12,22,22,12,22,10,22,22,22,10,4,4,22,22,10,22,22,22,5,22,4,22,7,6,8,9,9,4,22,4,22,
10,10,10,10,4,4,4,10,10,10,10,10,10,19,17,10,10,5,10,10,10,6,7,8,9,9,4,10,1,2,3,3,10,
1,2,3,3,4,12,5,7,6,8,9,9,4,10,10,18,21,12,10,10,11,11,10,10,
4,1,2,3,3,5,7,6,8,9,9,4,10,14,15,16,13,12,10,10,11,11,10,10,12,10,
1,2,2,20,18,20,
1,2,18,
10,10,10,10,10,19,17,10,4,4,4,5,7,6,8,9,9,4,10,6,17,8,9,9,10,10,17,6,8,9,9,10,10,17,6,8,9,9,10,10,6,17,8,9,9,10,10,1,2,2,20,10,3,3,20,
18,20,1,2,2,20,
4,4,4,1,2,2,10,11,11,10,4,17,19,12,4,20,4,3,3,20,5,6,7,8,9,9,4,10,10,6,17,8,9,9,10,10,4,10,10,4,4,4,4,
4,4,4,4,4,4,4,1,2,3,3,4,4,4,4,4,4,4,4,4,4,19,4,4,4,4,4,4,
4,20,1,2,2,4,20,20,4,4,3,3,20,19,4,4,
1,2,18,
20,18,20,1,2,2,
4,4,20,4,3,3,20,5,1,2,2,19,4,
1,2,18,
4,5,10,17,6,8,9,9,10,10,6,7,8,9,9,4,1,2,10,3,3,10,4,10,4,10,4,10,10,19,17,10,4,10,10,10,10,
4,4,4,18,4,4,1,2,3,3,4,4,4,4,4,4,4,4,4,4,4,4,4,
22,12,22,10,11,11,10,22,22,22,4,22,12,4,10,1,2,3,3,10,10,10,10,12,12,22,22,15,14,13,16,12,4,10,22,4,4,5,6,7,8,9,9,4,
1,2,18,
10,19,17,10,10,4,4,10,10,4,10,10,10,4,10,4,10,1,2,3,3,5,7,6,8,9,9,4,4,4,10,10,
20,18,20,1,2,2,
10,10,1,2,3,3,10,4,17,19,10,4,10,4,10,5,10,10,6,7,8,9,9,4,10,17,6,8,9,9,10,10,10,
1,2,2,20,20,20,18,20,
1,2,2,20,18,20,
1,2,18,
4,4,4,4,4,4,4,4,4,4,4,4,4,4,4,4,4,4,4,19,4,1,2,3,3,4,4,4,4,4,4,4,
1,2,18,
4,4,4,4,4,4,4,4,4,4,4,4,4,19,4,1,2,3,3,4,4,4,4,4,4,4,4,4,
19,4,4,4,4,4,4,4,4,4,4,4,4,4,4,4,1,2,3,3,4,4,4,4,4,4,4,4,4,
12,10,11,11,10,1,2,3,3,4,5,12,6,7,8,9,9,4,12,12,15,14,16,13,12,10,10,4,4,12,4,4,
22,4,4,4,4,22,22,22,4,4,22,22,22,22,4,4,22,22,22,22,12,12,22,4,22,10,22,5,10,22,6,7,8,9,9,4,10,22,22,22,10,22,22,19,17,22,22,22,10,22,4,10,22,4,12,22,1,2,2,20,3,3,20,10,11,11,10,22,22,22,
4,3,3,4,4,4,4,4,4,4,4,4,4,4,4,4,4,4,4,4,4,19,4,4,1,2,
1,2,3,3,4,22,22,12,5,7,6,8,9,9,4,10,22,10,11,11,10,10,12,12,12,12,12,12,12,14,13,15,16,12,
1,2,18,
1,2,2,20,18,20,
1,2,18,
1,2,3,3,4,21,18,12,5,6,7,8,9,9,4,10,10,10,10,10,10,10,11,11,10,12,
1,2,3,3,4,10,5,12,7,6,8,9,9,4,12,10,12,18,21,12,10,11,11,10,
4,19,4,1,2,3,3,4,4,
4,10,11,11,10,15,16,14,13,12,10,10,1,2,3,3,12,4,10,4,5,10,10,6,7,8,9,9,4,10,10,10,4,4,
20,3,3,20,4,4,4,4,4,4,4,4,4,4,4,4,4,4,1,2,2,4,4,4,19,4,4,4,4,4,4,4,4,4,4,4,4,
4,19,4,1,2,3,3,
20,18,20,1,2,2,
1,2,3,3,10,17,6,8,9,9,10,10,6,17,8,9,9,10,10,4,10,5,6,7,8,9,9,4,10,10,10,10,10,10,10,19,17,10,10,10,10,10,10,10,
1,2,18,
20,18,20,1,2,2,
1,2,3,3,4,4,4,18,4,
12,15,16,13,14,12,1,2,3,3,4,5,6,7,8,9,9,4,10,11,11,10,
18,4,1,2,2,20,3,3,20,4,
1,2,18,
4,20,4,1,2,2,20,20,20,20,3,3,20,4,4,4,18,4,
1,2,18,
4,22,22,10,10,22,22,15,14,16,13,12,5,10,11,11,10,22,22,12,6,7,8,9,9,4,12,12,12,1,2,2,12,12,10,22,20,10,3,3,20,
4,19,4,1,2,3,3,
1,2,18,
4,5,10,6,7,8,9,9,4,10,1,2,3,3,10,10,17,19,10,10,10,10,
1,2,18,
1,2,18,
1,2,3,3,4,19,4,
20,18,20,20,1,2,2,20,
4,4,4,5,4,4,6,7,8,9,9,4,10,10,10,19,17,10,1,2,3,3,
1,2,18,
1,2,3,3,4,4,19,4,4,
20,18,20,1,2,2,
18,21,12,7,6,8,9,9,4,1,2,3,3,12,10,11,11,10,10,10,4,5,
4,4,4,10,5,6,7,8,9,9,4,10,19,17,10,10,4,4,1,2,3,3,4,4,
20,12,3,3,20,4,12,12,12,5,6,7,8,9,9,4,10,11,11,10,4,22,4,4,22,12,12,15,13,14,16,4,12,22,22,22,1,2,2,12,12,12,12,
22,10,22,10,11,11,10,10,5,15,14,13,16,12,7,6,8,9,9,4,10,10,10,10,10,22,22,10,10,10,22,22,12,22,22,22,22,22,10,12,12,12,1,2,3,3,4,10,
10,19,17,10,4,5,6,7,8,9,9,4,10,10,10,10,10,10,10,10,1,2,3,3,
1,2,3,3,12,12,12,4,5,7,6,8,9,9,4,22,22,22,22,12,10,15,14,13,16,12,10,22,10,11,11,10,
10,10,10,20,10,3,3,20,21,18,12,10,10,10,10,10,10,10,10,10,10,4,1,2,2,10,10,10,10,5,6,7,8,9,9,4,10,17,6,8,9,9,10,10,10,10,10,11,11,10,10,10,10,12,
10,10,10,10,10,10,12,10,11,11,10,12,15,13,14,16,12,1,2,3,3,4,5,6,7,8,9,9,4,10,10,12,
4,4,4,18,4,1,2,3,3,
1,2,18,
4,20,3,3,20,18,4,4,4,1,2,2,
10,10,20,3,3,20,10,19,17,10,4,5,7,6,8,9,9,4,10,1,2,2,10,
1,2,18,
1,2,2,20,18,20,
12,12,12,10,10,10,10,10,10,10,22,22,10,1,2,3,3,12,15,13,14,16,12,22,4,10,12,12,10,11,11,10,10,5,6,7,8,9,9,4,
10,10,10,10,1,2,3,3,4,10,19,17,5,10,7,6,8,9,9,4,10,10,17,6,8,9,9,10,
18,20,1,2,2,20,
12,12,4,12,10,12,11,11,10,12,12,12,4,4,12,12,10,5,13,14,15,16,12,10,6,7,8,9,9,4,12,12,22,10,12,10,10,22,10,12,10,17,6,8,9,9,10,10,10,22,22,22,1,2,3,3,12,12,12,
22,11,11,22,4,4,22,6,17,8,9,9,22,4,12,14,13,15,16,12,10,10,5,22,6,7,8,9,9,4,22,10,11,11,10,12,12,22,22,22,22,1,2,12,3,3,
1,2,2,20,18,20,
4,4,4,18,4,4,4,1,2,2,20,3,3,20,4,4,
4,4,4,4,4,4,4,4,1,2,3,3,4,4,4,4,4,4,4,4,4,18,4,4,4,
22,10,12,12,12,22,10,12,12,12,10,10,23,23,23,12,1,2,10,3,3,4,10,22,5,10,7,6,8,9,9,4,11,11,10,10,17,6,8,9,9,10,10,21,18,22,12,10,
5,6,7,8,9,9,4,10,22,6,17,8,9,9,10,10,17,6,8,9,9,10,10,10,22,22,17,19,22,10,12,10,10,10,10,11,11,10,12,10,10,12,12,12,4,1,2,3,3,22,22,
4,12,22,22,4,22,22,22,15,14,16,13,12,22,22,12,4,4,22,22,10,10,10,10,22,22,4,10,11,11,5,10,1,2,3,3,6,7,8,9,9,4,10,12,12,10,
12,4,12,4,12,12,10,10,4,4,4,5,4,7,6,8,9,9,4,4,4,10,11,11,10,12,4,12,12,1,2,3,3,15,16,14,13,12,
1,2,2,4,4,4,20,3,3,20,4,4,4,4,19,4,4,4,4,4,
10,11,11,10,10,10,15,13,14,16,12,4,4,10,1,2,3,3,10,10,10,12,4,4,4,5,6,7,8,9,9,4,
6,17,22,22,8,9,9,12,22,22,14,16,13,15,22,22,22,12,22,22,22,12,12,22,12,12,22,1,2,3,3,10,12,10,22,22,12,22,22,4,12,12,12,5,12,22,7,6,8,9,9,4,10,17,6,8,9,9,10,12,10,11,11,10,
5,6,7,8,9,9,4,1,2,10,3,3,10,10,17,19,10,4,
20,18,20,1,2,2,
1,2,18,
7,6,8,9,9,4,22,12,12,22,22,12,10,11,11,10,22,17,19,22,12,22,22,22,4,10,4,22,22,12,10,22,22,22,1,4,2,3,3,5,22,
22,22,15,14,13,16,12,12,12,10,11,11,10,12,12,12,1,2,3,3,4,4,4,4,5,22,12,12,22,22,22,12,12,4,7,6,8,9,9,4,12,10,10,22,
20,3,3,20,4,4,4,19,4,1,2,2,
4,4,4,4,4,10,4,4,4,4,4,10,10,4,4,6,17,8,9,9,10,10,4,10,4,4,12,4,4,5,23,10,23,10,10,10,6,7,8,9,9,4,23,23,23,4,4,4,4,4,10,10,10,4,10,4,4,4,4,4,10,12,10,12,10,10,11,11,10,10,10,15,14,16,13,12,1,2,3,3,10,10,10,
10,10,10,10,10,10,1,2,3,3,4,10,5,10,6,7,8,9,9,4,10,19,17,
22,22,12,12,22,22,22,22,22,22,10,10,22,22,12,1,2,10,11,11,10,3,3,22,22,22,22,22,4,22,22,22,19,17,22,22,22,22,5,22,6,7,8,9,9,4,22,22,10,10,
22,12,3,3,22,4,22,22,22,5,6,7,8,9,9,4,10,10,10,10,10,10,12,22,14,15,16,13,12,10,11,11,10,22,12,12,10,10,22,22,1,2,
7,6,8,9,9,4,10,10,1,2,3,3,10,10,10,11,11,10,12,12,12,18,21,12,4,5,
12,10,10,12,10,10,6,17,8,9,9,10,10,10,12,1,2,3,3,4,5,6,7,8,9,9,4,12,10,11,11,10,12,12,18,21,12,12,10,
20,18,20,1,2,2,
5,7,6,8,9,9,4,10,6,17,8,9,9,10,10,18,21,12,10,10,4,10,10,4,1,2,3,3,10,10,11,11,12,10,4,10,4,10,4,4,4,4,4,4,4,10,4,10,4,
10,10,10,10,10,17,6,8,9,9,10,10,1,2,3,3,4,10,5,6,7,8,9,9,4,10,19,17,10,
1,2,3,3,4,18,4,
1,2,18,
6,7,8,9,9,4,10,10,10,12,11,11,10,4,12,12,15,13,16,14,12,4,4,12,5,1,2,3,3,12,10,4,10,4,4,4,
1,2,3,3,22,12,4,22,22,5,22,22,22,22,6,7,8,9,9,4,10,22,10,22,22,22,22,22,22,10,11,11,10,22,22,22,12,12,19,17,22,12,12,
1,2,18,
5,1,2,3,3,10,10,10,10,10,6,7,8,9,9,4,10,10,10,21,18,12,4,10,10,10,4,10,11,11,10,10,4,12,
12,22,22,22,12,22,12,12,22,12,12,12,12,12,22,12,22,12,12,12,22,22,22,22,22,1,2,3,3,12,12,22,10,12,12,22,10,12,12,12,12,12,12,4,12,22,12,22,22,22,22,10,11,11,10,12,12,12,22,15,14,13,16,12,12,5,12,7,6,8,9,9,4,22,22,22,22,22,22,22,
4,5,6,7,8,9,9,4,22,12,22,22,22,22,1,2,3,3,12,15,14,13,16,12,10,11,11,10,12,12,
4,19,4,1,2,3,3,
10,10,10,10,10,10,10,10,10,10,10,4,10,10,5,10,19,17,6,7,8,9,9,4,1,2,3,3,10,
4,5,10,10,7,6,8,9,9,4,10,6,17,8,9,9,10,10,10,10,4,4,10,10,10,10,10,19,17,10,1,2,3,3,
10,7,6,8,9,9,4,10,10,21,18,12,1,2,3,3,10,12,10,10,10,11,11,10,10,10,4,5,
6,7,8,9,9,4,4,10,10,10,10,4,10,4,10,10,4,10,4,1,2,4,3,3,4,4,10,10,4,10,10,19,17,10,4,4,4,5,4,
10,10,10,10,10,10,1,2,3,3,4,5,6,7,8,9,9,4,10,10,10,10,10,10,10,10,10,19,17,10,
20,18,20,1,2,2,
10,10,10,10,10,10,10,10,10,10,10,4,10,5,6,7,8,9,9,4,10,17,19,1,2,3,3,
22,22,22,22,22,22,22,22,22,12,17,6,8,9,9,22,22,22,22,22,12,12,22,12,1,2,2,20,22,12,22,3,3,20,22,4,22,10,11,11,10,22,22,22,22,22,22,22,22,22,5,22,12,22,7,6,8,9,9,4,22,14,15,13,16,12,22,22,22,22,22,22,22,22,22,22,22,22,22,22,22,22,12,22,12,12,22,22,22,22,22,22,22,12,22,22,12,12,22,22,22,22,12,11,11,22,22,22,22,22,12,12,12,22,22,22,22,22,22,
22,22,22,1,2,3,3,22,22,22,22,4,22,4,4,22,12,12,5,22,6,7,8,9,9,4,10,11,11,10,12,12,22,22,22,22,22,22,22,22,22,22,22,12,12,22,22,22,12,15,14,13,16,12,
1,2,2,20,3,3,20,4,18,4,
1,2,3,3,4,10,5,17,19,10,6,7,8,9,9,4,10,10,
1,2,18,
4,4,1,2,4,3,3,18,4,4,4,4,4,4,4,4,4,
10,10,10,6,17,8,9,9,10,20,10,20,20,3,3,20,4,10,10,4,4,10,4,10,1,2,2,10,10,10,10,10,10,10,10,10,4,10,19,17,10,10,10,10,5,10,10,10,10,7,6,8,9,9,4,
10,10,10,20,3,3,20,1,2,2,10,19,17,10,4,5,7,6,8,9,9,4,10,
20,20,20,18,20,1,2,2,
3,3,4,4,4,4,4,18,4,1,2,
10,6,17,8,9,9,1,2,10,10,3,3,10,10,11,11,10,21,18,12,4,10,10,10,10,10,5,6,7,8,9,9,4,10,10,10,10,10,12,
4,4,4,12,12,22,22,5,22,6,7,8,9,9,4,10,17,6,8,9,9,10,10,10,10,10,12,12,1,2,3,3,17,6,8,9,9,12,10,22,14,15,13,16,22,10,10,11,11,10,10,10,12,12,12,12,
22,12,12,22,22,15,14,13,16,12,22,12,12,10,11,11,10,10,10,12,10,10,1,2,2,20,3,3,20,22,22,4,12,22,22,22,12,12,5,6,7,8,9,9,4,
4,4,12,12,10,10,12,12,12,21,18,12,4,4,10,10,4,10,10,11,11,10,10,5,6,7,8,9,9,4,1,2,3,3,
20,20,20,3,3,20,4,18,4,1,2,2,
1,2,18,
1,2,2,20,20,20,18,20,
4,4,1,2,4,19,3,3,4,4,4,4,4,4,
4,20,3,3,20,4,4,18,4,1,2,2,
1,2,2,20,18,20,
1,2,18,
18,4,4,4,1,2,3,3,4,4,4,4,4,
4,15,16,14,13,12,4,4,12,12,12,12,12,12,4,12,12,4,5,6,7,8,9,9,4,10,10,10,12,12,10,10,11,11,10,12,1,2,3,3,12,12,
12,12,10,12,4,11,11,10,5,6,7,8,9,9,4,10,12,10,12,12,12,10,10,10,10,10,10,15,14,16,13,12,1,2,3,3,
10,17,19,10,4,4,4,5,7,6,8,9,9,4,10,17,6,8,9,9,10,1,2,3,3,
21,18,12,1,2,2,10,10,10,10,10,11,11,10,10,10,20,4,3,3,20,4,12,4,5,6,7,8,9,9,4,10,10,
1,2,2,20,18,20,
1,2,2,20,18,20,
20,18,20,1,2,2,
1,2,3,3,4,4,10,10,4,10,10,4,4,19,17,10,4,5,4,4,4,6,7,8,9,9,4,10,10,
22,22,22,22,22,22,22,22,22,22,22,22,22,22,20,22,22,3,3,20,22,22,22,4,4,22,4,22,22,22,22,22,22,22,22,4,22,22,22,22,12,12,22,22,22,4,4,4,10,11,11,10,22,1,2,2,22,12,12,11,11,22,4,4,22,22,22,12,22,22,4,17,19,22,4,5,22,22,12,12,22,22,4,12,7,6,8,9,9,4,4,4,10,4,12,12,22,22,4,10,22,22,4,22,22,22,22,4,22,22,22,22,22,22,22,22,4,22,22,12,22,22,22,22,22,22,22,22,22,22,22,22,12,4,4,4,4,22,22,22,4,22,4,12,12,22,22,22,22,22,22,22,22,22,12,22,4,6,17,8,9,9,22,22,22,22,4,22,22,22,
1,2,18,
20,18,20,1,2,2,
4,4,4,4,4,4,4,4,4,4,4,4,4,4,19,4,4,4,1,2,4,4,3,3,4,4,4,4,4,4,
5,10,7,6,8,9,9,4,10,10,10,10,10,10,10,17,6,8,9,9,10,10,10,10,10,10,10,10,10,10,10,10,10,10,10,10,10,17,19,10,10,10,10,10,10,10,1,2,10,3,3,10,10,4,
12,4,4,4,5,10,11,11,10,6,7,8,9,9,4,13,15,16,14,12,10,4,4,10,10,10,1,2,3,3,
10,22,20,3,3,20,22,12,22,22,22,22,10,11,11,10,13,15,16,14,12,4,22,22,22,22,22,12,12,12,5,22,22,7,6,8,9,9,4,22,4,4,22,4,4,4,4,10,1,2,2,
20,18,20,1,2,2,
1,2,2,18,20,20,
1,2,2,20,18,20,
10,10,10,10,10,4,4,10,10,4,5,6,7,8,9,9,4,10,10,1,2,2,17,6,8,9,9,10,10,10,10,20,3,3,20,19,17,10,10,10,10,
1,2,18,
1,2,18,
4,4,4,4,4,4,4,4,4,4,4,4,19,4,4,4,4,4,4,4,1,2,3,3,4,4,4,4,4,4,4,4,4,4,4,4,4,4,4,4,4,4,4,4,4,
10,10,1,2,3,3,4,5,19,17,10,6,7,8,9,9,4,
1,2,2,4,4,4,20,4,4,3,3,20,5,7,6,8,9,9,4,4,10,4,4,4,10,10,4,4,4,15,13,16,14,12,10,11,11,10,4,4,4,4,4,10,12,4,10,10,4,
1,2,18,
18,20,1,2,2,20,
20,20,18,20,1,2,2,20,
20,20,20,18,20,20,20,1,2,2,
1,2,18,
10,10,10,10,10,10,10,10,4,10,10,10,10,10,5,10,7,6,8,9,9,4,10,1,2,2,10,10,10,10,10,10,20,17,6,8,9,9,10,10,10,17,19,10,10,3,3,20,10,10,10,10,10,10,10,10,10,10,10,
4,5,6,7,8,9,9,4,10,11,11,10,12,10,10,1,2,3,3,16,14,13,15,12,
10,10,10,11,11,10,22,22,22,12,12,22,22,22,22,12,14,15,16,13,12,4,10,5,12,10,7,6,8,9,9,4,1,2,3,3,
10,19,17,10,4,4,4,4,4,5,7,6,8,9,9,4,1,2,3,3,
4,4,1,2,2,4,4,4,4,4,4,4,4,4,4,4,4,4,4,4,4,4,19,4,4,4,20,3,3,20,4,4,4,4,4,4,
4,1,2,3,3,4,4,4,4,4,4,4,4,19,4,4,4,4,
1,2,18,
4,4,4,1,2,2,4,4,4,4,4,4,4,4,4,4,4,4,20,20,20,19,4,3,3,20,4,4,4,
4,12,12,22,22,22,12,1,2,3,3,12,16,15,13,14,12,10,10,10,10,4,22,5,22,4,6,7,8,9,9,4,10,10,10,11,11,10,
1,2,18,
1,2,18,
4,1,2,2,18,4,20,3,3,20,
10,17,19,10,10,10,10,4,5,7,6,8,9,9,4,10,6,17,8,9,9,10,10,10,1,2,2,20,10,3,3,20,10,10,
4,5,18,4,1,2,3,3,
1,2,2,20,18,20,
1,2,18,
1,2,18,
4,4,6,7,8,9,9,4,10,22,22,10,22,22,15,13,16,14,12,10,11,11,10,1,2,3,3,22,22,22,10,17,6,8,9,9,10,10,17,6,8,9,9,10,12,12,22,22,22,4,22,4,4,4,12,22,22,12,4,5,22,22,
1,2,18,
12,15,14,13,16,12,1,2,3,3,4,5,6,7,8,9,9,4,10,10,11,11,10,6,17,8,9,9,10,
12,10,6,17,8,9,9,10,4,5,7,6,8,9,9,4,13,14,16,15,12,10,11,11,10,1,2,3,3,
1,2,18,
21,18,10,10,10,4,10,10,5,1,2,2,7,6,8,9,9,4,20,3,3,20,10,
1,2,2,20,18,20,
12,12,12,1,2,3,3,4,22,5,7,6,8,9,9,4,10,11,11,10,12,12,14,15,13,16,12,22,22,22,12,22,22,22,
1,2,2,20,18,20,
7,6,8,9,9,4,10,10,10,10,10,10,10,1,2,3,3,19,17,10,10,4,10,5,10,
4,4,4,4,4,5,4,4,7,6,8,9,9,4,10,10,4,4,4,4,4,4,4,4,1,2,3,3,4,4,10,4,4,17,19,10,4,4,
1,2,2,20,18,20,
20,10,10,3,3,20,12,4,10,11,11,10,4,4,4,5,18,21,12,7,6,8,9,9,4,4,1,2,2,
1,2,18,
1,2,18,
1,2,18,
12,12,22,22,12,12,4,22,22,22,12,12,5,6,7,8,9,9,4,10,10,12,12,12,12,12,12,22,12,12,12,10,11,11,10,22,15,16,14,13,12,12,4,12,12,4,1,2,3,3,12,12,
1,2,2,20,18,20,
10,17,19,10,1,2,3,3,4,4,4,5,7,6,8,9,9,4,
1,2,18,
6,7,8,9,9,4,10,10,14,13,16,15,12,10,10,6,17,8,9,9,10,10,10,10,10,6,17,8,9,9,10,10,10,10,10,10,10,12,4,10,11,11,10,5,1,2,3,3,
1,2,2,4,4,4,4,4,4,4,4,4,4,4,4,4,20,3,3,20,4,4,4,19,4,4,4,4,4,4,4,4,4,
1,2,2,20,18,20,
4,5,10,7,6,8,9,9,4,10,10,10,17,19,10,10,10,10,1,2,3,3,
5,10,10,6,7,8,9,9,4,10,10,17,6,8,9,9,10,10,10,1,2,2,4,4,10,20,10,19,17,3,3,20,10,4,10,4,4,
10,10,1,2,3,3,10,10,4,4,4,4,4,5,7,6,8,9,9,4,10,6,17,8,9,9,10,10,10,10,18,21,10,10,10,
20,1,2,2,18,20,
10,19,17,10,4,4,4,5,7,6,8,9,9,4,1,2,3,3,
10,4,4,12,21,18,12,4,4,4,10,4,4,4,4,4,4,4,10,4,5,20,3,3,20,10,10,4,1,2,2,4,7,6,8,9,9,4,10,10,11,11,10,12,12,
20,18,20,1,2,2,
1,2,18,
1,2,18,
1,2,18,
1,2,18,
4,4,4,4,4,4,4,1,2,3,3,4,4,4,4,4,4,4,4,4,4,4,4,4,4,19,4,4,4,4,4,4,4,4,
4,10,10,5,4,4,10,10,7,6,8,9,9,4,10,6,17,8,9,9,10,10,10,10,10,17,6,8,9,9,10,10,10,10,10,10,10,10,10,1,2,10,10,3,3,4,10,10,10,17,19,10,4,10,4,4,4,10,4,4,10,4,10,17,6,8,9,9,10,10,
10,10,10,10,1,2,2,20,3,3,20,4,17,6,8,9,9,10,10,19,17,10,5,10,10,6,7,8,9,9,4,10,
4,4,4,4,19,4,4,4,4,4,4,4,1,2,3,3,4,4,4,
4,4,4,4,1,2,3,3,4,4,4,4,4,4,18,4,4,4,4,4,4,4,4,4,4,4,4,4,4,4,4,
10,11,11,10,20,4,4,3,3,20,1,2,2,4,4,4,12,12,4,12,16,15,14,13,12,12,4,22,22,22,5,22,6,7,8,9,9,4,22,
4,4,4,4,4,4,1,2,3,3,4,4,4,4,4,4,4,4,4,19,4,4,4,4,4,4,4,4,4,4,4,4,
10,10,1,2,3,3,4,10,5,19,17,10,7,6,8,9,9,4,
18,4,20,20,20,3,3,20,4,1,2,2,
4,5,10,12,11,11,10,7,6,8,9,9,4,10,10,10,10,6,17,8,9,9,10,10,6,17,8,9,9,10,10,1,2,3,3,10,17,6,8,9,9,10,15,13,14,16,10,12,10,10,10,10,10,
1,2,18,
20,18,20,1,2,2,
4,20,3,3,20,18,4,1,2,2,
1,2,18,
4,19,4,1,2,3,3,
4,19,4,4,4,1,2,3,3,4,4,4,4,
18,4,1,2,3,3,4,
1,2,18,
4,4,4,20,3,3,20,1,2,2,18,4,
4,1,2,2,4,4,4,4,4,4,4,4,4,4,4,4,4,20,3,3,20,4,4,4,4,4,4,4,19,4,4,4,4,4,4,4,4,
1,2,18,
10,10,11,11,10,12,10,15,14,13,16,12,4,1,2,3,3,10,5,6,17,8,9,9,10,7,6,8,9,9,4,
10,10,10,17,19,10,4,4,4,5,6,7,8,9,9,4,1,2,3,3,
12,15,13,14,16,12,12,10,10,10,11,11,10,12,4,5,7,6,8,9,9,4,10,1,2,3,3,10,
1,2,18,
4,4,4,4,4,4,4,4,1,2,3,3,4,4,4,4,4,19,4,4,4,4,4,4,4,4,4,4,4,4,4,4,
1,2,18,
4,18,4,1,2,2,20,3,3,20,
4,4,10,1,2,2,4,10,10,4,5,4,10,10,10,6,7,8,9,9,4,10,10,4,4,4,4,4,4,4,20,3,3,20,10,17,19,4,
10,12,10,4,4,5,6,7,8,9,9,4,21,18,12,10,11,11,10,4,4,20,3,3,20,10,10,1,2,2,4,
10,11,11,10,12,12,22,22,22,4,4,5,6,7,8,9,9,4,10,6,17,8,9,9,10,22,22,22,22,12,12,12,22,22,22,22,12,12,12,22,12,1,2,3,3,17,6,8,9,9,12,22,22,22,14,16,13,15,22,22,22,4,
1,2,2,20,18,20,
1,2,18,
4,4,4,4,20,1,2,2,3,3,20,4,4,4,4,4,18,4,
1,2,18,
1,2,18,
20,18,20,1,2,2,
5,7,6,8,9,9,4,6,17,8,9,9,12,22,10,16,14,13,15,22,10,1,2,3,3,10,11,11,10,10,10,12,10,10,10,6,17,8,9,9,10,4,10,10,
4,1,2,3,3,4,10,4,10,10,5,10,10,10,10,7,6,8,9,9,4,10,10,10,10,10,4,10,4,10,10,10,10,19,17,10,10,4,4,4,10,4,10,
12,12,5,6,7,8,9,9,4,10,10,10,11,11,10,12,22,1,2,3,3,18,21,22,12,12,4,
12,12,16,15,13,14,12,10,10,10,12,10,10,12,4,5,1,2,3,3,12,6,7,8,9,9,4,10,17,6,8,9,9,10,10,10,11,11,10,10,10,
4,4,4,4,4,4,4,4,4,4,4,4,4,4,4,4,4,4,19,1,2,3,3,4,4,4,4,4,
10,10,17,19,10,1,2,2,4,4,10,10,10,10,20,3,3,20,4,10,10,10,5,10,10,10,6,7,8,9,9,4,10,10,10,
4,4,10,10,4,4,19,17,10,10,10,5,7,6,8,9,9,4,10,10,1,2,3,3,10,10,10,10,4,4,10,4,
20,18,20,1,2,2,
4,10,19,17,10,4,5,1,2,3,3,6,7,8,9,9,4,10,10,4,4,4,
10,4,4,4,4,20,5,3,3,20,6,7,8,9,9,4,4,10,17,19,10,1,2,2,
1,2,18,
1,2,3,3,4,4,4,4,4,4,4,19,4,4,4,4,
6,7,8,9,9,4,10,6,17,8,9,9,10,16,15,14,13,12,10,10,1,2,10,11,11,10,3,3,12,4,5,
12,10,10,10,4,10,5,10,11,11,10,7,6,8,9,9,4,10,10,1,2,3,3,10,10,21,18,12,
1,2,3,3,4,10,10,19,17,10,4,10,4,5,6,7,8,9,9,4,
1,2,18,
4,4,5,4,4,19,4,4,4,4,4,4,4,4,4,4,4,4,1,2,3,3,4,4,
10,10,10,10,10,1,2,3,3,10,10,10,10,4,4,4,10,5,10,10,10,10,6,7,8,9,9,4,10,10,10,10,19,17,10,10,10,
1,2,18,
4,4,5,7,6,8,9,9,4,10,10,10,20,10,3,3,20,1,2,2,10,10,10,17,19,10,4,
1,2,18,
3,3,20,10,4,10,10,5,10,10,10,6,7,8,9,9,4,10,10,10,10,10,10,17,19,10,1,2,2,20,20,10,10,10,10,20,6,17,8,9,9,10,10,
1,2,18,
1,2,18,
1,2,18,
12,12,10,11,11,10,12,12,12,23,23,23,12,1,2,3,3,12,16,14,13,15,4,12,4,4,5,12,7,6,8,9,9,4,12,12,12,12,12,12,
4,4,4,4,4,4,4,4,4,4,4,4,4,4,19,4,4,4,4,4,4,1,2,3,3,4,4,4,
4,4,4,4,4,1,2,4,3,3,4,4,4,4,4,4,19,4,4,4,4,4,
1,2,18,
22,22,12,12,22,12,12,22,12,12,10,22,22,12,22,22,22,22,22,12,22,4,10,22,11,11,10,22,12,12,22,22,22,12,5,22,6,7,8,9,9,4,22,22,10,22,22,22,22,22,22,22,22,22,1,2,3,3,22,22,22,22,22,22,10,12,12,22,22,10,22,12,12,12,12,12,22,22,22,22,22,12,14,15,16,13,22,
4,4,4,4,4,4,4,4,1,2,2,4,4,4,4,4,4,4,4,4,4,4,19,4,4,4,4,20,3,3,20,4,4,
1,2,18,
1,2,2,20,18,20,
1,2,18,
1,2,18,
1,2,18,
1,2,18,
1,2,2,20,3,3,20,12,4,5,10,11,11,10,7,6,8,9,9,4,10,10,12,12,10,10,13,15,14,16,12,
1,2,18,
10,10,10,20,3,3,20,10,10,10,10,4,10,10,10,10,4,4,1,2,2,5,6,7,8,9,9,4,10,19,17,10,10,10,
1,2,18,
1,2,3,3,4,19,4,
12,22,1,2,3,3,4,22,5,6,7,8,9,9,4,10,11,11,10,12,12,22,22,22,10,12,10,12,12,16,14,13,15,12,
12,22,22,22,22,15,13,16,14,12,22,1,2,3,3,22,22,12,12,10,11,11,10,22,4,22,12,12,5,6,7,8,9,9,4,10,10,12,22,22,
1,2,18,
12,12,10,11,11,22,10,4,12,5,22,22,22,7,6,8,9,9,4,10,22,22,22,10,22,22,22,22,22,22,21,18,12,22,1,2,2,22,22,22,22,22,10,12,12,12,12,12,17,6,8,9,9,10,10,10,22,20,4,22,10,10,10,10,22,3,3,20,4,22,22,22,12,12,22,22,
12,22,22,22,22,22,1,2,3,3,22,22,12,12,22,22,22,4,22,22,5,22,6,7,8,9,9,4,10,11,11,10,10,4,4,10,17,19,22,
1,2,18,
23,23,23,4,4,20,4,20,20,20,20,20,3,3,20,5,4,23,23,23,23,23,4,19,1,2,2,23,23,
1,2,18,
1,2,18,
1,2,2,5,7,6,8,9,9,4,22,12,12,22,22,10,10,15,16,13,14,22,20,10,3,3,20,10,10,11,11,10,12,22,22,22,22,10,10,4,
4,4,4,4,4,4,4,4,4,18,4,4,1,2,2,4,20,20,4,20,3,3,20,4,
10,18,21,10,1,2,3,3,4,5,6,7,8,9,9,4,
4,4,10,5,22,22,22,10,10,11,11,10,12,10,10,7,6,8,9,9,4,12,17,6,8,9,9,22,22,22,12,22,14,15,16,13,12,10,6,17,8,9,9,10,10,10,22,22,22,1,2,3,3,22,22,4,22,22,22,11,11,22,12,12,10,4,4,4,10,10,22,10,12,12,4,
10,21,18,10,4,5,6,7,8,9,9,4,20,3,3,20,10,10,10,10,10,10,1,2,2,
1,2,2,20,18,20,
4,10,4,4,22,22,22,12,12,10,1,2,10,3,3,5,7,6,8,9,9,4,10,6,17,8,9,9,10,10,10,12,22,22,12,13,14,16,15,12,10,22,10,22,10,10,22,22,10,10,11,11,10,4,4,
1,2,18,
1,2,18,
20,18,20,1,2,2,
1,2,18,
1,2,18,
3,3,12,4,12,12,10,4,12,17,6,8,9,9,10,10,4,4,6,17,8,9,9,10,4,12,4,4,10,11,11,10,4,4,5,15,16,13,14,12,6,7,8,9,9,4,10,6,17,8,9,9,10,10,6,17,8,9,9,10,10,10,10,10,10,17,6,8,9,9,10,10,10,10,10,1,2,
12,1,2,3,3,12,4,10,11,11,10,5,7,6,8,9,9,4,12,15,14,16,13,12,
22,15,14,16,13,12,22,12,12,12,12,22,22,22,10,22,11,11,10,4,1,2,3,3,10,5,10,22,22,10,6,7,8,9,9,4,10,10,22,22,17,6,8,9,9,10,10,10,12,12,22,
22,22,12,22,22,12,15,14,13,16,12,12,12,12,4,5,6,7,8,9,9,4,1,2,3,3,4,12,4,4,4,22,22,10,11,11,10,22,
4,4,4,4,4,10,10,10,5,6,7,8,9,9,4,10,1,2,3,3,10,17,19,
1,2,18,
1,2,18,
18,4,1,2,3,3,4,
1,2,2,20,18,20,
10,6,17,8,9,9,10,1,2,12,3,3,4,10,11,11,10,5,6,7,8,9,9,4,10,10,18,21,12,
18,4,1,2,3,3,4,
4,4,4,4,4,4,4,4,4,4,4,4,4,4,4,4,4,4,4,4,4,4,4,4,4,20,3,3,20,4,4,4,4,4,19,4,4,4,4,1,2,2,4,4,4,4,4,
1,2,3,3,4,4,4,5,6,7,8,9,9,4,10,17,19,10,10,10,
1,2,18,
1,2,3,3,4,18,4,
22,22,12,12,10,11,11,10,5,22,12,12,15,16,14,13,22,10,22,22,10,22,12,12,6,7,8,9,9,4,10,1,2,3,3,10,22,22,12,22,22,17,6,8,9,9,22,22,12,12,22,22,22,12,22,22,22,4,10,22,22,10,
1,2,18,
11,11,10,15,14,13,16,12,22,12,12,4,22,5,22,7,6,8,9,9,4,4,12,4,4,4,4,4,4,4,1,2,3,3,12,22,22,10,
1,2,18,
1,2,18,
4,4,4,4,4,4,4,4,4,1,2,2,4,4,20,4,4,4,4,3,3,20,4,19,4,4,4,
1,2,18,
4,18,4,1,2,2,20,3,3,20,
20,18,20,1,2,2,
1,2,3,3,22,4,5,6,7,8,9,9,4,12,12,22,22,22,22,22,17,6,8,9,9,22,22,22,22,22,10,10,12,10,11,11,10,22,11,11,22,14,15,16,13,12,12,12,22,12,
1,2,18,
1,2,18,
1,2,2,20,18,20,
10,11,11,10,5,7,6,8,9,9,4,12,1,2,3,3,18,21,12,4,
1,2,18,
1,2,18,
10,6,7,8,9,9,4,10,10,10,10,10,10,10,1,2,3,3,10,19,17,4,5,
1,2,2,20,18,20,
12,1,2,3,3,12,14,15,16,13,12,4,4,12,12,10,11,11,10,4,5,7,6,8,9,9,4,10,10,12,
10,10,10,10,1,2,3,3,4,5,10,10,10,6,7,8,9,9,4,10,10,10,10,17,19,10,10,
1,2,18,
1,2,18,
1,2,18,
10,10,17,19,10,1,2,3,3,4,4,4,5,7,6,8,9,9,4,10,10,10,
4,4,4,4,4,4,4,4,4,1,2,3,3,4,4,4,19,4,4,4,4,4,4,4,4,4,4,4,
10,10,5,6,7,8,9,9,4,10,10,10,11,11,10,12,12,13,14,16,15,12,12,1,2,3,3,4,
1,2,3,3,4,5,7,6,8,9,9,4,10,12,10,10,11,11,10,14,15,16,13,12,
5,18,4,1,2,3,3,4,4,4,
1,2,18,
4,4,4,7,6,8,9,9,4,10,10,4,5,4,4,1,2,3,3,4,4,4,4,12,10,10,18,21,12,4,10,11,11,10,
4,4,4,4,4,4,4,4,1,2,3,3,4,4,4,4,4,19,4,4,4,4,
1,2,18,
4,4,4,19,4,4,1,2,4,3,3,4,4,4,4,
12,12,12,22,12,12,22,12,12,12,12,12,12,22,22,20,12,22,15,14,13,16,22,12,12,22,22,12,22,12,20,20,22,20,20,20,12,20,12,22,3,3,20,4,22,12,20,12,12,10,11,11,10,12,20,22,20,20,12,12,12,22,22,22,22,22,12,22,12,12,12,5,20,20,12,22,6,7,8,9,9,4,10,12,12,10,1,2,2,22,12,22,12,22,22,20,20,
1,2,18,
4,4,4,4,4,4,4,4,4,4,1,2,3,3,4,4,4,18,4,4,4,
10,10,4,4,4,4,4,1,2,2,5,7,6,8,9,9,4,10,10,10,10,10,19,17,20,3,3,20,
1,2,2,12,12,5,7,6,8,9,9,4,22,10,17,6,8,9,9,10,10,22,22,10,22,12,22,22,22,22,4,22,22,22,4,10,11,11,10,20,4,22,3,3,20,21,18,22,22,
4,1,2,3,3,19,4,
1,2,2,20,18,20,
4,4,18,4,4,4,4,4,1,2,3,3,4,
1,2,2,20,18,20,
4,18,4,1,2,2,20,3,3,20,
4,1,2,3,3,5,6,7,8,9,9,4,4,4,12,10,10,10,11,11,10,15,14,16,13,12,
1,2,18,
22,22,12,22,17,19,22,22,22,22,22,22,12,22,22,1,2,3,3,4,10,11,11,10,5,22,6,7,8,9,9,4,22,22,22,22,12,12,12,22,22,22,22,22,22,
10,11,11,10,12,1,2,3,3,15,13,14,16,12,10,4,10,5,7,6,8,9,9,4,
4,4,1,2,5,3,3,6,7,8,9,9,4,10,10,10,12,19,17,12,6,17,8,9,9,10,10,11,11,10,4,
5,7,6,8,9,9,4,13,14,16,15,12,12,1,2,3,3,4,10,11,11,10,
5,6,7,8,9,9,4,10,10,10,10,10,17,19,10,10,1,2,3,3,4,
10,10,1,2,3,3,10,10,4,10,10,5,6,7,8,9,9,4,10,10,10,10,10,10,19,17,10,10,10,
1,2,18,
7,6,8,9,9,4,1,2,2,10,20,3,3,20,10,4,10,17,19,10,5,10,
6,7,8,9,9,4,10,10,4,15,14,16,13,12,4,4,1,2,3,3,10,11,11,10,4,4,12,5,
4,4,4,4,4,4,4,4,1,2,2,4,4,4,20,4,3,3,20,4,19,4,4,
10,10,12,12,1,2,2,4,10,11,11,10,5,17,6,8,9,9,12,22,20,7,6,8,9,9,4,10,20,20,14,15,13,16,22,17,6,8,9,9,10,3,3,20,12,
11,11,10,12,12,12,22,22,22,22,22,22,22,22,22,22,22,22,22,22,22,22,22,22,22,12,22,22,22,22,22,22,22,1,2,2,20,22,14,13,15,16,12,3,3,20,4,5,7,6,8,9,9,4,10,
1,2,18,
1,2,2,20,18,20,
4,4,4,4,4,18,4,1,2,2,20,3,3,20,
12,10,10,12,12,4,4,5,7,6,8,9,9,4,10,21,18,12,10,4,4,4,1,2,3,3,10,11,11,10,12,12,
1,2,18,
17,6,8,9,9,10,10,10,12,20,20,4,12,10,6,17,8,9,9,10,20,20,20,4,20,10,10,3,3,20,20,22,22,15,13,14,16,12,1,2,2,4,22,12,12,5,10,11,11,10,6,7,8,9,9,4,10,
10,17,19,10,10,1,2,3,3,4,5,10,10,6,7,8,9,9,4,10,10,10,
4,10,1,2,3,3,5,10,6,7,8,9,9,4,10,10,19,17,10,10,
10,10,10,10,19,17,10,10,10,6,17,8,9,9,10,10,10,4,10,10,10,5,1,2,3,3,10,6,7,8,9,9,4,10,10,10,10,10,10,10,10,10,10,
1,2,18,
1,2,18,
1,2,3,3,12,10,22,11,11,10,22,12,12,22,22,12,12,12,12,22,12,12,22,12,17,19,22,22,22,4,10,22,4,5,10,22,10,7,6,8,9,9,4,6,17,8,9,9,10,4,12,22,22,12,
10,10,1,2,3,3,4,10,10,5,7,6,8,9,9,4,10,10,10,10,10,10,10,10,10,6,17,8,9,9,10,10,10,17,19,10,10,10,10,10,10,10,
10,10,10,17,6,8,9,9,10,10,10,10,10,4,10,10,5,6,7,8,9,9,4,10,10,10,10,10,10,10,10,20,3,3,20,10,10,1,17,19,2,2,10,10,10,10,10,10,10,10,10,10,10,10,
22,22,22,22,22,22,22,22,22,22,12,12,4,22,5,20,3,3,20,6,7,8,9,9,4,12,10,10,1,2,2,10,12,10,10,10,13,15,14,16,12,22,10,11,11,10,10,22,10,
20,18,20,1,2,2,
4,10,5,17,19,10,10,7,6,8,9,9,4,10,10,10,4,4,20,3,3,20,4,4,1,2,2,
5,7,6,8,9,9,4,10,19,17,10,10,10,10,10,10,10,20,3,3,20,4,1,2,2,
4,4,4,20,3,3,20,19,4,1,2,2,
4,4,20,3,3,20,4,19,1,2,2,
6,7,8,9,9,4,12,12,1,2,2,12,4,12,10,10,11,11,10,4,10,12,20,14,15,13,16,12,3,3,20,4,10,5,10,
10,1,2,2,10,12,12,12,12,14,15,13,16,12,5,10,10,7,6,8,9,9,4,10,10,10,11,11,10,12,12,20,12,12,3,3,20,12,12,12,12,20,20,12,12,23,23,23,4,
4,4,4,4,1,2,2,19,4,20,4,4,3,3,20,4,4,4,4,4,
20,3,3,20,4,1,2,2,18,4,
20,18,20,1,2,2,
5,7,6,8,9,9,4,10,10,10,11,11,10,20,12,20,12,12,12,12,1,2,2,20,15,13,14,16,12,20,20,3,3,20,4,
22,12,22,22,4,12,22,22,22,22,22,22,22,22,22,22,22,22,22,22,22,5,22,20,6,7,8,9,9,4,22,3,3,20,22,22,22,22,10,11,11,10,22,22,10,22,10,12,12,12,12,15,13,14,16,12,22,22,22,1,2,2,22,22,10,22,22,10,10,10,22,
20,18,20,1,2,2,
20,20,20,20,18,20,1,2,2,20,
19,4,20,20,20,4,4,20,20,3,3,20,4,1,2,2,
4,18,4,4,4,20,3,3,20,4,4,4,4,4,4,4,4,4,4,4,1,2,2,4,
10,10,10,10,1,2,2,10,10,10,10,10,20,10,10,20,10,10,10,4,5,20,3,3,20,10,19,17,6,7,8,9,9,4,10,10,
1,2,3,3,4,19,4,
1,2,18,
1,2,2,20,18,20,
10,11,11,10,12,12,12,12,12,12,12,12,22,22,12,22,1,2,2,20,22,3,3,20,4,10,5,10,6,7,8,9,9,4,22,22,22,12,12,12,23,23,23,12,12,12,13,15,16,14,12,22,22,22,22,
4,10,12,12,4,5,10,7,6,8,9,9,4,11,11,10,22,22,22,12,1,2,3,3,12,14,15,13,16,12,22,4,10,22,
20,18,20,1,2,2,
10,10,10,12,4,4,5,4,6,7,8,9,9,4,20,20,10,6,17,8,9,9,10,10,10,20,10,3,3,20,11,11,10,15,14,13,16,12,10,1,2,2,10,10,10,10,
1,2,18,
1,2,2,20,18,20,
4,6,7,8,9,9,4,16,14,13,15,12,4,10,10,1,2,3,3,12,10,11,11,10,4,5,
1,2,2,20,18,20,
4,4,4,4,19,4,4,4,4,4,4,4,1,2,3,3,4,4,4,4,4,4,4,4,4,4,4,4,4,4,4,
5,6,7,8,9,9,4,10,17,19,10,1,2,3,3,4,
1,2,18,
4,4,4,4,4,4,4,4,4,4,4,4,4,4,4,4,4,4,4,1,2,4,3,3,4,4,4,19,4,4,4,4,4,4,
18,4,20,3,3,20,1,2,2,4,4,4,
1,2,18,
10,19,17,10,4,1,2,3,3,5,6,7,8,9,9,4,10,10,10,10,
10,10,10,10,10,10,10,1,2,3,3,10,4,5,6,7,8,9,9,4,10,10,10,10,10,19,17,
1,2,2,20,18,20,
20,18,20,1,2,2,
1,2,18,
3,3,4,18,4,4,4,1,2,
4,4,4,4,4,4,4,4,4,1,2,4,3,3,4,4,4,4,4,4,4,4,19,4,4,4,
1,2,18,
1,2,18,
12,10,10,1,2,2,20,3,3,20,4,10,11,11,10,5,6,7,8,9,9,4,10,10,10,10,10,16,15,14,13,12,10,
20,18,20,1,2,2,
10,10,4,1,2,3,3,5,7,6,8,9,9,4,10,10,10,19,17,10,
1,2,18,
10,20,10,4,10,10,10,10,5,7,6,8,9,9,4,4,4,10,1,2,2,10,10,10,20,3,3,20,4,4,20,10,17,19,10,10,10,10,
20,3,3,20,4,4,4,18,4,1,2,2,
5,10,7,6,8,9,9,4,10,10,10,11,11,10,12,4,18,21,12,10,10,4,4,4,4,4,10,10,4,1,2,3,3,10,
5,12,12,6,7,8,9,9,4,14,15,13,16,12,10,11,11,10,12,4,4,4,1,2,3,3,
1,2,2,15,14,13,16,12,10,11,11,10,4,4,4,4,12,4,4,4,5,20,3,3,20,7,6,8,9,9,4,10,10,4,4,12,12,
1,2,18,
5,12,6,7,8,9,9,4,12,10,10,12,10,6,17,8,9,9,10,10,10,1,2,3,3,12,12,12,14,15,13,16,12,10,11,11,10,12,4,
4,4,12,12,12,12,12,12,10,11,11,10,15,14,13,16,12,4,10,10,10,10,1,2,3,3,12,10,10,10,4,4,5,7,6,8,9,9,4,10,
1,2,18,
20,1,2,2,18,20,
20,20,18,20,20,1,2,2,
4,5,6,7,8,9,9,4,4,4,12,1,2,10,3,3,11,11,14,16,13,15,10,12,4,4,
1,2,2,20,18,20,
1,2,18,
1,2,18,
1,2,18,
20,18,20,1,2,2,
4,5,7,6,8,9,9,4,10,4,10,4,22,22,12,10,10,10,10,10,11,11,10,12,12,12,1,2,15,16,14,13,12,3,3,4,22,4,
18,4,4,4,4,4,20,4,4,3,3,20,4,4,4,1,2,2,
1,2,2,20,18,20,
10,11,11,10,12,12,12,22,22,22,23,23,23,23,23,23,4,4,5,23,23,23,12,12,7,6,8,9,9,4,10,10,1,2,3,3,12,22,22,22,22,10,10,10,10,12,22,10,22,10,10,10,4,15,14,16,13,12,
1,2,18,
10,19,17,10,1,2,3,3,4,5,4,4,6,7,8,9,9,4,
1,2,2,20,18,20,
1,2,2,20,18,20,
4,4,10,10,20,3,3,20,10,4,4,10,10,1,10,2,2,4,10,10,10,10,10,17,19,4,5,7,6,8,9,9,4,10,4,10,
20,18,20,1,2,2,
20,18,20,1,2,2,
4,5,6,7,8,9,9,4,10,10,1,2,3,3,14,15,13,16,12,10,10,12,10,11,11,10,
20,18,20,1,2,2,
1,2,18,
4,18,4,20,1,2,2,3,3,20,
5,7,6,8,9,9,4,10,10,17,19,10,10,4,4,10,10,10,10,10,1,2,3,3,10,4,10,10,10,10,
10,7,6,8,9,9,4,20,3,3,20,10,10,10,10,19,17,4,5,1,2,2,10,10,
5,10,6,7,8,9,9,4,19,17,10,1,2,3,3,4,
4,4,4,4,4,1,2,2,4,4,4,4,4,18,4,4,4,4,20,3,3,20,
5,7,6,8,9,9,4,22,10,12,22,10,12,12,12,12,10,11,11,10,12,12,15,14,13,16,12,12,22,22,12,12,12,22,22,22,22,12,12,12,12,17,6,8,9,9,22,22,22,22,22,22,12,22,22,22,11,11,22,4,22,22,12,22,22,22,1,2,3,3,
1,2,3,3,4,18,4,
20,20,1,2,2,20,18,20,
12,10,10,10,10,10,10,22,22,22,10,22,10,10,10,22,22,22,22,12,22,22,4,1,2,3,3,22,12,12,22,12,15,14,13,16,12,5,22,12,6,7,8,9,9,4,22,10,22,22,10,11,11,10,22,10,
1,2,18,
1,2,2,20,3,3,20,4,18,4,
4,4,4,4,20,3,3,20,4,4,4,1,2,2,4,4,4,4,4,18,4,4,
12,12,12,15,13,14,16,12,4,10,11,11,10,4,12,22,22,10,22,22,10,22,1,2,3,3,4,22,22,5,7,6,8,9,9,4,
10,5,7,6,8,9,9,4,10,10,10,10,10,10,10,10,10,10,10,10,10,10,10,10,10,17,19,10,10,10,10,10,10,10,10,1,2,3,3,4,17,6,8,9,9,10,10,
1,2,2,20,18,20,
1,2,3,3,4,18,4,
1,2,18,
1,2,18,
1,2,18,
22,13,15,14,16,12,22,12,12,4,4,12,22,12,12,22,22,12,22,1,2,2,4,22,22,5,22,22,12,7,6,8,9,9,4,12,12,10,22,12,22,22,10,20,3,3,20,22,22,22,10,22,11,11,10,4,4,
4,4,5,7,6,8,9,9,4,12,1,2,3,3,10,4,11,11,10,4,4,12,12,15,13,16,14,12,
4,4,4,4,4,4,4,4,4,4,4,4,4,4,4,4,4,4,4,4,4,4,4,4,4,1,2,2,4,19,20,4,4,4,3,3,20,
12,12,21,18,12,12,1,2,2,20,3,3,20,4,5,10,11,11,10,6,7,8,9,9,4,
1,2,2,20,18,20,
12,12,22,22,12,12,22,22,22,22,22,22,14,15,16,13,12,22,23,23,23,12,12,22,22,22,12,22,12,22,22,22,22,22,22,10,22,22,11,11,10,22,22,12,22,22,22,22,22,22,22,1,2,2,20,22,22,3,3,20,22,4,5,7,6,8,9,9,4,
1,2,18,
1,2,10,3,3,4,10,5,6,7,8,9,9,4,10,19,17,10,10,10,
1,2,18,
1,2,2,20,18,20,
1,2,2,20,18,20,
4,4,4,4,1,2,2,20,4,4,20,3,3,20,4,4,20,4,19,4,
4,4,4,4,1,2,4,3,3,4,4,4,4,4,4,4,4,4,4,4,4,4,19,4,4,4,4,4,
22,22,22,6,17,8,9,9,22,22,22,22,22,5,22,22,22,15,14,16,13,22,10,10,10,10,7,6,8,9,9,4,22,22,10,22,22,22,22,10,1,2,10,3,3,4,10,22,12,12,22,4,22,10,11,11,10,22,22,22,22,22,22,22,22,22,22,4,22,22,22,22,22,22,22,22,22,22,22,22,12,4,4,22,
15,14,13,16,12,1,2,2,20,4,10,11,11,10,5,12,6,7,8,9,9,4,20,3,3,20,10,10,20,
10,10,10,4,5,6,7,8,9,9,4,10,10,10,10,4,4,1,2,3,3,10,10,10,10,10,10,19,17,10,10,
14,13,15,16,12,10,10,10,10,10,10,10,10,10,12,4,10,10,10,1,2,3,3,10,5,10,11,11,10,10,10,6,17,8,9,9,10,10,10,7,6,8,9,9,4,10,10,10,10,
1,2,18,
10,22,22,22,12,15,14,16,13,12,10,11,11,10,10,10,12,22,22,12,22,12,12,12,4,22,22,22,22,12,12,22,22,22,22,22,12,12,12,12,5,12,22,22,12,12,12,7,6,8,9,9,4,10,10,10,10,10,1,2,3,3,
4,4,4,5,10,6,7,8,9,9,4,19,17,10,1,2,3,3,
1,2,2,20,20,18,20,20,
1,2,10,3,3,4,11,11,10,12,5,7,6,8,9,9,4,14,15,13,16,12,
1,2,18,
1,2,2,20,3,3,20,4,4,4,4,4,19,4,
1,2,18,
12,12,12,12,12,22,22,12,22,22,22,1,2,3,3,4,5,6,7,8,9,9,4,10,11,11,10,12,12,22,12,12,12,12,12,12,22,22,14,13,16,15,12,22,22,12,
20,20,18,20,1,2,2,20,
20,18,20,1,2,2,
1,2,2,20,18,20,
10,10,1,2,2,20,3,3,20,4,5,10,7,6,8,9,9,4,10,10,10,19,17,10,10,10,
12,7,6,8,9,9,4,10,22,12,12,14,15,16,13,12,10,11,11,10,10,10,6,17,8,9,9,10,10,12,22,10,20,1,2,2,22,22,4,20,4,22,10,4,10,20,6,17,8,9,9,10,10,17,6,8,9,9,10,10,3,3,20,5,
22,22,22,22,12,22,10,10,11,11,10,20,3,3,20,4,1,2,2,5,12,12,12,6,7,8,9,9,4,22,14,15,16,13,12,22,22,10,22,
12,4,4,4,4,4,4,4,4,4,4,4,4,4,4,10,4,4,6,17,8,9,9,10,10,4,4,10,5,10,10,12,6,7,8,9,9,4,10,13,14,16,15,12,10,12,22,10,22,11,11,22,10,12,12,12,12,10,12,12,22,10,12,10,11,11,10,12,12,10,10,1,2,3,3,22,10,17,6,8,9,9,22,22,10,12,22,22,22,12,4,
12,12,12,13,14,16,15,12,4,5,7,6,8,9,9,4,10,1,2,3,3,10,10,11,11,10,
14,13,15,16,12,10,10,4,4,4,12,10,5,10,6,7,8,9,9,4,10,11,11,10,1,2,3,3,
1,2,18,
1,2,18,
22,12,1,2,3,3,22,22,12,10,11,11,10,22,12,12,22,22,12,12,22,12,12,12,12,12,12,12,22,15,14,13,16,12,12,12,4,12,12,6,17,8,9,9,22,22,22,12,12,12,22,5,12,12,22,22,6,7,8,9,9,12,4,10,10,22,11,11,22,12,
22,13,15,14,16,12,12,12,22,1,2,3,3,22,22,12,22,12,10,22,12,22,4,22,10,12,12,22,4,22,22,22,10,11,11,10,22,12,12,4,22,5,6,7,8,9,9,4,12,22,22,22,12,12,
1,2,2,20,18,20,
1,2,2,4,20,19,4,3,3,20,
22,10,12,22,22,12,12,12,12,22,12,12,12,12,12,12,22,22,12,1,2,3,3,12,12,12,22,22,4,10,22,11,11,10,10,4,22,10,22,22,22,12,10,10,12,4,5,6,7,8,9,9,4,12,12,12,14,15,13,16,12,12,22,22,22,10,
4,4,1,2,2,20,3,3,20,4,4,19,4,4,
14,15,13,16,12,1,2,3,3,4,10,5,17,6,8,9,9,10,10,7,6,8,9,9,4,10,12,10,11,11,10,
1,2,18,
1,2,18,
20,18,20,1,2,2,
1,2,18,
1,2,18,
12,1,2,3,3,12,12,15,13,14,16,12,4,4,4,4,4,5,6,7,8,9,9,4,10,11,11,10,
10,10,1,2,2,20,3,3,20,4,10,10,17,19,5,7,6,8,9,9,4,10,
4,4,4,4,4,4,4,5,7,6,8,9,9,4,10,1,2,3,3,10,10,19,17,10,
6,7,8,9,9,4,10,4,17,6,8,9,9,10,10,12,4,4,4,4,10,4,4,4,4,10,11,11,10,18,21,12,4,4,4,4,4,4,4,4,10,4,4,4,1,2,3,3,10,4,5,
20,18,20,1,2,2,
10,10,10,4,4,4,10,4,4,4,10,4,10,5,10,6,7,8,9,9,4,10,10,10,10,10,10,17,19,10,10,10,10,10,10,17,6,8,9,9,10,10,10,1,2,3,3,10,
22,1,2,3,3,22,10,22,11,11,22,22,10,22,4,22,22,12,22,5,12,12,22,22,22,7,6,8,9,9,4,22,22,22,22,6,17,8,9,9,22,22,22,12,12,12,12,12,12,14,15,13,16,12,10,11,11,10,22,22,22,22,
20,18,20,1,2,2,
4,4,4,4,4,4,4,4,1,2,3,3,4,19,4,4,
10,11,11,10,10,5,6,7,8,9,9,4,10,1,2,3,3,4,4,12,15,14,13,16,12,4,
20,20,20,18,20,1,2,2,
20,18,20,1,2,2,
22,22,6,7,8,9,9,4,22,10,12,10,10,10,10,10,11,11,10,12,12,10,10,10,20,10,3,3,20,10,10,10,12,15,13,14,16,12,10,10,10,10,10,10,17,6,8,9,9,10,12,4,10,4,22,10,6,17,8,9,9,10,22,10,12,1,2,2,10,10,4,10,5,
4,4,4,4,20,4,3,3,20,4,4,4,4,4,4,4,4,4,4,4,4,19,4,4,4,1,2,2,4,
4,1,2,3,3,4,7,6,8,9,9,4,12,4,4,4,4,4,4,10,4,10,4,4,4,4,4,4,4,10,10,4,10,11,11,10,10,10,4,4,15,14,16,13,12,10,4,10,4,4,4,4,5,4,
1,2,2,20,3,3,20,4,18,4,4,4,
1,2,18,
4,1,2,3,3,4,4,4,4,4,4,19,4,
4,4,4,4,4,18,4,4,1,2,4,3,3,4,4,4,4,4,4,4,4,4,4,4,4,4,4,4,4,
4,1,2,2,20,3,3,20,19,4,
1,2,18,
1,2,3,3,22,12,22,22,6,17,8,9,9,22,22,12,22,10,4,4,12,12,10,4,11,11,10,10,4,12,12,12,4,22,12,22,12,4,4,5,12,12,22,12,12,12,15,13,14,16,12,6,7,8,9,9,4,10,10,11,11,22,22,22,12,22,22,22,22,22,
1,2,3,3,4,18,4,
10,10,10,10,4,1,2,3,3,5,7,6,8,9,9,4,10,10,10,10,10,10,10,19,17,4,4,10,10,10,10,
22,22,22,10,12,4,22,22,5,22,7,6,8,9,9,22,4,22,10,17,6,8,9,9,10,22,22,22,12,12,10,11,11,10,22,15,16,13,14,22,22,22,22,22,12,1,2,3,3,10,6,17,8,9,9,10,10,17,6,8,9,9,10,10,10,22,22,22,10,12,12,22,22,6,17,8,9,9,10,22,10,10,10,10,4,10,4,
18,21,22,12,12,12,22,12,12,22,22,22,22,22,22,22,22,1,2,3,3,22,10,10,22,4,12,12,22,22,22,22,5,12,6,7,8,9,9,4,22,10,22,11,11,10,22,12,10,12,12,22,10,22,22,10,22,22,10,22,22,
1,2,18,
10,10,12,12,1,2,22,3,3,22,12,12,22,22,22,22,22,22,22,22,22,22,12,10,22,10,11,11,10,10,4,12,5,7,6,8,9,9,4,10,15,13,14,16,12,22,22,10,10,17,6,8,9,9,10,
4,10,4,10,22,22,22,12,12,1,2,12,3,3,6,17,8,9,9,10,22,10,22,22,22,17,6,8,9,9,10,22,12,22,22,10,12,10,10,10,4,4,4,17,6,8,9,9,12,5,22,11,11,22,12,4,4,15,13,16,14,12,22,22,4,4,6,7,8,9,9,4,10,6,17,8,9,9,10,22,22,12,22,22,22,22,4,4,22,22,22,4,10,22,22,4,10,11,11,10,
1,2,18,
4,4,18,4,4,4,1,2,3,3,4,
10,11,11,10,12,10,4,10,5,14,15,13,16,12,20,6,7,8,9,9,4,10,6,17,8,9,9,10,10,17,6,8,9,9,10,10,17,6,8,9,9,10,10,3,3,20,10,10,10,1,2,2,
1,2,2,20,18,20,
1,2,2,20,3,3,20,4,4,19,4,4,4,4,4,4,
10,17,6,8,9,9,10,10,10,10,22,22,10,22,22,22,12,17,6,8,9,9,22,22,22,22,4,22,22,22,22,4,4,22,20,3,3,20,22,11,11,22,4,4,22,22,1,2,2,4,4,4,4,5,22,22,22,10,11,11,10,4,12,4,16,14,13,15,12,22,22,4,22,4,12,12,6,7,8,9,9,4,
1,2,18,
1,2,18,
22,22,22,22,12,12,22,12,1,2,3,3,14,15,13,16,12,4,5,7,6,8,9,9,4,4,4,12,10,11,11,10,
1,2,2,20,3,3,20,4,18,4,
10,4,4,5,6,7,8,9,9,4,10,10,10,10,10,1,2,3,3,10,17,6,8,9,9,10,10,10,10,17,19,4,4,10,4,4,10,10,10,10,10,4,
12,4,16,14,13,15,12,4,22,4,5,7,6,8,9,9,4,10,17,6,8,9,9,10,10,4,10,4,1,2,3,3,12,12,10,11,11,10,12,10,10,4,6,17,8,9,9,10,10,4,17,6,8,9,9,10,10,10,10,22,22,22,22,
5,6,7,8,9,9,4,10,10,10,10,10,10,10,10,10,19,17,10,1,2,3,3,4,
13,14,16,15,12,10,10,4,10,11,11,10,5,7,6,8,9,9,4,1,2,10,3,3,17,6,8,9,9,10,10,10,12,
1,2,18,
1,2,4,3,3,5,10,6,7,8,9,9,4,10,10,19,17,10,4,4,
1,2,2,20,20,20,18,20,
4,10,4,4,4,10,10,10,5,6,7,8,9,9,4,10,10,10,10,1,2,3,3,10,10,10,10,10,10,17,19,4,4,10,4,4,4,
22,22,22,22,10,11,11,10,22,12,12,15,16,14,13,22,12,22,22,12,1,2,3,3,22,22,22,22,22,4,5,7,6,8,9,9,4,10,10,12,12,22,10,10,6,17,8,9,9,10,17,6,10,8,9,9,10,10,22,
1,2,3,3,4,18,4,
4,4,4,4,4,1,2,2,20,20,20,3,3,20,18,4,
10,5,10,6,7,8,9,9,4,19,17,10,10,10,10,1,2,3,3,4,
4,19,4,1,2,3,3,
20,20,20,18,20,1,2,2,
4,1,2,2,4,4,10,4,12,12,10,22,4,22,4,4,4,10,4,11,11,10,4,4,4,4,4,4,4,4,4,5,12,4,4,6,7,8,9,9,4,10,12,10,4,4,22,4,21,18,12,20,3,3,20,4,4,22,22,22,22,22,10,4,22,22,22,10,10,10,4,
1,2,18,
10,1,2,3,3,10,10,10,17,19,10,4,10,5,7,6,8,9,9,4,10,10,
1,2,18,
1,2,18,
10,10,1,2,3,3,4,5,7,6,8,9,9,4,10,10,10,19,17,10,
4,4,4,4,20,3,3,20,1,2,2,4,4,4,19,4,4,
10,4,4,5,7,6,8,9,9,4,10,17,19,10,10,10,10,10,10,1,2,3,3,4,10,10,
1,2,18,
1,2,18,
20,18,20,1,2,2,
1,2,18,
4,4,4,5,6,7,8,9,9,4,10,10,1,2,3,3,10,17,19,10,
1,2,2,20,3,3,20,4,18,4,
20,18,20,1,2,2,
1,2,18,
1,2,2,20,18,20,
4,12,5,12,7,6,8,9,9,4,10,6,17,8,9,9,10,12,12,12,12,1,2,3,3,6,17,8,9,9,12,12,22,14,15,16,13,22,10,11,11,10,
10,4,10,10,10,10,5,6,7,8,9,9,4,10,10,10,10,10,10,1,2,2,10,19,17,20,10,10,3,3,20,10,10,10,10,10,10,10,
1,2,18,
1,2,18,
1,2,18,
10,19,17,10,4,1,2,2,4,4,5,7,6,8,9,9,4,10,10,20,3,3,20,
20,3,3,20,22,22,22,10,11,11,10,12,1,2,2,4,22,12,12,15,13,16,14,12,5,7,6,8,9,9,4,22,20,20,4,4,12,
10,11,11,10,4,4,5,6,7,8,9,9,4,15,13,14,16,12,10,1,2,10,3,3,4,12,
4,19,4,4,4,4,4,4,4,1,2,3,3,
1,2,18,
22,22,22,22,22,22,22,11,11,22,22,22,22,22,12,22,17,6,8,9,9,22,22,22,22,22,12,12,12,22,22,22,22,22,22,10,11,11,10,4,4,4,22,22,22,5,22,4,22,22,22,12,6,7,8,9,9,4,22,22,22,12,12,12,12,12,14,16,13,15,12,23,23,23,22,22,4,22,12,12,1,2,3,3,
4,10,10,10,10,10,5,7,6,8,9,9,4,10,10,1,2,3,3,10,10,10,10,10,10,10,19,17,4,4,4,4,10,10,4,10,10,4,10,
1,2,18,
5,7,6,8,9,9,4,10,10,10,10,10,10,1,2,3,3,10,19,17,10,10,10,10,4,
5,6,7,8,9,9,4,4,10,10,4,10,6,17,8,9,9,10,10,10,10,10,6,17,8,9,9,10,10,6,17,8,9,9,10,10,4,1,2,10,3,3,10,4,4,4,10,10,10,4,17,19,10,
1,2,18,
20,3,3,20,10,10,10,18,21,10,4,5,7,6,8,9,9,4,10,10,1,2,2,
1,2,2,20,18,20,
4,4,4,4,1,2,2,4,20,3,3,20,18,4,
19,17,10,4,4,4,1,2,2,20,3,3,20,4,5,6,7,8,9,9,4,10,4,10,10,
1,2,18,
1,2,3,3,4,18,4,4,4,4,4,
10,19,17,10,4,4,1,2,3,3,4,10,4,5,6,7,8,9,9,4,10,10,10,10,10,4,
23,23,23,18,23,1,2,2,
10,10,10,10,10,10,10,10,10,4,10,10,4,10,10,10,19,17,10,1,2,4,3,3,6,17,8,9,9,10,10,10,5,6,7,8,9,9,4,10,
1,2,18,
20,18,20,1,2,2,
1,2,18,
5,6,7,8,9,9,4,10,6,17,8,9,9,10,1,2,3,3,10,19,17,10,4,
4,1,2,3,3,18,4,
20,1,2,2,18,20,
4,4,4,4,4,1,2,3,3,4,19,4,4,4,
1,2,18,
18,20,20,20,20,20,1,2,2,20,20,20,20,20,
20,1,2,2,18,20,20,20,
20,18,20,1,2,2,20,20,
12,10,10,10,4,10,17,6,8,9,9,10,10,10,11,11,10,4,5,1,2,2,6,7,8,9,9,4,10,10,10,15,16,13,14,10,12,10,6,17,8,9,9,10,10,10,10,10,10,20,10,3,3,20,6,17,8,9,9,10,17,6,8,9,9,10,10,10,10,10,4,10,10,4,20,20,4,
7,6,8,9,9,4,10,6,17,8,9,9,10,1,2,2,4,10,11,11,10,4,12,20,3,3,20,21,18,12,4,5,
12,12,22,22,22,4,17,6,8,9,9,22,22,22,12,12,10,12,12,22,1,2,2,10,5,7,6,8,9,9,4,22,10,10,17,6,8,9,9,10,11,11,10,10,20,10,3,3,20,22,22,17,19,22,22,22,22,22,
19,4,1,2,2,20,3,3,20,4,
4,19,4,20,1,2,2,3,3,20,
6,7,8,9,9,4,10,17,6,8,9,9,10,1,2,2,10,10,20,3,3,20,10,10,10,19,17,10,10,4,10,10,5,10,10,
22,10,11,11,10,15,13,14,16,22,1,2,2,20,3,3,20,12,12,4,5,6,7,8,9,9,4,12,10,17,6,8,9,9,10,10,17,6,8,9,9,10,10,6,17,8,9,9,10,10,10,17,6,8,9,9,12,
10,10,10,6,17,8,9,9,10,10,10,10,1,2,2,10,10,10,10,10,10,20,3,3,20,10,10,10,10,10,10,10,4,10,17,19,10,5,10,10,10,10,10,10,6,7,8,9,9,4,10,6,17,8,9,9,10,10,10,10,10,10,
20,1,2,2,18,20,
1,2,2,20,20,12,12,12,20,20,20,20,12,20,20,20,20,20,3,3,20,4,20,13,15,14,16,20,12,20,20,4,12,4,4,4,10,11,11,10,5,6,7,8,9,9,4,
20,18,20,1,2,2,
20,3,3,20,4,18,4,1,2,2,
19,4,20,3,3,20,1,2,2,4,4,4,4,4,4,4,
4,10,10,4,10,4,5,6,7,8,9,9,10,4,10,10,10,6,17,8,9,9,10,10,10,10,10,10,10,10,10,20,3,3,20,10,10,10,17,19,10,10,10,10,1,2,2,10,10,
12,12,12,12,22,12,12,22,22,22,22,12,12,12,4,22,22,12,12,12,12,12,12,20,22,22,22,5,12,3,3,20,12,12,7,6,8,9,9,4,12,15,16,13,14,12,12,12,22,22,10,11,11,10,12,12,12,22,22,12,12,22,22,22,22,12,22,12,1,2,2,22,22,22,22,
12,22,6,17,22,8,9,9,22,22,22,22,5,22,7,6,8,9,9,22,4,22,12,12,12,10,11,11,10,1,2,3,3,10,22,10,17,6,8,9,9,10,10,10,10,22,22,17,19,22,22,12,4,
1,2,18,
1,2,18,
1,2,10,3,3,11,11,10,4,5,12,12,6,7,8,9,9,4,10,12,10,10,14,13,15,16,12,10,
22,12,12,11,11,22,1,2,3,3,4,17,6,8,9,9,12,10,22,11,11,10,22,22,12,22,12,4,14,15,13,16,12,4,5,7,6,8,9,9,4,22,12,22,22,22,22,22,22,12,22,22,12,17,6,8,9,9,22,22,12,12,22,12,22,12,22,22,22,22,12,22,12,12,22,22,
1,2,2,20,18,20,
4,4,4,4,4,4,4,4,4,4,4,1,2,2,18,4,4,4,20,4,4,3,3,20,4,4,4,4,4,4,4,4,
1,2,18,
4,4,4,4,20,4,3,3,20,4,4,4,4,4,4,4,4,4,4,4,4,4,4,4,4,4,4,4,4,4,4,4,4,4,4,4,4,4,4,4,4,4,4,19,4,4,4,4,4,4,1,2,2,4,4,
10,10,10,20,3,3,20,4,4,1,2,2,10,4,10,5,10,17,19,10,6,7,8,9,9,4,10,6,17,8,9,9,10,10,10,10,10,10,
4,4,4,4,4,4,1,2,3,3,10,10,4,10,10,4,5,7,6,8,9,9,4,10,10,10,10,4,10,10,10,10,10,10,10,10,10,19,17,10,10,10,10,10,10,
4,4,4,4,4,4,4,4,4,1,2,3,3,4,4,4,4,4,19,4,4,4,4,4,4,4,
1,2,3,3,4,4,4,4,4,19,
12,4,4,4,4,4,1,2,5,3,3,6,7,8,9,9,4,15,13,16,14,12,4,4,10,11,11,10,
20,18,20,1,2,2,
10,10,12,4,4,4,12,10,10,11,11,10,1,2,3,3,12,10,21,18,12,5,10,7,6,8,9,9,4,10,10,10,10,10,10,10,10,10,6,17,8,9,9,10,10,10,10,10,10,10,10,
12,4,1,2,3,3,5,13,14,15,16,12,7,6,8,9,9,4,10,11,11,10,12,12,12,23,23,23,
1,2,18,
1,2,3,3,4,18,4,4,4,4,4,
5,7,6,8,9,9,4,22,4,22,1,2,2,22,20,3,3,20,4,22,22,22,22,22,22,22,22,22,22,22,12,22,22,22,22,22,22,22,22,22,22,22,22,22,22,22,22,22,22,22,22,22,22,10,11,11,10,22,17,19,22,22,22,22,22,22,22,22,22,22,22,22,22,22,22,22,12,12,12,22,22,12,4,22,12,12,22,12,
1,2,3,3,4,5,7,6,8,9,9,4,10,19,17,10,
1,2,18,
1,2,3,3,10,17,19,10,4,5,6,7,8,9,9,4,10,10,
6,7,8,9,9,4,10,11,11,10,4,1,2,3,3,12,4,4,12,12,4,4,5,18,21,12,
5,4,12,7,6,8,9,9,4,15,13,14,16,12,10,11,11,10,4,4,1,2,3,3,
3,3,10,10,5,7,6,8,9,9,4,10,10,10,10,10,17,6,8,9,9,10,10,10,10,10,10,10,10,10,10,10,10,10,10,19,17,4,10,10,1,2,
10,5,10,6,7,8,9,9,4,10,10,22,22,22,12,12,18,21,22,10,17,6,8,9,9,10,10,10,12,4,10,11,11,10,1,2,3,3,
1,2,18,
4,4,19,4,4,4,4,1,2,3,3,
1,2,18,
1,2,18,
10,11,11,10,7,6,8,9,9,4,14,15,13,16,12,10,12,20,10,3,3,20,4,10,4,4,5,10,1,2,2,
1,2,3,3,15,14,16,13,12,10,11,11,10,12,4,5,4,4,6,7,8,9,9,4,
1,2,18,
18,20,1,2,2,20,
1,2,2,20,18,20,
12,10,11,11,10,12,13,14,16,15,12,10,10,10,4,17,6,8,9,9,10,10,10,22,22,5,22,12,1,2,3,3,6,7,8,9,9,4,10,10,12,12,12,
10,10,6,17,8,9,9,10,1,2,2,10,10,21,18,12,4,10,12,10,10,10,10,10,10,12,5,10,7,6,8,9,9,4,12,10,11,11,10,20,3,3,20,12,10,10,12,10,10,10,
5,6,7,8,9,9,4,22,22,22,12,22,10,11,11,10,22,22,14,15,16,13,12,10,12,12,1,2,3,3,10,4,12,22,22,22,
4,10,4,10,4,4,4,5,7,6,8,9,9,4,10,4,10,10,10,17,19,10,1,2,3,3,10,10,10,10,10,10,4,10,
5,6,7,8,9,9,4,10,10,12,1,2,3,3,10,11,11,10,4,4,4,18,21,12,
12,12,1,2,2,4,10,5,7,6,8,9,9,4,13,16,14,15,10,12,10,6,17,8,9,9,10,10,10,10,10,10,11,11,10,10,10,10,17,6,8,9,9,10,10,17,6,8,9,9,10,10,10,20,3,3,20,10,17,6,8,9,9,10,10,10,12,
1,2,2,20,18,20,
4,4,4,4,4,4,4,4,19,4,4,4,1,2,2,4,4,20,3,3,20,4,4,4,
10,10,1,2,3,3,4,5,10,10,7,6,8,9,9,4,10,10,10,10,10,17,6,8,9,9,10,10,10,4,4,10,19,17,10,10,
1,2,2,20,18,20,
23,23,1,2,2,23,18,23,
10,22,10,17,6,8,9,9,10,10,10,10,10,10,10,10,10,10,11,11,10,1,5,2,2,10,6,7,10,8,9,9,4,10,10,12,12,21,18,22,22,22,22,12,20,3,3,20,4,22,22,22,22,22,22,22,10,
1,2,18,
1,2,18,
10,10,10,10,10,4,10,10,5,10,10,10,6,7,8,9,9,4,10,17,6,8,9,9,10,10,10,10,10,1,2,2,10,10,10,20,10,10,10,3,3,20,10,10,17,19,10,4,10,4,10,
12,18,21,12,10,11,11,10,10,10,4,5,1,2,7,6,8,9,9,3,3,4,
1,2,18,
1,2,18,
1,2,2,20,18,20,
4,4,20,3,3,20,20,4,1,2,2,18,4,20,
1,2,18,
22,22,22,4,10,11,11,10,4,4,4,4,12,5,15,13,14,16,12,10,7,6,8,9,9,4,10,10,12,12,10,4,12,4,22,22,1,2,3,3,22,22,
22,22,12,12,12,21,18,12,12,22,1,2,3,3,22,4,22,5,22,22,22,6,7,8,9,9,4,10,11,11,10,12,12,12,12,22,22,12,22,22,12,22,12,12,10,12,22,22,12,22,22,12,6,17,8,9,9,10,22,
20,1,2,2,18,20,
20,4,20,3,3,20,4,4,4,1,2,2,20,4,19,4,4,4,4,4,4,
22,22,22,4,20,12,3,3,20,22,17,6,8,9,9,22,22,12,5,6,7,8,9,9,4,10,1,2,2,10,22,22,4,22,4,6,17,8,9,9,12,22,16,15,13,14,12,22,22,22,22,22,10,11,11,22,11,11,10,
1,2,18,
14,13,15,16,12,4,4,1,2,3,3,4,5,10,11,11,10,12,6,7,8,9,9,4,
10,10,10,10,4,10,10,5,6,7,8,9,9,4,10,17,6,8,9,9,10,10,10,10,1,2,10,17,19,3,3,10,10,10,10,10,10,6,17,8,9,9,10,10,10,
1,2,18,
12,12,22,22,22,20,3,3,20,4,22,22,12,5,22,6,7,8,9,9,4,22,18,21,22,22,22,10,11,11,10,1,2,2,
1,2,18,
4,4,4,5,12,6,7,8,9,9,4,18,21,12,1,2,3,3,4,4,4,4,10,11,11,10,4,4,
10,10,10,10,10,10,10,10,10,10,1,2,2,20,10,10,3,3,20,4,10,10,5,10,10,6,17,8,9,9,10,10,6,7,8,9,9,4,10,10,10,10,10,10,10,10,10,10,10,10,10,10,10,10,10,18,21,10,
18,4,1,2,3,3,4,
1,2,18,
18,20,1,2,2,20,
1,2,18,
4,1,2,4,3,3,12,10,11,11,10,17,19,12,4,4,4,4,4,10,5,10,7,6,8,9,9,4,
1,2,2,20,20,20,20,20,20,20,20,20,20,20,18,20,20,20,
1,2,2,20,18,20,
4,4,1,2,2,4,4,4,4,4,4,4,20,4,3,3,20,4,4,4,4,4,4,4,4,4,4,4,4,4,4,4,4,4,4,4,4,4,4,4,4,4,18,4,4,4,4,4,4,4,4,4,
11,11,10,4,1,2,3,3,21,18,12,5,6,7,8,9,9,4,10,12,
1,2,18,
1,2,2,20,18,20,
10,10,4,12,10,22,10,22,5,1,2,2,12,7,6,8,9,9,4,10,10,12,4,16,14,13,15,12,22,4,20,3,3,20,10,11,11,10,10,22,22,22,22,22,10,22,12,12,22,22,22,22,12,
1,2,2,20,3,3,20,4,4,18,4,4,
4,4,18,4,4,4,4,4,1,2,3,3,4,
1,2,18,
17,6,8,9,9,10,10,10,11,11,10,22,10,22,10,22,22,12,22,22,12,22,22,22,22,12,12,10,22,12,12,12,22,22,12,12,1,2,3,3,4,12,5,15,14,16,13,12,6,7,8,9,9,4,10,
20,18,20,1,2,2,
4,4,4,4,4,4,4,4,4,5,6,7,8,9,9,4,10,10,10,4,4,10,10,10,10,10,10,17,6,8,9,9,10,10,10,4,4,4,4,4,10,10,10,4,4,10,10,4,10,10,10,10,10,19,17,10,4,4,10,10,1,2,3,3,10,4,10,4,4,4,
20,18,20,1,2,2,
4,4,4,4,4,10,4,4,10,4,4,4,4,10,4,10,10,4,10,10,4,10,4,6,17,8,9,9,10,4,10,4,10,4,4,5,10,6,7,8,9,9,4,10,10,10,10,10,10,10,10,10,10,10,10,10,10,10,19,17,10,1,2,4,3,3,10,10,10,4,4,10,4,4,4,4,4,10,4,4,
1,2,18,
1,2,2,20,18,20,
1,2,2,20,18,20,
4,5,7,6,8,9,9,4,10,10,1,2,10,11,11,3,3,10,12,12,22,22,22,10,10,12,12,12,10,10,10,10,10,6,17,8,9,9,10,10,10,10,10,12,15,14,13,16,12,
4,23,23,23,20,20,20,1,2,2,23,23,4,4,4,19,20,4,4,3,3,20,23,23,23,4,
1,2,18,
10,21,18,10,1,2,2,20,3,3,20,4,5,6,7,8,9,9,4,10,10,
1,2,18,
1,2,18,
4,4,4,4,4,4,4,4,4,4,4,4,4,4,4,4,1,2,4,3,3,4,19,4,4,4,
6,7,8,9,9,4,10,10,17,6,8,9,9,10,10,10,10,10,10,10,10,10,17,19,10,4,1,2,10,10,3,3,5,
1,2,2,20,18,20,
4,4,4,4,4,4,4,4,4,4,4,4,4,4,4,4,4,4,4,19,4,4,1,2,2,4,4,4,4,20,4,3,3,20,4,
3,3,20,4,4,4,4,19,4,1,2,2,20,
1,2,18,
20,20,20,23,23,23,23,23,23,23,20,23,23,23,1,2,2,18,20,
10,22,22,22,22,22,22,22,22,22,22,22,22,4,22,22,4,12,12,12,22,22,22,22,22,22,22,10,10,22,22,22,4,22,22,22,22,22,22,22,22,22,5,7,6,8,9,9,22,4,22,22,22,12,12,22,22,22,22,22,22,12,22,22,10,11,11,10,22,22,22,22,22,12,22,1,2,10,3,3,22,22,22,
4,4,4,4,4,1,2,2,4,4,4,4,4,4,4,4,4,4,4,20,3,3,20,4,19,4,4,4,4,4,4,4,4,
10,10,10,1,2,3,3,4,5,7,6,8,9,9,4,10,6,17,8,9,9,10,10,10,10,10,10,10,10,19,17,10,10,
10,17,19,10,10,10,1,2,3,3,4,5,7,6,8,9,9,4,10,10,10,10,
4,4,4,19,4,1,2,3,3,4,4,4,4,
10,10,10,10,10,10,1,2,2,10,20,10,3,3,20,10,4,10,10,10,10,10,10,10,10,10,10,10,19,17,5,10,10,10,7,6,8,9,9,4,10,10,10,10,10,10,
1,2,18,
10,5,10,10,17,6,8,9,9,10,10,10,10,10,6,7,8,9,9,4,10,6,17,8,9,9,10,10,10,10,10,10,10,10,10,10,10,19,17,10,1,2,2,20,4,3,3,20,
12,10,11,11,10,14,16,13,15,12,4,4,4,5,6,7,8,9,9,4,1,2,3,3,
1,2,3,3,4,5,10,11,11,10,7,6,8,9,9,4,18,21,12,12,
1,2,2,20,20,20,3,3,20,4,5,6,7,8,9,9,4,10,17,6,8,9,9,10,10,10,10,10,10,19,17,10,
1,2,2,10,11,11,10,20,3,3,20,12,4,5,21,18,12,6,7,8,9,9,4,10,17,6,8,9,9,10,10,10,
1,2,2,20,3,3,20,4,18,4,
11,11,10,12,10,12,12,1,2,3,3,4,5,7,6,8,9,9,4,12,18,21,12,10,12,10,10,10,
1,2,2,20,18,20,
1,2,18,
1,2,3,3,22,12,12,22,12,22,22,22,22,4,10,11,11,10,4,4,12,4,12,22,22,12,4,22,22,4,12,17,6,8,9,9,22,4,12,4,4,12,22,4,4,5,6,7,8,9,9,4,10,11,11,22,10,12,15,16,14,13,12,22,12,12,22,22,12,22,4,22,22,22,4,12,4,4,
1,2,2,20,18,20,
1,2,2,20,18,20,
1,2,2,20,18,20,
1,2,18,
4,4,4,4,4,4,4,4,19,4,4,4,4,4,1,2,3,3,4,4,4,
1,2,4,12,3,3,12,12,5,10,6,7,8,9,9,4,10,10,10,12,10,10,10,10,10,22,6,17,8,9,9,10,13,15,14,16,12,10,11,11,10,12,22,12,22,22,22,12,12,12,22,22,22,12,12,22,22,22,12,
1,2,18,
4,10,17,19,10,1,2,3,3,10,10,10,10,4,5,6,7,8,9,9,4,10,4,10,
1,2,3,3,4,19,4,
22,4,22,4,22,12,12,4,4,4,22,22,22,22,12,4,4,4,22,4,4,22,4,4,12,1,2,3,3,5,6,7,8,9,9,4,10,4,4,10,4,4,10,11,11,15,13,14,16,10,12,10,10,4,
4,1,2,2,5,6,7,8,9,9,4,10,17,6,8,9,9,10,20,3,3,20,10,19,17,10,
18,21,12,10,4,6,17,8,9,9,10,10,10,5,6,7,8,9,9,4,1,2,3,3,12,10,11,11,10,
1,2,18,
22,22,22,12,12,13,16,14,15,12,12,12,12,12,12,1,2,22,3,3,4,10,11,11,10,12,4,4,22,4,4,5,6,7,8,9,9,4,
4,4,4,4,4,1,2,18,4,3,3,
4,4,4,4,19,4,1,2,3,3,4,
1,2,18,
10,10,10,10,10,10,10,10,10,17,6,8,9,9,10,10,10,10,10,10,10,10,10,10,19,17,4,10,10,10,4,10,4,10,10,10,10,10,5,10,10,10,10,1,2,3,3,6,7,8,9,9,4,10,
1,2,2,20,18,20,
5,1,2,3,3,7,6,8,9,9,4,10,17,6,8,9,9,10,10,10,4,4,4,4,4,4,10,21,18,10,4,
4,1,2,18,4,3,3,
1,2,18,
3,3,20,12,4,18,21,12,5,7,6,8,9,9,4,10,10,11,11,10,1,2,2,10,20,
4,4,4,4,4,4,4,4,4,4,4,4,4,4,4,4,4,4,4,4,4,4,4,19,4,4,4,4,1,2,4,3,3,4,4,4,4,4,
1,2,2,20,18,20,
1,2,18,
18,4,1,2,2,20,3,3,20,4,4,4,4,4,4,4,
5,6,7,8,9,9,4,10,10,1,2,3,3,10,17,19,10,4,
19,4,20,3,3,20,1,2,2,4,4,4,4,4,4,4,4,4,4,4,
20,1,2,2,20,20,18,20,20,20,20,20,
10,10,10,1,2,10,3,3,4,5,6,7,8,9,9,4,10,10,10,19,17,10,10,
4,4,4,4,4,19,4,1,2,3,3,4,4,
22,12,12,22,22,4,22,10,11,11,10,4,6,17,8,9,9,22,22,22,4,22,11,11,22,4,22,4,12,22,4,4,5,7,6,8,9,9,4,15,16,14,13,12,1,2,3,3,22,4,4,12,12,6,17,8,9,9,22,22,22,22,12,
1,2,18,
10,10,20,10,3,3,20,17,19,10,4,10,4,10,4,4,4,10,10,5,6,7,8,9,9,4,4,4,1,2,2,
1,2,2,20,18,20,
20,18,20,1,2,2,
1,2,18,
1,2,3,3,10,10,10,10,4,10,10,10,10,10,10,10,10,5,7,6,8,9,9,4,17,10,19,10,10,10,10,
12,22,1,2,3,3,18,21,22,12,4,12,22,22,5,7,6,8,9,9,4,10,22,10,11,11,10,22,10,12,12,
20,18,20,1,2,2,
19,4,1,2,3,3,4,
20,18,20,1,2,2,
20,18,20,1,2,2,
4,4,12,10,10,12,21,18,12,4,4,4,4,4,10,10,10,10,5,10,10,6,7,8,9,9,4,10,10,4,10,10,4,4,4,1,2,3,3,10,11,11,10,10,10,12,
20,18,20,1,2,2,
22,22,4,4,22,4,4,4,10,10,10,4,10,4,22,22,1,2,3,3,12,4,4,4,4,22,4,4,4,4,4,4,13,16,15,14,12,4,4,4,4,4,22,22,12,12,4,22,22,22,4,4,12,4,5,10,6,7,8,9,9,4,10,11,11,10,10,4,22,22,
1,2,18,
18,20,1,2,2,20,
1,2,3,3,4,4,15,14,13,16,12,10,10,10,17,6,8,9,9,10,4,5,6,7,8,9,9,4,12,10,11,11,10,
4,4,4,4,10,5,10,6,7,8,9,9,4,10,10,4,1,2,4,3,3,4,4,10,10,10,10,10,10,10,10,10,10,10,10,10,19,17,10,10,10,10,10,4,10,
10,11,11,10,4,5,6,7,8,9,9,4,1,2,3,3,12,15,14,13,16,12,
22,4,4,22,22,4,22,10,5,12,12,6,7,8,9,9,4,10,10,10,10,10,10,11,11,10,10,10,10,10,12,1,2,3,3,10,12,10,22,22,22,22,12,12,10,10,22,22,17,19,22,10,10,
12,12,10,12,10,11,11,10,12,12,10,17,6,8,9,9,10,12,10,17,6,8,9,9,10,1,2,2,20,3,3,20,4,12,5,6,7,8,9,9,4,10,10,10,10,21,18,12,10,
1,2,3,3,4,5,6,7,8,9,9,4,10,10,10,17,19,10,
4,10,10,10,10,10,10,10,10,10,6,17,8,9,9,10,4,4,10,10,5,10,10,10,6,7,8,9,9,4,10,10,10,10,10,17,6,8,9,9,10,10,10,10,10,10,10,10,1,2,3,3,10,10,10,10,10,10,10,10,
4,4,4,4,4,19,1,2,3,3,4,4,
1,2,3,3,12,4,12,5,12,12,6,7,8,9,9,4,10,21,18,12,10,12,10,10,10,11,11,10,
4,1,2,5,3,3,22,22,7,6,8,9,9,4,22,22,22,22,22,12,13,16,15,14,12,22,12,12,22,10,11,11,10,12,
1,2,18,
10,11,11,10,1,2,2,21,18,12,12,20,3,3,20,4,12,12,12,4,4,5,6,7,8,9,9,4,10,12,10,12,12,
12,12,20,3,3,20,4,22,12,1,2,2,22,22,22,22,22,22,5,12,12,22,7,6,8,9,9,4,10,11,11,10,22,20,22,15,13,14,16,12,20,22,22,22,12,12,12,
12,12,12,12,1,2,12,12,3,3,4,12,5,6,7,8,9,9,4,12,12,10,11,11,10,14,16,13,15,12,12,12,
20,1,2,2,20,20,18,20,
4,4,4,1,2,2,4,4,4,4,4,4,4,4,4,4,4,4,10,4,5,4,17,19,10,4,4,6,7,8,9,9,4,20,3,3,20,
10,6,17,8,9,9,10,12,10,10,11,11,10,12,12,10,22,22,12,22,22,10,22,10,4,1,2,3,3,22,14,15,16,13,12,5,7,6,8,9,9,4,22,12,22,22,12,
4,19,4,4,4,1,2,2,4,4,4,20,4,3,3,20,
1,2,18,
20,18,20,1,2,2,
20,18,20,1,2,2,
23,18,23,23,23,1,2,2,
22,10,4,11,11,10,22,22,22,4,5,22,4,22,12,22,6,7,22,8,9,9,4,10,10,22,4,4,1,2,2,20,3,3,20,12,15,14,13,16,12,12,12,
20,3,3,20,4,4,1,2,2,4,20,18,4,20,20,20,
17,19,10,4,4,10,10,4,4,10,10,1,2,2,20,4,4,4,5,7,6,8,9,9,4,3,3,20,10,
20,20,20,3,3,20,4,5,6,7,8,9,9,4,10,1,2,2,19,17,10,20,20,20,20,20,20,20,20,
20,4,4,3,3,20,10,20,19,17,10,20,20,4,4,4,4,4,4,4,10,10,4,4,4,4,4,4,4,5,4,4,4,4,4,7,6,8,9,9,4,4,4,10,10,4,1,2,2,4,4,20,20,
20,18,20,20,20,1,2,2,
1,2,18,
1,2,2,3,3,20,15,13,14,16,12,12,12,4,4,4,5,6,7,8,9,9,4,10,10,12,10,11,11,10,20,
10,17,6,8,9,9,10,4,1,2,3,3,5,6,7,8,9,9,4,10,10,10,10,10,10,19,17,10,
10,11,11,10,12,12,12,12,10,12,17,6,8,9,9,10,15,16,14,13,12,1,2,2,20,3,3,20,4,5,7,6,8,9,9,4,10,10,
4,12,10,10,5,7,6,8,9,9,4,10,6,17,8,9,9,10,10,20,10,20,20,20,20,20,20,3,3,20,12,6,17,8,9,9,12,22,15,13,14,16,22,1,2,2,10,11,11,10,10,10,12,12,10,4,10,4,12,
4,19,4,1,2,3,3,
1,2,18,
20,18,20,1,2,2,
4,4,4,4,4,4,4,4,4,4,4,4,4,4,20,4,4,4,4,3,3,20,4,4,4,4,4,4,4,19,4,4,4,4,4,4,4,4,1,2,2,4,4,
22,22,22,22,22,22,22,10,22,10,12,22,22,22,22,22,22,22,22,22,22,22,22,22,22,22,22,22,22,22,22,1,2,3,3,22,22,4,22,22,22,22,22,22,22,22,5,12,22,22,22,7,6,8,9,9,4,10,22,22,22,10,22,22,22,12,12,22,22,22,22,22,22,22,18,21,12,22,22,22,10,11,11,10,22,22,
10,10,11,11,10,10,17,6,8,9,9,10,1,2,3,3,4,12,12,12,12,12,12,5,6,7,8,9,9,4,10,6,17,8,9,9,10,10,12,16,14,13,15,12,
1,2,18,
1,2,2,20,18,20,
4,5,19,4,1,2,2,20,20,20,3,3,20,
22,22,22,22,22,12,12,12,22,22,22,18,21,12,22,12,22,10,4,22,10,1,2,3,3,10,11,11,10,5,7,6,8,9,9,4,
4,18,4,1,2,3,3,
1,2,18,
1,2,2,20,20,20,20,20,18,20,
10,10,10,10,10,10,10,10,10,10,1,2,3,3,4,5,10,10,10,10,10,7,6,8,9,9,4,10,10,19,17,10,10,10,10,
1,2,18,
4,4,1,2,3,3,4,19,4,
1,2,18,
4,18,4,4,4,1,2,3,3,
4,4,4,4,4,4,4,4,4,19,1,2,3,3,
1,2,18,
18,1,2,
4,3,3,10,10,4,10,10,4,10,10,4,10,10,4,4,5,10,7,6,8,9,9,4,10,10,10,10,19,17,10,10,10,10,10,10,4,4,4,1,2,
10,10,1,2,3,3,10,17,6,8,9,9,12,22,15,14,13,16,22,12,10,11,11,10,4,5,6,7,8,9,9,4,10,17,6,8,9,9,10,10,10,10,6,17,8,9,9,10,10,
1,2,2,4,4,4,4,20,20,20,20,20,3,3,20,4,4,4,4,19,4,4,4,4,4,4,4,
4,22,4,12,12,12,12,12,1,2,12,3,3,12,22,12,12,12,12,12,12,10,4,11,11,10,12,22,15,14,13,16,12,12,5,6,7,8,9,9,4,12,10,12,22,12,10,12,12,22,22,22,
1,2,2,20,18,20,
4,4,18,4,1,2,3,3,4,4,4,4,4,
1,2,18,
12,12,10,10,12,1,2,3,3,4,5,7,6,8,9,9,4,10,10,11,11,10,10,18,21,12,
4,10,5,10,10,10,10,10,6,7,8,9,9,4,10,6,17,8,9,9,10,10,10,10,10,10,10,10,10,10,10,10,1,2,3,3,10,6,17,8,9,9,10,10,10,10,10,10,17,19,10,
12,16,15,13,14,12,10,11,11,10,22,22,4,4,4,4,20,3,3,20,12,12,22,22,22,1,2,2,4,5,7,6,8,9,9,4,12,
20,18,20,1,2,2,
14,15,16,13,12,4,5,6,7,8,9,9,4,10,10,10,10,10,10,10,11,11,10,17,6,8,9,9,10,10,10,10,12,1,2,3,3,
1,2,2,4,20,4,4,18,4,20,20,3,3,20,
20,20,20,20,20,20,1,2,2,4,20,19,4,3,3,20,
4,12,4,4,5,10,12,12,6,7,8,9,9,4,4,10,10,10,10,10,4,10,4,11,11,10,10,10,12,10,22,12,15,13,16,14,12,4,4,4,4,1,2,3,3,22,12,22,12,22,22,4,4,10,10,22,22,22,22,22,12,10,22,10,22,10,22,22,22,4,
4,4,4,19,4,4,4,4,4,4,4,4,4,20,4,3,3,20,4,1,2,2,4,4,
1,2,18,
1,2,3,3,4,5,22,22,7,6,8,9,9,4,10,12,12,22,11,11,10,22,22,22,22,12,22,14,15,13,16,12,22,22,22,10,12,10,10,10,10,10,
1,2,18,
1,2,18,
1,2,18,
4,4,1,2,3,3,4,4,4,4,4,19,4,4,4,4,
12,22,12,12,12,10,12,12,22,22,12,12,12,12,10,11,11,10,1,2,3,3,4,5,6,7,8,9,9,4,10,10,10,17,6,8,9,9,10,10,17,6,8,9,9,10,10,10,10,12,17,6,8,9,9,10,10,12,10,6,17,8,9,9,12,10,22,15,13,14,16,22,22,22,
1,2,18,
1,2,2,20,18,20,
10,10,1,2,3,3,10,11,11,10,18,21,12,4,4,4,10,10,10,10,5,6,7,8,9,9,4,12,
1,2,18,
1,2,18,
22,22,22,22,22,17,6,8,9,9,22,22,10,10,22,22,22,22,22,1,2,22,3,3,12,12,22,22,22,22,22,22,22,12,22,4,22,22,17,19,22,12,12,4,10,11,11,10,12,4,5,22,6,7,8,9,9,4,22,12,12,22,22,22,
1,2,18,
1,2,3,3,4,18,4,
12,1,2,3,3,4,5,4,15,14,16,13,12,4,7,6,8,9,9,4,10,11,11,10,
1,2,2,20,3,3,20,4,18,4,
5,6,7,8,9,9,4,10,10,10,10,10,10,1,2,3,3,10,17,19,4,10,10,
1,2,2,20,18,20,
12,10,11,11,10,4,4,12,12,4,12,10,10,10,5,7,6,8,9,9,4,10,10,10,17,6,8,9,9,10,10,10,1,2,3,3,10,14,15,16,13,
18,4,4,4,4,4,4,4,1,2,2,20,4,20,20,3,3,20,
18,1,2,
1,2,2,20,3,3,20,4,18,4,
4,4,18,4,4,4,1,2,2,4,4,4,4,20,3,3,20,4,4,4,4,4,4,4,4,4,
6,17,8,9,9,10,10,10,10,10,1,2,3,3,10,10,4,10,5,19,17,10,7,6,8,9,9,4,10,10,10,10,10,10,10,10,10,10,10,10,10,
13,14,16,15,12,10,11,11,10,6,7,8,9,9,4,10,12,10,20,3,3,20,4,22,22,22,4,1,2,2,12,22,10,20,10,12,12,22,10,10,20,12,4,4,4,5,12,
12,12,12,12,12,22,12,22,22,22,12,17,6,8,9,9,22,22,22,11,11,22,12,12,22,22,22,22,10,12,11,11,10,12,12,12,22,12,1,2,3,3,12,14,15,13,16,12,12,22,22,22,22,22,22,4,22,12,12,22,22,12,5,22,12,22,22,6,7,8,9,9,4,22,
1,2,2,20,18,20,
1,2,18,
1,2,18,
1,2,18,
1,2,18,
22,22,22,22,22,22,22,12,22,22,22,22,22,22,22,22,22,4,22,12,12,12,12,22,12,12,22,22,4,22,22,22,10,22,22,22,6,17,8,9,9,10,22,12,22,22,10,10,12,4,22,22,12,4,22,4,22,22,22,22,12,12,22,22,5,22,22,22,12,6,7,8,9,9,4,12,12,12,22,10,6,17,8,9,9,10,10,10,11,11,10,10,1,2,12,12,3,3,12,15,16,13,14,12,22,10,22,22,22,22,22,22,4,4,22,22,22,10,
20,18,20,1,2,2,
10,5,20,20,17,6,8,9,9,10,10,3,3,20,7,6,8,9,9,4,10,10,12,12,12,10,20,20,10,10,4,11,11,10,17,6,10,8,9,9,10,4,10,10,20,20,4,10,20,15,13,16,14,12,1,2,2,20,4,4,20,
18,1,2,
3,3,4,10,11,11,10,5,6,7,8,9,9,4,10,10,13,16,14,15,12,12,1,2,
1,2,18,
12,1,2,3,3,4,5,6,7,8,9,9,4,10,11,11,10,15,13,14,16,12,10,10,
4,4,4,4,4,4,4,1,2,3,3,4,4,4,4,4,4,4,4,4,19,4,4,4,4,4,4,4,
1,2,3,3,4,4,4,4,4,4,4,4,4,4,4,4,4,18,4,
1,2,18,
1,2,18,
20,20,20,20,20,20,20,20,20,18,20,20,20,20,20,1,2,2,
1,2,3,3,4,4,4,19,4,
1,2,18,
1,2,2,20,18,20,
20,18,20,1,2,2,
22,12,12,20,22,3,3,20,4,12,12,12,22,1,2,2,5,16,13,14,15,12,22,6,7,8,9,9,4,10,11,11,10,4,22,22,4,22,4,12,12,12,4,
1,2,18,
1,2,2,5,10,11,11,10,7,6,8,9,9,4,10,10,12,20,3,3,20,21,18,12,4,
4,1,2,2,20,3,3,20,4,19,4,4,4,4,4,4,4,4,
23,18,23,20,20,20,23,23,1,2,2,
20,3,3,20,1,2,2,4,18,4,
1,2,2,20,20,20,18,20,
4,10,5,1,2,2,6,7,8,9,9,4,10,20,17,19,10,10,3,3,20,
22,22,22,22,1,2,2,22,4,4,12,4,4,10,12,12,12,11,11,10,12,22,12,12,4,22,22,22,22,20,22,17,6,8,9,9,22,22,22,12,20,11,11,22,22,4,4,22,12,12,12,4,20,20,4,20,5,22,6,7,8,9,9,4,3,3,20,12,13,14,16,15,12,
4,10,10,10,10,10,10,4,4,10,10,10,4,4,4,4,4,4,4,10,10,10,10,10,10,19,17,10,5,10,10,1,2,10,3,3,6,7,8,9,9,4,10,10,4,
1,2,2,20,18,20,
4,4,4,4,20,3,3,20,4,20,18,4,20,1,2,2,
4,22,22,12,5,12,12,12,6,7,8,9,9,4,12,22,12,12,12,22,12,12,12,22,22,1,2,22,3,3,22,10,11,11,10,12,12,12,15,14,13,16,12,22,22,22,22,22,12,22,
1,2,18,
1,2,2,20,18,20,
1,2,18,
1,2,2,20,3,3,20,4,18,4,
1,2,2,20,4,3,3,20,4,4,18,4,
20,18,20,1,2,2,
20,18,20,1,2,2,
1,2,3,3,12,12,22,22,4,22,22,22,5,12,22,22,6,7,8,9,9,4,12,22,22,15,14,16,13,12,10,11,11,10,
1,2,3,3,4,4,4,4,4,4,4,18,4,
1,2,18,
20,18,20,1,2,2,
1,2,18,
1,2,18,
10,19,17,10,1,2,3,3,4,4,4,5,7,6,8,9,9,4,10,10,
18,4,4,4,20,20,1,2,2,4,20,3,3,20,
20,3,3,20,4,4,4,18,4,1,2,2,
1,2,10,3,3,10,10,11,11,10,4,5,22,7,6,8,9,9,4,12,12,22,12,22,22,10,6,17,8,9,9,10,10,10,22,22,12,22,15,13,14,16,12,
1,2,3,3,10,10,4,5,6,7,8,9,9,4,10,10,10,10,10,19,17,10,
1,2,18,
20,18,20,1,2,2,
1,2,18,
12,12,12,1,2,3,3,12,4,12,12,6,17,8,9,9,12,22,15,14,16,13,22,4,4,5,6,7,8,9,9,4,10,17,6,8,9,9,10,10,6,17,8,9,9,10,10,6,17,8,9,9,10,10,12,10,10,11,11,10,
19,4,4,4,1,2,3,3,4,4,4,
10,11,11,10,10,10,10,10,10,10,18,21,12,10,10,4,4,10,1,2,3,3,10,4,10,5,10,6,7,8,9,9,4,4,10,10,4,12,
22,22,10,11,11,10,10,22,12,12,12,22,22,10,1,2,2,22,20,12,12,10,12,3,3,20,4,17,6,12,8,9,9,12,22,22,22,22,22,22,14,15,13,16,22,5,6,7,8,9,9,4,10,12,17,6,8,9,9,10,22,10,22,22,17,6,8,9,9,10,10,10,10,17,6,8,9,9,10,10,10,10,22,12,12,
1,2,18,
4,1,2,3,3,18,4,4,4,
4,4,4,4,1,2,4,3,3,4,4,4,4,4,4,19,4,
20,18,20,1,2,2,
20,18,20,1,2,2,
20,18,20,20,20,1,2,2,
1,2,2,20,20,18,20,20,
4,4,4,1,2,2,4,4,4,4,4,4,4,4,4,4,20,4,3,3,20,4,4,4,4,4,4,4,4,4,4,4,4,19,4,4,4,4,4,4,4,
19,4,4,4,4,4,1,2,3,3,4,4,4,4,4,4,4,4,4,
20,18,20,1,2,2,
20,18,20,1,2,2,
12,10,12,12,10,12,12,14,15,13,16,12,22,22,22,22,10,11,11,10,10,17,6,8,9,9,10,12,10,17,6,8,9,9,10,1,2,3,3,22,4,22,5,7,6,8,9,9,4,22,22,10,22,10,17,6,8,9,9,10,10,10,10,10,10,10,10,
20,18,20,1,2,2,
1,2,2,20,18,20,
1,2,18,
12,10,10,22,22,12,12,1,2,3,3,4,12,5,7,6,8,9,9,4,10,10,12,22,12,10,12,10,14,13,16,15,12,12,12,12,10,10,12,12,12,12,22,10,22,11,11,10,12,12,12,12,12,12,
4,4,1,2,2,4,4,20,4,20,4,18,4,20,3,3,20,4,4,4,
1,2,18,
10,19,17,10,10,5,10,7,6,8,9,9,4,1,2,3,3,4,
20,18,20,1,2,2,
4,4,4,4,4,4,4,4,4,4,4,4,4,4,4,4,4,4,4,4,4,4,4,4,4,4,4,4,1,2,4,3,3,4,4,4,4,4,19,4,4,4,4,4,4,4,4,4,
20,20,1,2,2,20,18,20,
7,6,8,9,9,4,10,10,10,10,10,4,10,4,10,17,19,10,4,4,4,4,1,2,4,3,3,5,
4,5,7,6,8,9,9,4,10,11,11,10,12,21,18,12,1,2,3,3,
1,2,18,
1,2,2,20,18,20,
4,4,10,10,10,10,10,10,4,10,10,10,10,10,10,4,4,4,1,2,2,4,4,10,20,3,3,20,4,10,4,10,19,17,5,4,4,4,10,7,6,8,9,9,4,10,
4,5,10,11,11,10,7,6,8,9,9,4,10,4,12,4,10,10,4,10,18,21,12,12,10,10,12,1,2,3,3,4,4,4,4,4,
1,2,2,20,18,20,
20,20,18,20,20,1,2,2,
10,12,10,1,2,3,3,10,10,10,11,11,10,10,10,4,12,12,12,12,12,4,4,4,4,4,4,5,6,7,8,9,9,4,12,14,16,13,15,12,
1,2,18,
4,5,18,4,1,2,2,20,3,3,20,
1,2,18,
18,21,12,1,2,3,3,4,4,4,5,10,11,11,10,7,6,8,9,9,4,10,10,10,10,12,
1,2,2,20,18,20,
1,2,18,
4,4,4,19,4,1,2,3,3,
1,2,3,3,4,10,10,10,10,5,6,17,8,9,9,10,10,7,6,8,9,9,4,10,10,10,10,10,10,10,10,6,17,8,9,9,10,10,10,10,10,10,10,6,17,8,9,9,10,
1,2,2,4,20,3,3,20,4,4,18,4,
1,2,18,
15,16,14,13,12,4,4,4,4,10,10,4,4,10,4,12,4,4,10,4,1,2,10,3,3,10,4,4,10,10,11,11,10,10,4,4,4,4,4,10,4,17,6,8,9,9,10,10,4,4,10,4,4,10,4,5,10,10,10,4,12,6,7,8,9,9,4,4,12,
4,5,6,7,8,9,9,4,1,2,10,3,3,17,19,10,
20,18,20,1,2,2,
4,20,3,3,20,4,4,4,18,4,1,2,2,4,4,4,
1,2,18,
20,18,20,1,2,2,
4,4,4,4,4,4,4,19,4,4,4,4,4,4,4,4,4,4,1,2,3,3,4,
1,2,18,
1,2,2,20,18,20,
4,4,10,17,19,10,1,2,3,3,10,10,4,5,7,6,8,9,9,4,4,4,4,4,
1,2,18,
1,2,2,20,18,20,
4,4,4,4,4,1,2,3,3,4,19,4,4,4,4,4,
4,4,1,2,3,3,4,10,19,17,10,5,4,4,10,6,7,8,9,9,4,10,10,10,
1,2,18,
10,10,10,10,10,10,10,10,17,19,10,1,2,3,3,4,5,6,7,8,9,9,4,10,10,10,
1,2,3,3,4,5,6,7,8,9,9,4,10,10,18,21,10,10,
4,4,4,18,4,4,4,1,2,3,3,
12,6,7,8,9,9,4,10,10,10,11,11,10,12,13,15,16,14,12,12,1,2,2,20,3,3,20,4,5,
10,4,5,6,7,8,9,9,4,10,10,10,10,10,10,10,10,10,10,10,10,10,10,10,17,19,1,2,3,3,10,10,10,
14,15,13,16,12,12,12,10,11,11,10,22,22,22,22,22,22,22,4,5,6,7,8,9,9,4,12,12,1,2,3,3,
1,2,2,20,18,20,
10,1,2,3,3,10,10,17,19,10,4,5,6,7,8,9,9,4,
1,2,2,20,20,20,18,20,
1,2,18,
12,12,22,4,4,4,15,14,13,16,12,5,6,7,8,9,9,4,10,22,10,22,22,1,2,3,3,22,4,12,12,4,4,4,10,11,11,10,
20,18,20,1,2,2,
14,15,16,13,12,12,4,12,10,11,11,10,5,6,7,8,9,9,4,1,2,3,3,10,17,6,8,9,9,10,12,
20,20,20,18,20,1,2,2,
6,17,8,9,9,10,10,10,4,10,4,10,11,11,10,10,12,10,10,10,6,17,8,9,9,10,10,17,6,8,9,9,10,10,10,4,6,17,8,9,9,12,22,14,16,15,13,22,5,6,7,8,9,9,4,10,20,17,6,8,9,9,10,3,3,20,10,1,2,2,10,10,17,6,8,9,9,10,10,
4,18,4,4,4,20,3,3,20,4,4,1,2,2,
1,2,2,20,18,20,
22,22,22,17,6,8,9,9,10,12,10,10,10,10,10,10,4,10,1,2,2,10,12,12,10,10,10,10,4,4,5,7,6,8,9,9,4,22,22,12,10,11,11,10,6,17,8,9,9,12,22,12,15,16,14,13,22,4,4,20,3,3,20,10,12,
10,11,11,10,1,2,3,3,12,12,12,4,4,14,15,16,13,12,12,12,4,4,4,4,4,22,22,22,4,4,5,7,6,8,9,9,4,12,
10,12,12,1,2,2,4,22,4,5,12,7,6,8,9,9,4,10,4,21,18,22,20,10,3,3,20,11,11,10,
20,1,2,2,20,18,
20,18,20,1,2,2,
1,2,18,
4,20,3,3,20,4,4,4,4,4,4,4,4,4,4,4,4,4,4,4,4,4,4,19,1,2,2,4,4,4,4,4,4,4,4,4,4,
4,4,4,5,1,2,4,3,3,4,6,7,8,9,9,4,10,4,4,4,21,18,10,4,4,4,4,4,4,4,4,4,4,4,4,4,4,4,4,4,4,4,4,4,
1,2,18,
4,1,2,3,3,10,10,19,17,10,5,7,6,8,9,9,4,10,10,10,
20,3,3,20,1,2,2,4,4,4,18,4,
1,2,2,20,18,20,
22,12,22,22,4,4,4,4,4,20,10,3,3,20,1,2,2,12,4,4,10,4,4,10,22,22,4,4,22,4,11,11,10,4,12,10,4,12,12,10,22,12,5,22,22,7,6,8,9,9,4,4,12,4,4,16,15,13,14,12,4,4,4,22,22,22,22,10,10,4,4,4,4,12,12,10,10,4,4,22,4,
4,10,10,5,10,11,11,10,17,6,8,9,9,10,10,22,22,7,6,8,9,9,4,10,17,6,8,9,9,10,10,20,3,3,20,22,22,22,22,1,2,2,22,22,22,12,22,22,14,15,16,13,12,12,12,22,22,12,10,17,6,8,9,9,10,10,17,6,8,9,9,10,10,
20,18,20,1,2,2,
4,22,12,12,10,22,20,22,22,3,3,20,22,10,10,4,4,10,5,11,11,10,22,10,6,7,8,9,9,4,10,10,12,1,2,2,22,22,22,22,22,22,22,22,22,22,12,12,12,12,13,14,16,15,12,
10,11,11,10,10,12,10,4,12,15,13,16,14,5,12,7,6,8,9,9,4,1,2,2,12,20,3,3,20,12,12,12,12,
1,2,18,
4,4,4,4,4,4,4,4,18,4,4,4,4,4,4,4,4,4,4,4,4,4,4,4,4,4,4,1,2,3,3,
1,2,18,
4,4,4,4,4,4,4,4,4,4,4,4,4,4,4,4,4,4,1,2,3,3,4,4,19,4,4,4,4,4,4,4,4,4,4,4,
4,4,18,4,4,1,2,2,20,3,3,20,
1,2,18,
1,2,18,
10,4,4,5,10,6,7,8,9,9,4,10,10,10,10,11,11,10,10,10,1,2,10,10,3,3,10,10,10,10,10,10,10,10,10,10,10,10,10,17,6,8,9,9,10,10,10,10,10,12,6,17,8,9,9,10,10,10,4,18,21,12,10,10,
22,22,4,22,22,22,22,11,11,22,22,22,22,6,17,8,9,9,12,22,22,22,22,4,4,22,22,4,4,5,22,6,7,8,9,9,4,10,10,12,10,22,4,10,4,4,12,16,14,13,15,12,10,22,22,4,22,11,11,10,4,22,4,4,22,1,2,2,4,22,22,20,3,3,20,4,22,4,4,4,
1,2,3,3,12,12,4,10,12,10,5,4,6,7,8,9,9,4,10,4,11,11,10,14,15,16,13,12,10,10,
1,2,18,
1,2,2,20,18,20,
8,9,9,22,22,11,11,22,22,22,22,22,22,12,22,22,22,22,22,22,22,22,12,12,1,2,3,3,4,5,6,7,8,9,9,4,22,12,22,14,15,13,16,12,10,11,11,10,6,17,
1,2,18,
4,4,4,1,2,10,3,3,19,17,10,5,6,7,8,9,9,4,4,4,4,4,10,10,10,10,10,10,
4,4,4,4,10,5,4,10,7,6,8,9,9,4,10,4,4,4,4,4,4,10,4,4,1,2,10,3,3,4,4,10,10,4,4,17,19,10,4,10,4,10,10,10,10,10,
1,2,2,20,18,20,
1,2,18,
22,22,22,12,22,22,22,22,22,22,22,22,22,22,12,12,12,22,22,22,12,12,22,22,22,22,22,22,22,22,22,22,22,22,22,22,22,22,12,22,22,22,22,22,22,22,12,12,12,22,22,22,22,22,22,22,22,22,22,22,22,22,22,22,22,22,12,22,22,22,22,22,22,22,22,22,12,22,22,22,12,12,12,12,22,22,22,22,22,22,13,15,14,16,22,12,12,22,12,12,22,22,22,22,1,2,22,22,22,12,3,3,22,4,10,22,10,22,11,11,10,22,22,22,22,22,22,10,22,12,22,22,22,22,5,22,22,22,22,22,22,22,22,22,22,22,22,6,7,8,9,9,4,22,22,22,22,22,12,22,22,22,22,
3,3,4,22,22,22,22,22,22,22,22,22,22,22,12,22,22,12,12,22,22,22,22,22,12,15,14,16,13,12,22,22,22,22,12,22,22,22,12,12,4,4,22,22,22,22,22,22,12,22,22,5,6,7,8,9,9,4,10,22,11,11,10,22,12,22,22,22,22,22,22,22,22,22,12,12,22,22,22,22,22,22,1,2,
1,2,18,
1,2,18,
1,2,18,
1,2,2,20,18,20,
22,4,22,5,7,6,8,9,9,4,10,11,11,10,12,22,12,12,6,17,8,9,9,22,22,17,6,8,9,9,22,12,12,22,22,12,22,22,22,22,22,1,2,22,3,3,4,22,22,22,22,22,22,22,22,22,22,22,22,4,22,11,11,22,15,14,13,16,12,
22,22,22,22,22,22,22,22,22,22,22,17,6,8,9,9,22,22,22,12,12,12,22,22,22,22,22,22,22,22,22,22,22,22,22,22,22,22,22,22,17,6,17,6,8,9,9,22,8,9,9,22,22,22,22,22,22,22,22,22,22,22,22,12,22,22,22,22,22,22,22,1,2,22,22,3,3,22,4,22,5,22,22,6,7,8,9,9,4,22,22,10,22,22,22,22,22,22,22,22,22,22,22,22,22,22,6,17,8,9,9,10,22,22,10,11,11,10,12,22,22,12,22,22,22,22,22,6,17,8,9,9,12,11,11,22,22,22,22,17,19,22,
1,2,18,
1,2,18,
10,10,10,10,10,10,10,10,10,10,4,5,7,6,8,9,9,4,10,10,10,19,17,1,2,3,3,
22,22,4,4,22,4,12,22,4,22,12,10,11,11,10,22,12,12,22,10,12,10,22,22,10,10,10,12,22,17,6,8,9,9,10,10,10,10,22,4,4,4,15,16,14,13,12,12,12,5,10,22,22,4,22,4,7,6,8,9,9,4,10,6,17,8,9,9,10,12,22,22,22,22,22,22,22,22,22,12,12,22,22,22,22,12,22,22,12,22,22,1,2,22,3,3,22,22,4,22,12,22,4,22,
1,2,18,
5,6,7,8,9,9,4,10,10,12,10,11,11,10,13,16,14,15,12,1,2,3,3,4,
1,2,3,3,4,10,4,4,10,4,4,4,10,17,6,8,9,9,10,4,10,10,5,7,6,8,9,9,4,10,10,10,10,10,10,10,10,10,10,10,10,10,10,10,10,10,10,10,19,17,10,10,10,10,10,10,10,10,10,10,10,10,10,10,
1,2,3,3,4,10,19,17,10,5,6,7,8,9,9,4,10,10,
1,2,3,3,10,19,17,10,4,5,10,7,6,8,9,9,4,10,10,10,10,10,17,6,8,9,9,10,10,10,10,
1,2,2,20,20,20,18,20,
5,4,4,7,6,8,9,9,4,14,15,16,13,12,4,4,10,11,11,10,4,4,1,2,3,3,4,4,12,4,
10,12,10,15,14,13,16,12,1,2,3,3,4,10,5,10,10,11,11,10,6,7,8,9,9,4,10,10,
1,2,18,
1,2,18,
1,2,2,20,18,20,
1,2,18,
1,2,18,
4,4,4,4,10,4,10,10,10,4,10,10,4,4,10,4,4,4,10,10,4,4,4,1,2,2,4,20,10,10,3,3,20,4,10,10,4,10,10,10,4,10,4,5,10,19,17,4,7,6,8,9,9,4,10,10,10,10,10,4,
10,11,11,10,12,12,12,12,12,12,12,12,12,12,12,4,12,12,12,13,16,14,12,12,5,1,2,3,3,6,7,8,9,9,4,12,12,12,
1,2,3,3,12,12,10,10,11,11,10,10,10,12,10,12,12,12,4,4,4,15,13,14,16,12,4,4,4,4,4,22,22,4,4,4,10,10,10,6,17,8,9,9,10,10,10,5,22,6,7,8,9,9,4,
1,2,2,20,3,3,20,4,18,4,
1,2,2,20,18,20,
22,22,22,22,22,22,22,22,22,22,22,12,22,22,22,22,22,22,19,17,22,12,22,1,2,3,3,4,5,6,7,8,9,9,4,10,11,11,10,12,12,22,22,22,22,22,22,22,22,22,22,12,22,22,22,12,12,22,22,22,22,22,22,22,22,22,22,22,22,22,22,22,22,22,
1,2,2,20,20,20,18,20,
1,2,18,
1,2,18,
12,10,12,11,11,10,16,13,15,14,12,12,5,12,12,6,7,8,9,9,4,12,22,22,22,22,12,12,12,22,12,12,12,12,12,1,2,3,3,4,12,12,12,22,12,22,
1,2,18,
1,2,18,
20,20,20,20,4,3,3,20,4,4,4,1,2,2,4,4,4,4,4,4,4,4,4,4,4,4,4,4,4,4,4,19,20,
6,7,8,9,9,4,10,10,10,10,10,10,1,2,10,3,3,10,10,10,10,17,19,10,4,5,
20,18,20,1,2,2,
10,1,2,2,11,11,10,22,20,3,3,20,22,22,4,22,12,12,5,6,7,8,9,9,4,15,14,13,16,22,22,22,22,12,
1,2,2,20,3,3,20,4,5,7,6,8,9,9,4,10,17,19,10,
10,10,11,11,10,10,10,6,17,8,9,9,10,10,10,10,10,12,12,22,22,22,22,22,1,2,2,22,20,3,3,20,12,10,10,22,22,22,13,15,14,16,12,12,4,12,12,5,6,7,8,9,9,4,
1,2,18,
1,2,18,
20,18,4,3,3,20,1,2,2,20,4,4,4,20,
18,20,1,2,2,20,20,20,
4,4,20,4,20,18,4,1,2,2,4,4,4,4,4,4,4,4,4,4,4,20,20,20,4,4,3,3,20,4,4,4,4,4,4,4,4,4,
20,3,3,20,10,10,20,10,10,20,10,10,20,20,1,2,2,20,20,4,5,10,10,7,6,8,9,9,4,10,17,19,10,4,10,4,10,17,6,8,9,9,10,10,10,10,10,
1,2,2,20,18,20,
18,20,20,20,1,2,2,20,20,20,
20,3,3,20,4,19,4,20,20,1,2,2,
4,5,19,4,1,2,3,3,4,4,
4,4,4,4,4,4,4,4,4,4,4,4,20,3,3,20,4,4,4,4,4,19,4,4,4,4,4,4,1,2,2,4,4,4,4,
10,10,17,6,8,9,9,10,10,4,4,4,4,4,5,6,7,8,9,9,4,18,21,10,4,4,1,2,3,3,10,
5,6,7,8,9,9,4,10,10,10,17,6,8,9,9,10,10,10,10,17,19,10,4,1,2,3,3,
1,2,18,
1,2,2,20,20,20,18,20,
5,4,6,7,8,9,9,4,10,4,10,1,2,3,3,10,10,10,10,10,10,10,10,10,10,10,10,17,19,10,10,10,10,10,10,4,4,10,10,4,10,
1,2,2,20,20,20,18,20,
1,2,2,20,3,3,20,4,4,4,5,7,6,8,9,9,4,10,6,17,8,9,9,10,10,12,17,19,12,10,10,11,11,10,
10,10,4,10,10,10,4,1,2,2,10,10,10,4,10,20,10,4,4,10,3,3,20,4,10,10,10,10,4,4,4,4,4,10,4,10,4,10,10,10,17,19,5,10,4,6,7,8,9,9,4,4,4,4,4,4,
1,2,2,10,10,20,20,4,10,5,10,7,6,8,9,9,4,10,17,19,20,3,3,20,
1,2,2,20,20,20,18,20,
4,4,4,4,4,4,4,4,4,4,18,4,4,4,4,4,4,4,4,1,2,4,3,3,4,4,4,4,4,4,4,4,4,
4,4,4,4,4,19,4,4,4,4,4,4,4,4,4,1,2,3,3,4,4,4,4,
4,4,4,18,4,20,3,3,20,4,4,1,2,2,
20,20,1,2,2,20,18,20,
20,18,20,20,20,1,2,2,
20,4,3,3,20,18,4,1,2,2,20,20,
1,2,2,20,18,20,
7,6,8,9,9,4,10,10,20,3,3,20,10,19,17,10,1,2,2,4,4,4,5,
12,10,11,11,10,20,3,3,20,16,14,13,15,12,22,12,12,12,12,12,22,4,22,22,5,22,6,7,8,9,9,4,1,2,2,12,12,
1,2,2,20,18,20,
1,2,18,
1,2,2,20,18,20,
6,7,8,9,9,4,10,10,4,4,4,4,4,4,4,10,10,10,10,10,1,2,3,3,19,17,10,4,4,5,
20,18,20,1,2,2,
4,4,4,5,6,7,8,9,9,4,20,3,3,20,12,12,12,10,6,17,8,9,9,10,10,10,1,2,2,10,10,10,11,11,10,15,14,13,16,12,
4,4,4,20,3,3,20,4,4,4,4,4,4,19,4,1,2,2,4,4,4,4,4,4,
12,4,10,11,11,10,1,2,2,5,20,7,6,6,8,9,4,15,13,16,14,12,10,3,3,20,10,10,17,6,8,9,9,10,10,10,
12,22,12,12,22,12,12,22,22,20,3,3,20,22,4,4,14,15,16,13,12,5,12,6,7,8,9,9,4,1,2,2,4,22,22,22,10,11,11,10,22,
10,10,10,4,10,4,4,5,10,10,6,7,8,9,9,4,10,1,2,17,6,8,9,9,10,10,3,3,10,10,19,17,
4,4,1,2,2,4,4,4,4,4,4,4,4,4,4,4,4,4,4,4,4,4,4,4,20,4,4,3,3,20,4,4,19,4,4,
4,1,2,2,22,22,4,12,12,4,4,4,4,5,6,7,8,9,9,4,10,11,11,10,12,12,4,4,12,22,12,12,12,12,12,14,15,13,16,12,12,12,12,12,12,20,3,3,20,12,12,12,12,12,10,17,6,8,9,9,10,4,
1,2,18,
1,2,2,20,18,20,
1,2,18,
22,10,11,11,10,22,22,22,22,12,12,12,22,22,12,22,22,12,22,22,12,12,22,22,4,22,1,2,3,3,5,22,22,6,7,8,9,9,4,22,19,17,22,22,22,12,22,
1,2,18,
4,4,4,1,2,2,20,3,3,20,4,4,19,4,4,
1,2,2,20,18,20,
1,2,18,
1,2,3,3,4,4,4,4,4,4,4,4,4,4,4,4,4,4,4,4,4,18,4,
10,10,11,11,10,10,12,4,12,12,12,5,1,2,3,3,7,6,8,9,9,4,15,13,16,14,12,22,22,22,22,12,12,22,22,22,12,12,22,22,
1,2,2,20,3,3,20,4,18,4,
1,2,3,3,4,18,4,
1,2,2,18,20,20,
1,2,18,
1,2,2,20,4,3,3,20,4,4,18,4,
22,17,6,8,9,9,22,1,2,3,3,22,22,22,22,22,22,22,22,22,4,12,22,6,17,8,9,9,12,12,15,16,13,14,12,12,12,5,22,22,7,6,8,9,9,4,22,12,12,12,22,12,22,22,11,11,22,22,22,22,10,11,11,10,17,6,8,9,9,12,22,22,11,11,22,22,22,22,22,
1,2,18,
1,2,2,20,18,20,
1,2,18,
4,4,1,2,3,3,4,4,4,4,4,19,4,
10,17,19,10,10,10,10,10,1,2,3,3,4,5,7,6,8,9,9,4,10,17,6,8,9,9,10,10,10,
18,4,1,2,2,20,3,3,20,4,4,4,
1,2,18,
1,2,3,3,4,5,7,6,8,9,9,4,10,11,11,10,12,14,13,15,16,12,
10,12,10,4,4,10,10,21,18,12,1,2,3,3,4,4,4,10,10,11,11,10,5,10,6,7,8,9,9,4,
4,5,6,7,8,9,9,4,10,10,10,6,17,8,9,9,10,10,10,1,2,3,3,4,12,4,10,11,11,10,6,17,8,9,9,12,22,14,15,13,16,22,
1,2,2,20,18,20,
1,2,18,
13,14,16,15,12,4,5,10,6,7,8,9,9,4,12,12,10,22,22,22,22,22,22,22,1,2,4,3,3,4,22,10,11,11,10,12,22,12,
4,12,22,22,22,22,22,10,22,12,12,17,6,8,9,9,10,5,22,10,7,6,8,9,9,4,22,22,22,22,17,6,8,9,9,10,10,22,10,22,12,22,18,21,12,12,12,12,22,22,22,12,22,22,22,12,10,1,2,12,12,3,3,22,22,22,22,10,22,22,12,10,22,22,12,22,11,11,10,22,22,12,10,22,22,10,
4,4,10,10,10,10,5,7,6,8,9,9,4,10,10,10,10,10,4,4,10,10,10,10,10,10,10,10,10,10,1,10,2,3,3,10,10,10,17,19,4,10,4,10,4,4,4,4,4,
1,2,18,
20,18,20,1,2,2,
10,10,10,10,10,20,12,12,10,12,18,21,12,3,3,20,4,5,7,6,8,9,9,4,10,12,10,4,10,4,11,11,10,12,12,10,1,2,2,17,6,8,9,9,10,12,
1,2,18,
1,2,18,
10,5,7,6,8,9,9,4,10,10,10,6,17,8,9,9,10,10,10,1,2,3,3,4,10,19,17,
10,11,11,10,22,22,4,12,12,5,1,2,6,7,8,9,9,4,3,3,10,10,22,22,12,12,22,22,22,12,15,16,14,13,12,12,22,12,12,12,12,12,12,10,10,22,22,22,
1,2,18,
20,3,3,20,1,2,2,4,18,4,
4,22,4,22,12,12,5,4,6,7,8,9,9,4,10,10,22,10,10,10,22,10,4,4,22,12,10,10,20,3,3,20,10,12,10,12,12,10,11,11,10,1,2,2,10,22,22,22,10,22,14,16,13,15,10,10,12,10,12,12,22,22,6,17,8,9,9,10,10,10,12,10,10,22,12,10,10,22,
10,10,4,10,10,4,10,22,22,10,10,4,10,11,11,10,10,5,22,10,12,22,7,6,22,8,9,9,4,22,22,22,10,10,10,10,10,12,1,2,3,3,22,22,22,15,14,16,13,12,22,12,12,22,
22,22,22,12,10,11,11,10,15,13,14,16,12,22,22,12,12,1,2,3,3,4,5,22,7,6,8,9,9,4,22,12,
11,11,10,12,12,22,22,22,22,22,6,7,8,9,9,22,4,22,12,22,10,22,22,1,2,22,3,3,22,22,22,12,12,22,10,22,12,22,12,12,22,22,22,12,12,22,22,22,12,12,22,22,22,22,22,12,22,14,16,13,15,12,22,22,22,22,12,22,22,22,22,22,22,22,12,22,22,22,22,22,22,22,22,22,4,22,22,22,5,22,22,12,22,10,
4,10,5,10,4,6,7,8,9,9,4,4,4,4,1,2,3,3,10,10,10,10,10,10,10,10,10,10,10,10,10,10,10,19,17,10,10,
22,10,12,11,11,10,22,22,12,12,12,12,12,12,22,22,10,12,22,1,2,15,16,13,14,12,3,3,12,12,12,22,12,22,22,4,22,22,22,22,22,22,22,4,4,10,22,22,22,22,22,22,5,7,6,8,9,9,4,22,22,22,22,22,12,12,10,12,22,22,10,22,22,22,
4,1,2,3,3,4,4,18,4,
5,7,6,8,9,9,4,10,11,11,10,12,1,2,3,3,4,4,4,18,21,12,
10,10,4,4,10,10,10,11,11,10,12,12,12,12,12,12,12,12,20,22,3,3,20,17,6,8,9,9,12,22,15,16,14,13,22,22,12,12,12,12,22,22,12,12,12,12,12,4,10,10,22,5,1,2,2,10,10,22,22,22,6,7,8,9,9,4,10,10,10,12,17,6,8,9,9,10,10,6,17,8,9,9,10,10,10,12,
20,3,3,20,1,2,2,4,4,4,18,4,
1,2,18,
1,2,18,
1,2,18,
10,1,2,3,3,4,15,14,16,13,12,5,6,7,8,9,9,4,10,17,6,8,9,9,10,10,10,12,10,11,11,10,10,
1,2,18,
1,2,2,20,18,20,
1,2,18,
10,17,19,10,4,4,4,4,10,10,4,4,1,2,3,3,4,10,10,5,7,6,8,9,9,4,10,10,10,4,4,10,4,4,
1,2,2,20,22,10,11,11,10,22,3,3,20,4,12,5,12,6,7,8,9,9,4,10,10,12,12,22,14,15,13,16,12,12,12,12,12,12,22,22,12,12,22,22,22,22,12,
1,2,3,3,12,12,12,10,11,11,10,4,5,7,6,8,9,9,4,12,15,13,14,16,12,12,12,12,
12,1,2,2,20,12,3,3,20,4,22,16,14,13,15,12,22,5,6,7,8,9,9,4,12,12,12,12,17,6,8,9,9,12,22,4,22,22,11,11,22,4,10,11,11,10,
10,10,1,2,2,20,3,3,20,4,5,7,6,8,9,9,4,10,10,10,10,10,17,19,10,
12,10,11,11,10,12,1,2,2,20,3,3,20,4,5,6,7,8,9,9,4,10,6,17,8,9,9,10,10,17,6,8,9,9,10,10,10,12,18,21,12,
1,2,18,
1,2,18,
1,2,2,20,18,20,
1,2,18,
4,5,19,4,1,2,3,3,
1,2,18,
15,13,16,14,22,4,4,1,2,3,3,12,4,5,4,4,10,11,11,10,10,7,6,8,9,9,4,10,10,6,17,8,9,9,10,6,17,8,9,9,12,22,
4,4,4,19,4,1,2,3,3,4,4,
22,4,22,22,1,2,22,22,22,3,3,22,5,22,10,11,11,10,6,7,12,12,8,9,9,4,12,22,22,12,12,22,16,13,15,14,12,22,12,22,22,22,12,22,22,12,12,22,
1,2,18,
4,4,10,4,19,17,10,5,6,7,8,9,9,4,1,2,3,3,
4,4,4,4,4,10,17,19,10,5,6,7,8,9,9,4,10,10,1,2,3,3,
1,2,2,20,18,20,
4,5,6,7,8,9,9,4,4,4,10,1,2,19,17,10,3,3,
1,2,18,
10,10,1,2,3,3,10,4,10,4,4,4,4,10,4,4,5,7,6,8,9,9,4,10,19,17,10,10,4,4,
10,11,11,10,22,12,12,12,12,1,2,3,3,4,15,14,13,16,12,22,22,22,5,12,12,12,12,7,6,8,9,9,4,22,
1,2,18,
20,18,20,1,2,2,
1,2,2,12,12,10,11,11,10,20,3,3,20,4,10,5,22,22,22,12,7,6,8,9,9,4,10,10,22,12,10,13,15,14,16,12,22,
20,18,20,1,2,2,
1,2,2,20,18,20,
10,8,9,9,4,10,10,10,4,10,10,10,10,10,10,10,4,1,2,2,4,20,10,19,17,3,3,20,10,10,10,4,10,10,10,5,4,10,7,6,
1,2,18,
1,2,18,
18,20,1,2,2,20,20,20,20,20,
12,5,7,6,8,9,9,4,1,2,3,3,10,11,11,10,12,12,12,12,12,22,22,10,15,13,14,16,12,22,10,22,22,10,10,12,22,4,22,22,22,22,12,22,
4,19,4,1,2,3,3,
10,11,11,10,14,15,16,13,12,10,4,10,5,1,2,3,3,7,6,8,9,9,4,12,
23,23,23,18,23,1,2,2,
1,2,18,
4,4,4,4,19,4,4,4,4,4,4,4,4,4,4,4,20,3,3,20,4,4,4,4,1,2,2,4,
1,2,2,20,18,20,
4,1,2,2,4,4,18,4,20,3,3,20,4,4,
10,11,11,10,12,12,12,1,2,3,3,4,5,16,14,13,15,12,6,7,8,9,9,4,10,10,
4,4,4,4,4,5,19,4,1,2,3,3,4,4,4,4,
1,2,18,
1,2,18,
4,4,4,18,4,1,2,3,3,
1,2,18,
1,2,18,
1,2,18,
1,2,18,
10,4,10,5,1,2,3,3,7,6,8,9,9,4,10,10,10,19,17,10,10,10,
1,2,2,20,18,20,
1,2,18,
1,2,18,
1,2,2,20,3,3,20,4,13,14,16,15,12,5,6,7,8,9,9,4,12,10,11,11,10,
1,2,18,
10,10,11,11,10,10,10,22,22,22,22,10,22,22,22,22,10,22,22,6,17,8,9,9,10,12,12,12,12,4,4,4,22,5,19,17,22,1,2,3,3,7,6,12,8,9,9,4,10,12,10,22,
1,2,3,3,4,5,7,6,8,9,9,4,10,19,17,10,4,4,10,10,
1,2,18,
1,2,18,
1,2,18,
4,4,1,2,2,4,4,20,20,4,19,20,3,3,20,4,4,
4,1,2,4,3,3,4,4,4,4,4,4,4,4,4,4,4,4,4,4,4,4,4,4,4,4,4,4,4,4,4,4,4,4,4,4,19,4,4,4,4,4,4,4,4,4,
1,2,2,20,18,20,
1,2,2,20,18,20,
1,2,18,
4,18,4,1,2,3,3,4,4,
10,10,10,12,10,10,15,14,13,16,12,10,10,10,10,1,2,4,3,3,4,5,10,4,10,11,11,10,10,7,6,8,9,9,4,10,10,10,
1,2,2,20,20,4,4,3,3,20,4,4,19,4,4,20,
1,2,18,
20,17,6,8,9,9,10,22,22,3,3,20,10,22,22,10,6,17,8,9,9,10,22,22,22,17,19,22,17,6,8,9,9,10,12,12,4,10,5,10,10,11,11,10,12,7,6,8,9,9,4,10,10,4,10,4,6,17,8,9,9,10,10,1,10,2,2,10,4,4,
4,20,3,3,20,1,2,2,4,18,4,4,
4,4,6,7,8,9,9,4,15,13,14,16,12,1,2,3,3,10,10,4,12,10,11,11,10,5,
1,2,18,
20,1,2,2,18,20,
1,2,18,
10,10,10,4,10,4,10,10,5,6,7,8,9,9,4,10,10,10,10,10,10,10,10,1,2,3,3,10,10,10,19,17,10,10,4,
4,1,2,3,3,4,4,10,10,10,4,5,10,4,7,6,8,9,9,4,10,10,10,10,10,10,10,10,10,10,10,19,17,10,10,4,10,4,10,10,10,
1,2,18,
10,7,6,8,9,9,4,10,10,10,10,10,10,10,1,2,17,6,8,9,9,10,3,3,10,10,10,11,11,10,10,10,10,10,10,10,12,4,15,13,14,16,12,10,5,
12,4,4,4,5,7,6,8,9,9,4,1,2,3,3,10,11,11,10,12,12,14,13,15,16,12,
4,4,4,18,4,4,20,3,3,20,4,4,4,1,2,2,4,4,
4,4,4,4,4,4,4,18,4,1,2,3,3,
4,12,12,4,4,22,22,4,15,14,16,13,12,4,10,10,11,11,10,10,12,12,22,4,4,10,10,22,4,4,4,5,12,22,22,6,7,8,9,9,4,22,22,22,12,1,2,3,3,4,
12,4,4,12,22,12,18,21,12,22,22,12,12,12,4,4,10,11,11,10,4,12,22,5,22,22,7,6,8,9,9,4,22,10,22,10,22,12,22,12,22,22,22,12,1,2,3,3,
1,2,2,20,18,20,
4,4,18,4,1,2,2,20,3,3,20,4,4,4,4,4,4,4,4,4,
1,2,18,
20,18,20,1,2,2,
1,2,2,20,18,20,
1,2,4,4,3,3,4,4,4,4,4,19,4,
1,2,18,
18,4,4,4,4,4,20,3,3,20,1,2,2,4,4,4,
10,4,4,10,10,10,4,4,10,10,1,2,10,3,3,4,4,10,10,10,10,11,11,10,10,10,12,4,4,4,4,4,5,15,13,14,16,12,7,6,8,9,9,4,
4,4,4,4,4,4,4,4,4,4,4,4,1,2,3,3,4,19,4,
4,4,4,4,4,4,4,4,20,4,4,4,4,3,3,20,1,2,2,4,4,4,4,19,4,
4,4,10,10,10,4,4,10,10,10,4,4,4,10,19,17,10,5,10,10,10,10,10,6,7,8,9,9,4,10,10,1,2,3,3,
10,10,10,4,4,10,7,6,8,9,9,4,10,10,10,10,10,10,10,10,10,10,10,10,4,4,1,2,3,3,4,10,10,10,17,19,5,
4,4,4,4,4,4,4,4,4,20,3,3,20,4,4,4,4,4,4,4,4,4,4,4,4,4,4,18,4,4,4,4,4,1,2,2,4,4,
1,2,18,
10,12,4,10,4,10,10,12,12,10,11,11,10,12,10,10,4,10,4,10,1,2,12,12,3,3,4,12,12,12,12,10,10,12,12,15,14,16,13,12,12,10,10,5,6,7,8,9,9,4,
4,12,5,18,21,12,6,7,8,9,9,4,10,10,1,2,3,3,10,11,11,10,
1,2,2,20,18,20,
1,2,18,
22,22,6,7,8,9,9,4,4,12,4,22,10,10,10,11,11,10,12,12,12,4,4,22,22,10,10,1,2,2,15,14,13,16,12,20,3,3,20,4,5,
4,4,4,4,1,2,2,4,4,4,19,4,20,4,3,3,20,
1,2,18,
4,4,18,4,1,2,2,20,20,3,3,20,4,20,4,4,4,4,20,20,
20,18,20,1,2,2,
1,2,18,
10,10,10,10,10,10,10,10,10,4,10,10,1,2,3,3,5,10,6,7,8,9,9,4,10,10,10,10,10,10,10,17,6,8,9,9,10,10,10,17,6,8,9,9,10,10,
4,18,4,4,4,4,1,2,3,3,4,
10,4,4,10,11,11,10,4,4,12,10,12,6,17,8,9,9,10,12,4,15,14,13,16,12,5,10,6,17,8,9,9,10,10,1,2,7,6,8,9,9,4,3,3,
1,2,2,20,18,20,
1,2,2,18,4,20,4,4,3,3,20,4,4,4,4,4,
1,2,18,
10,11,11,10,22,10,10,22,22,10,22,22,22,10,12,12,10,22,22,22,12,22,22,14,15,16,13,12,22,22,10,10,12,12,4,22,22,22,12,22,5,22,22,22,6,7,8,9,9,4,10,10,22,22,22,22,22,22,22,22,22,22,22,1,2,3,3,22,10,10,22,10,22,22,22,12,10,22,22,22,22,22,22,22,12,12,22,22,10,12,22,12,12,12,
20,18,20,1,2,2,
1,2,2,20,18,20,
10,11,11,10,10,12,4,12,1,2,3,3,18,21,12,10,10,4,10,12,5,10,4,6,7,8,9,9,4,10,10,10,10,10,
1,2,18,
4,1,2,3,3,18,4,
1,2,18,
22,22,12,10,22,22,22,10,4,4,22,1,2,3,3,4,4,4,22,5,17,6,8,9,9,12,22,7,6,8,9,9,4,10,10,14,15,16,13,22,4,10,11,11,10,4,12,12,10,4,4,22,22,10,12,
10,11,11,10,15,14,13,16,12,4,4,4,5,6,7,8,9,9,4,10,10,1,2,3,3,12,10,10,10,10,10,10,10,10,
4,4,10,10,19,17,10,10,10,10,1,2,4,3,3,4,4,5,6,7,8,9,9,4,
4,19,4,4,4,4,4,1,2,3,3,
1,2,2,4,18,4,20,3,3,20,4,4,
1,2,2,20,18,20,
4,4,4,18,4,4,1,2,3,3,4,4,4,
10,10,17,6,8,9,9,10,10,10,1,2,3,3,4,4,10,10,4,5,12,10,6,7,8,9,9,4,10,10,10,10,4,4,10,10,10,11,11,10,10,14,16,15,13,12,10,
1,2,18,
1,2,18,
18,4,4,1,2,3,3,4,4,4,4,
22,22,10,10,22,22,22,10,22,1,2,12,3,3,22,22,12,12,12,22,12,22,22,22,22,4,4,22,22,4,4,15,13,16,14,12,22,22,10,11,11,10,22,4,4,22,4,12,12,12,12,10,10,12,12,22,6,17,8,9,9,10,10,5,4,10,10,22,4,22,22,22,22,22,22,22,10,22,22,6,7,8,9,9,4,
10,6,17,8,9,9,10,12,1,2,2,4,17,6,8,9,9,12,22,15,13,14,16,22,20,5,7,6,4,10,8,9,9,4,3,3,20,11,11,10,4,10,10,17,6,8,9,9,10,10,6,17,8,9,9,10,10,
1,2,18,
1,2,18,
1,2,2,20,18,20,
1,2,2,20,20,20,4,3,3,20,18,4,
6,7,8,9,9,4,10,17,6,8,9,9,10,10,10,22,22,22,4,4,1,2,12,12,3,3,10,11,11,10,22,4,4,22,22,12,12,6,17,8,9,9,12,22,15,14,13,16,22,22,4,5,
1,2,18,
1,2,3,3,4,4,4,19,4,
20,18,20,1,2,2,
4,12,1,2,3,3,5,7,6,8,9,9,4,18,21,12,10,11,11,10,
22,22,4,4,1,2,15,16,13,14,22,3,3,10,11,11,10,12,4,22,10,10,22,10,22,10,5,22,7,6,8,9,9,4,4,22,22,4,4,4,22,12,12,
12,22,22,22,22,22,4,12,12,22,4,4,4,12,12,10,11,11,10,22,22,22,22,22,22,4,4,4,4,22,12,6,17,8,9,9,22,4,4,4,5,6,7,8,9,9,4,12,12,22,22,22,1,2,3,3,11,11,22,12,12,15,14,16,13,12,12,12,12,12,
22,22,10,11,11,4,10,12,22,22,5,12,6,7,8,9,9,4,12,12,22,22,22,15,14,16,13,12,10,10,10,10,10,10,20,4,1,2,2,3,3,20,4,
4,4,4,4,4,4,4,4,4,4,4,4,4,4,4,4,4,19,20,4,20,4,20,4,4,20,20,3,3,20,4,4,4,4,1,2,2,4,4,4,4,
3,3,10,22,22,22,22,22,10,10,17,6,8,9,9,10,10,15,14,13,16,12,10,10,11,11,10,4,12,12,5,6,7,8,9,9,4,12,22,22,22,12,22,1,2,
1,2,18,
1,2,2,20,18,20,
1,2,18,
1,2,18,
18,4,20,3,3,20,4,4,4,1,2,2,4,4,4,4,4,4,4,4,20,20,
20,18,20,1,2,2,
20,20,20,18,20,1,2,2,
1,2,18,
10,11,11,10,4,12,10,17,6,8,9,9,10,10,10,15,13,14,16,12,4,10,10,4,4,4,5,1,2,3,3,6,7,10,10,8,9,9,4,
1,2,18,
1,2,2,20,20,20,20,20,20,20,18,20,
1,2,18,
1,2,18,
1,2,3,3,4,4,4,4,4,4,4,4,4,4,4,4,4,4,19,4,4,4,4,4,
22,12,22,22,15,14,13,16,1,2,2,12,4,17,6,8,9,9,22,22,22,10,11,11,10,5,6,7,8,9,9,4,10,6,17,8,9,9,10,10,10,10,10,20,12,3,3,20,12,22,11,11,22,12,12,12,12,12,
1,2,2,20,18,20,
20,18,20,1,2,2,
1,2,18,
5,6,7,12,8,9,9,4,10,10,10,10,12,15,14,13,16,12,20,3,3,20,10,11,11,10,12,1,2,2,4,4,4,
1,2,18,
20,3,3,20,4,4,4,4,5,4,4,4,4,4,6,7,8,9,9,4,4,4,4,10,4,4,4,10,4,10,10,4,10,17,19,10,4,4,1,2,2,
10,1,2,17,6,8,9,9,10,10,3,3,10,4,12,5,7,6,8,9,9,4,10,10,10,11,11,10,15,13,14,16,12,10,10,
4,10,10,5,10,1,2,7,6,8,9,9,4,10,3,3,10,17,6,8,9,9,10,10,10,10,10,10,19,17,10,10,10,10,10,10,
1,2,2,20,18,20,
1,2,18,
18,4,1,2,2,20,20,20,3,3,20,4,
1,2,2,20,20,20,18,20,
4,4,10,10,10,17,19,10,10,10,4,4,4,4,4,5,6,7,8,9,9,4,1,2,3,3,
1,2,2,22,22,22,10,4,4,10,12,22,22,22,4,10,11,11,10,12,22,4,4,5,20,20,12,20,3,3,20,6,7,8,9,9,4,10,10,10,12,10,12,12,12,12,12,13,16,14,15,12,4,4,12,
4,19,4,4,4,4,1,2,4,3,3,4,4,4,4,4,4,4,4,4,4,4,4,
10,1,2,3,3,10,10,10,10,12,10,11,11,10,15,13,16,14,12,4,5,7,6,8,9,9,4,10,
4,18,4,20,3,3,20,1,2,2,
1,2,18,
12,12,12,6,7,8,9,9,4,10,12,10,22,12,12,12,10,12,10,17,6,8,9,9,22,22,22,10,11,11,10,12,22,11,11,22,22,12,1,2,22,3,3,4,22,22,12,12,5,14,15,16,13,12,
1,2,2,20,18,20,
5,4,4,6,7,8,9,9,4,1,2,3,3,4,10,10,4,10,10,10,17,19,10,10,10,10,10,10,10,10,10,10,10,4,
1,2,2,20,18,20,
1,2,18,
1,2,18,
1,2,18,
1,2,18,
1,2,2,20,18,20,
18,4,1,2,3,3,4,4,4,4,4,
1,2,18,
1,2,18,
4,4,4,4,19,4,4,4,4,4,4,4,1,2,3,3,4,4,4,
4,19,4,4,4,1,2,2,4,4,20,4,4,3,3,20,4,4,
1,2,2,20,18,20,
1,2,18,
19,17,10,4,4,5,1,2,2,7,6,8,9,9,4,10,10,20,20,20,3,3,20,4,4,10,10,10,4,
10,10,12,12,18,21,12,10,11,11,10,10,10,22,22,22,22,22,22,22,1,2,3,3,4,5,6,7,8,9,9,4,12,10,12,10,12,22,12,12,10,22,22,22,12,12,12,22,12,22,12,12,22,22,22,22,22,12,10,22,22,22,12,22,22,12,10,10,
1,2,18,
4,4,12,12,12,13,16,15,14,12,1,2,3,3,4,5,10,10,7,6,8,9,9,4,10,11,11,10,
1,2,2,20,18,20,
12,15,16,13,14,12,1,2,3,3,4,10,11,11,10,5,7,6,8,9,9,4,
4,19,4,1,2,3,3,
1,2,2,20,18,20,
10,10,10,10,4,5,12,7,6,8,9,9,4,10,10,1,2,3,3,10,10,15,14,13,16,12,10,11,11,10,
4,4,4,4,4,4,4,4,4,4,4,4,4,4,4,4,1,2,4,3,3,4,19,4,4,4,4,4,4,4,
1,2,18,
6,7,8,9,9,4,10,10,12,10,10,11,11,10,10,13,14,16,15,12,1,2,3,3,4,5,
18,4,4,4,4,1,2,3,3,4,4,
1,2,18,
1,2,2,20,18,20,
1,2,18,
1,2,3,3,4,6,17,8,9,9,10,10,5,6,7,8,9,9,4,10,10,17,6,8,9,9,10,10,10,10,10,10,10,10,10,10,10,10,10,17,19,10,
1,2,2,20,18,20,
4,4,4,18,4,1,2,2,20,3,3,20,4,4,
20,18,20,1,2,2,
4,5,7,6,8,9,9,4,10,17,6,8,9,9,10,10,10,10,17,19,10,3,3,20,1,2,2,20,
12,12,22,12,12,12,12,22,22,22,22,22,22,22,22,4,22,22,12,12,12,12,12,12,5,22,6,7,8,9,9,4,12,12,10,12,17,6,8,9,9,10,22,10,12,10,22,22,22,22,12,12,12,1,2,22,22,3,3,12,12,22,22,22,10,18,21,12,11,11,10,22,12,22,22,22,12,
1,2,18,
1,2,2,4,18,4,20,3,3,20,
1,2,18,
4,12,22,22,22,5,12,12,22,22,1,2,6,7,8,9,9,4,3,3,10,22,22,22,18,21,12,10,10,12,10,22,10,22,10,12,4,12,4,4,4,4,4,22,22,4,22,22,4,22,10,11,11,10,
10,11,11,10,12,1,2,3,3,4,5,7,6,8,9,9,4,10,15,13,14,16,12,10,
4,5,18,4,1,2,2,20,3,3,20,
22,22,12,12,22,10,11,11,10,10,10,4,4,4,22,22,12,22,12,5,22,15,13,14,16,12,7,6,8,9,9,4,1,2,3,3,
1,2,18,
12,12,3,3,4,12,5,12,7,6,8,9,9,4,12,23,23,23,10,12,12,12,10,12,10,11,11,10,12,16,14,13,15,12,12,12,1,2,
1,2,2,4,19,4,4,4,4,4,20,3,3,20,
1,2,18,
3,3,20,10,10,1,2,2,10,10,11,11,10,21,18,12,10,10,10,4,4,4,5,7,6,8,9,9,4,12,10,10,20,
4,4,4,4,18,4,1,2,4,3,3,4,4,4,4,4,4,4,4,4,4,4,4,4,4,4,4,
1,2,3,3,4,5,6,7,8,9,9,4,10,10,11,11,10,22,15,13,16,14,22,12,12,10,22,22,22,22,12,
1,2,2,20,18,20,
10,11,11,10,12,1,2,3,3,4,4,4,5,12,12,10,10,7,6,8,9,9,4,22,22,22,22,22,22,22,22,22,12,15,14,13,16,12,
18,4,1,2,2,20,3,3,20,4,
4,1,2,2,20,3,3,20,4,4,18,4,
1,2,18,
4,5,7,6,8,9,9,4,10,4,4,1,2,2,20,3,3,20,10,10,10,19,17,10,10,10,10,10,17,6,8,9,9,10,
4,4,4,5,10,11,11,10,6,7,8,9,9,4,10,4,10,12,1,2,3,3,21,18,12,4,
7,6,8,9,9,4,10,12,10,10,10,10,22,22,10,10,6,17,8,9,9,10,10,10,22,10,11,11,10,12,12,1,2,3,3,4,5,12,18,21,12,
20,18,20,1,2,2,
1,2,2,4,20,20,20,3,3,20,22,5,6,7,8,9,9,4,22,22,22,10,10,10,10,22,12,12,22,12,12,10,11,11,10,15,13,14,16,12,22,
10,1,2,3,3,4,10,5,6,7,8,9,9,4,10,10,10,10,10,10,10,10,10,10,10,19,17,
22,10,4,12,4,10,22,4,4,10,22,22,10,22,1,2,2,4,22,4,10,10,22,4,4,4,4,4,4,4,4,4,5,20,3,3,20,6,7,8,9,9,4,22,22,10,18,21,22,11,11,10,4,4,22,4,12,22,10,12,12,12,4,10,10,10,22,22,
1,2,18,
12,12,12,22,15,16,14,13,12,22,10,11,11,10,22,22,22,4,12,5,1,2,3,3,7,6,8,9,9,4,10,4,4,10,4,4,4,4,
1,2,18,
20,18,20,1,2,2,
4,4,4,4,4,4,4,4,4,19,4,4,4,1,2,3,3,
20,18,20,1,2,2,
12,12,12,12,12,12,15,14,13,16,12,5,7,6,8,9,9,4,12,12,12,12,12,22,22,12,22,22,10,11,11,10,22,12,12,12,10,12,12,12,10,10,10,12,12,12,12,4,1,2,12,12,3,3,
1,2,18,
19,17,10,1,2,3,3,10,4,10,5,7,6,8,9,9,4,4,10,10,4,10,
12,12,15,13,14,16,12,12,12,1,2,3,3,22,4,10,22,11,11,10,5,12,6,7,8,9,9,4,10,6,17,8,9,9,10,22,22,22,4,12,4,4,4,12,12,4,4,22,22,
1,2,18,
19,4,1,2,3,3,4,
1,2,3,3,4,18,4,
22,11,11,22,4,12,12,12,14,15,13,16,12,10,11,11,10,4,1,2,3,3,12,10,4,4,5,7,6,8,9,9,4,10,10,6,17,8,9,9,10,10,10,10,10,12,10,10,12,4,6,17,8,9,9,12,
1,2,2,20,18,20,
1,2,18,
4,5,6,7,8,9,9,4,10,10,10,10,12,10,10,12,15,14,13,16,12,1,2,3,3,10,12,11,11,10,
1,2,18,
1,2,2,20,18,20,
12,10,11,11,10,4,12,10,10,10,10,5,10,7,6,8,9,9,4,10,12,22,19,17,22,10,10,10,12,10,10,12,1,2,3,3,22,6,17,8,9,9,10,10,10,10,10,12,12,22,
1,2,18,
1,2,18,
6,7,8,9,9,4,10,10,1,2,2,10,10,10,17,19,10,4,10,10,4,4,20,3,3,20,4,4,5,
1,2,2,20,18,20,
1,2,2,20,18,20,
1,2,18,
1,2,18,
1,2,18,
17,6,8,9,9,12,22,22,12,12,12,10,10,1,2,3,3,22,15,14,16,13,12,10,10,4,10,10,5,12,10,6,7,8,9,9,4,11,11,10,4,4,22,11,11,22,12,12,22,12,
3,3,12,15,16,14,13,10,12,11,11,10,4,12,5,7,6,8,9,9,4,10,10,1,2,12,
1,2,18,
1,2,18,
4,4,4,4,1,2,3,3,4,19,4,
10,4,1,2,4,3,3,4,22,22,22,22,22,12,12,12,22,4,4,4,4,12,4,4,5,4,12,4,4,4,7,6,8,9,9,4,10,17,6,8,9,9,10,10,12,12,22,22,22,10,10,10,11,11,10,10,12,10,17,19,12,
1,2,18,
10,10,10,10,1,2,2,20,3,3,20,4,5,6,7,8,9,9,4,10,10,10,10,10,11,11,10,12,21,18,12,10,10,10,10,10,10,
1,2,18,
12,12,22,22,22,10,10,4,10,11,11,10,12,12,5,12,12,20,3,3,20,6,7,12,8,9,9,4,1,2,2,4,14,15,16,13,12,10,4,12,10,
1,2,18,
1,2,2,20,18,20,
4,4,4,1,2,4,3,3,4,4,4,4,4,4,4,4,4,4,4,4,4,4,4,4,4,19,4,4,4,4,
1,2,18,
4,14,15,13,16,12,5,1,2,3,3,6,7,8,9,9,4,10,6,17,8,9,9,10,10,10,11,11,10,10,12,10,10,12,12,
1,2,18,
1,2,18,
1,2,2,20,18,20,
10,10,18,21,12,6,17,4,8,9,9,10,10,10,10,4,10,10,10,10,10,10,10,10,4,4,17,6,10,8,9,9,10,10,10,1,2,10,3,3,11,11,10,10,10,10,10,10,4,10,10,10,5,4,4,6,7,8,9,9,4,10,10,12,
1,2,18,
1,2,18,
22,10,6,17,10,22,10,8,9,9,10,10,10,10,10,22,22,22,22,10,10,10,10,22,22,22,22,22,22,12,10,11,11,10,12,12,14,15,13,16,12,10,22,10,10,10,22,22,22,1,2,2,20,3,3,20,4,5,12,12,12,7,6,8,9,9,4,10,10,22,22,12,22,22,
1,2,18,
1,2,3,3,4,18,4,
4,4,4,10,4,4,10,4,1,2,4,3,3,4,4,4,4,4,12,4,5,6,7,8,9,9,4,12,12,10,11,11,10,4,4,4,4,12,18,21,12,12,
4,4,4,4,4,4,4,4,4,4,4,4,4,4,4,1,2,2,4,20,3,3,20,4,19,4,4,4,4,
1,2,18,
1,2,18,
4,4,10,4,4,10,4,4,4,10,4,10,4,10,20,10,5,6,7,8,9,9,4,3,3,20,10,4,10,10,10,4,10,10,17,19,10,10,10,1,2,2,
4,4,4,4,4,4,4,4,4,4,4,4,4,4,4,4,4,4,4,4,4,4,4,4,4,4,4,4,19,4,4,4,4,4,1,2,3,3,
10,1,2,10,3,3,10,4,10,5,19,17,10,10,6,7,8,9,9,4,10,10,10,10,
5,7,6,8,9,9,4,1,2,2,20,3,3,20,10,4,17,19,10,4,4,
4,18,4,1,2,3,3,
1,2,18,
10,11,11,10,12,12,12,1,2,3,3,4,15,13,16,14,12,10,5,6,17,8,9,9,10,10,7,6,8,9,9,4,10,12,12,
20,18,20,1,2,2,20,20,
10,22,12,17,6,8,9,9,12,22,13,14,16,15,22,10,10,4,10,22,22,10,12,12,12,22,22,22,5,1,2,3,3,10,7,6,8,9,9,4,11,11,10,10,6,17,8,9,9,10,22,22,10,22,
20,3,3,20,10,11,11,10,4,4,4,12,4,4,4,4,5,1,2,2,18,21,12,7,6,8,9,9,4,10,10,
1,2,2,20,18,20,
4,4,1,2,3,3,4,4,4,4,5,7,6,8,9,9,4,10,10,4,4,10,10,4,4,4,4,4,4,10,10,10,4,10,10,10,10,17,19,4,4,4,4,4,4,
1,2,18,
4,5,7,6,8,9,9,4,1,2,3,3,10,19,17,10,
1,2,18,
1,2,18,
1,2,2,23,18,23,23,23,
1,2,2,20,3,3,20,4,4,18,4,4,
22,22,12,12,22,22,22,15,13,14,16,12,22,22,22,22,10,22,6,17,8,9,9,12,22,1,2,3,3,22,10,11,11,10,10,22,22,22,11,11,22,22,22,4,10,10,22,5,6,7,8,9,9,4,10,10,22,
1,2,18,
10,10,1,2,3,3,4,10,5,6,7,8,9,9,4,17,19,10,10,10,4,4,
1,2,18,
4,4,4,18,4,4,4,1,2,2,4,20,3,3,20,4,
4,4,4,20,4,4,4,20,3,3,20,4,4,4,18,4,1,2,2,4,4,20,
4,20,18,4,3,3,20,4,4,4,4,1,2,2,
4,4,4,4,4,19,1,2,2,20,3,3,20,4,4,
10,10,10,10,6,17,8,9,9,10,10,10,10,10,10,10,10,10,10,10,10,10,10,10,10,10,6,17,8,9,9,10,10,10,4,4,10,4,4,10,10,4,10,10,10,10,10,10,1,2,10,5,3,3,7,6,10,8,9,9,4,10,10,10,
10,22,22,4,4,4,4,4,4,12,12,10,4,4,4,10,5,4,4,12,4,4,7,6,10,8,9,9,4,4,10,4,22,22,10,22,4,11,11,10,12,22,22,22,22,16,14,15,13,12,22,4,1,2,4,22,3,3,10,4,12,12,10,10,
10,11,11,10,1,2,3,3,4,12,5,6,7,8,9,9,4,10,10,21,18,12,
1,2,2,20,18,20,
20,18,20,1,2,2,
1,2,18,
1,2,2,20,20,18,20,20,20,20,
1,2,2,20,18,20,
22,22,22,22,22,10,22,10,10,1,2,3,3,4,5,7,6,10,8,9,9,4,22,16,13,14,15,22,22,22,22,22,22,22,22,10,12,10,22,10,11,11,10,22,22,22,12,12,22,22,22,22,22,22,22,
1,2,18,
1,2,2,20,18,20,
1,2,18,
16,14,13,15,12,10,10,10,10,4,5,1,2,3,3,6,7,8,9,9,4,10,4,4,10,11,11,10,10,12,10,10,
11,11,10,7,6,8,9,9,4,10,4,4,10,4,12,18,21,12,1,2,3,3,4,4,4,4,5,10,
1,2,18,
1,2,18,
21,18,12,4,12,1,2,3,3,5,7,6,8,9,9,4,10,11,11,10,10,10,
4,12,22,22,4,22,12,12,22,12,22,22,5,10,11,11,10,6,7,8,9,9,4,22,20,22,22,22,12,12,12,20,20,20,20,1,2,2,3,3,20,15,14,16,13,12,4,
4,4,4,4,4,4,4,20,3,3,20,4,4,4,4,4,4,4,4,4,4,4,19,4,4,4,1,2,2,4,4,4,4,4,4,4,4,4,4,
5,1,2,3,3,7,6,8,9,9,4,12,10,10,15,16,14,13,12,4,4,4,10,11,11,10,
1,2,3,3,7,6,8,9,9,4,12,10,6,17,8,9,9,10,10,10,12,12,15,13,14,16,12,10,11,11,10,4,5,
12,4,5,1,2,3,3,21,18,12,6,7,8,9,9,4,10,10,10,10,10,11,11,10,10,10,
4,4,4,4,4,4,4,4,4,4,4,4,4,4,4,4,4,4,4,4,1,2,3,3,4,4,4,4,19,4,4,4,4,4,4,4,
1,2,18,
20,20,20,20,20,20,18,20,1,2,2,20,
10,6,17,8,9,9,10,10,10,12,22,22,10,11,11,10,22,22,18,21,12,22,12,12,12,22,22,12,12,12,4,22,22,22,22,22,10,5,1,2,22,22,3,3,22,22,6,7,8,9,9,4,10,12,12,22,22,
4,22,4,4,5,10,6,7,8,9,9,4,21,18,22,12,20,11,11,10,3,3,20,4,4,12,12,20,20,1,2,2,
1,2,18,
12,4,4,5,6,7,8,1,9,9,4,2,3,3,15,16,14,13,12,10,17,6,8,9,9,10,10,10,11,11,10,10,4,
12,12,22,15,13,14,16,22,22,1,2,2,10,11,11,10,20,3,3,20,4,22,12,22,22,5,12,7,6,8,9,9,4,22,22,22,22,6,17,22,8,9,9,22,22,22,22,22,22,22,22,22,22,11,11,22,12,12,
10,6,17,8,9,9,10,10,10,22,10,10,11,11,10,10,22,22,22,22,4,20,4,1,2,2,3,3,20,12,10,12,17,6,8,9,9,12,22,12,10,15,13,16,14,20,4,22,20,12,12,12,22,5,22,22,22,7,6,8,9,9,4,10,17,6,8,9,9,10,10,6,17,8,9,9,10,
17,19,10,4,1,2,5,3,3,6,7,8,9,9,4,10,
5,19,4,4,4,4,1,2,3,3,
1,2,18,
1,2,2,20,20,20,18,20,
12,14,13,15,16,12,1,2,4,3,3,5,7,6,8,9,9,4,10,17,6,8,9,9,10,4,10,11,11,10,4,
4,4,22,4,4,10,11,11,10,12,12,10,12,10,22,22,12,10,1,2,4,3,3,4,10,4,4,4,5,7,6,8,9,9,4,10,10,10,6,17,8,9,9,10,22,12,12,19,17,22,22,22,22,22,22,22,
10,10,10,10,10,1,2,3,3,4,5,10,10,10,19,17,7,6,10,10,8,9,9,4,10,10,10,
4,4,4,4,20,20,3,3,20,20,4,18,4,1,2,2,20,20,
17,6,8,9,9,10,10,4,10,10,10,1,2,4,3,3,4,4,4,10,10,4,10,10,10,10,4,4,4,10,10,4,10,10,17,19,10,10,10,4,10,4,4,10,4,4,10,10,10,4,10,5,6,7,8,9,9,4,10,4,
5,10,10,7,6,8,9,9,4,10,10,10,10,10,10,10,10,10,10,10,10,10,10,1,2,3,3,10,10,10,10,10,17,19,10,4,10,10,10,
4,4,18,4,20,1,2,2,20,4,20,3,3,20,4,20,20,4,4,4,
1,2,18,
1,2,18,
4,10,10,10,4,10,4,10,10,10,10,4,10,5,10,6,7,8,9,9,4,10,17,19,1,2,3,3,4,
22,22,22,22,17,6,8,9,9,22,22,22,10,11,11,10,20,12,12,12,22,20,20,20,20,3,3,20,4,15,14,16,13,22,12,22,22,22,5,6,7,8,9,9,4,1,2,2,22,22,12,22,22,
10,18,21,10,4,5,6,7,8,9,9,4,10,1,2,3,3,10,
1,2,10,3,3,10,4,4,4,4,4,4,5,4,10,6,7,8,9,9,4,10,6,17,8,9,9,10,10,19,17,10,10,4,4,
1,2,18,
1,2,18,
1,2,18,
1,2,18,
1,2,18,
1,2,18,
4,10,10,10,17,19,10,10,10,10,4,5,6,7,8,9,9,4,1,2,3,3,10,4,
4,4,4,4,4,1,2,3,3,4,4,4,4,4,4,4,4,4,4,4,4,19,4,4,4,4,
5,7,6,1,2,8,9,9,4,3,3,10,10,10,11,11,10,12,21,18,12,4,
1,2,3,3,4,4,4,4,4,4,4,19,4,
4,4,4,4,4,4,4,4,4,4,4,4,4,4,4,1,2,2,4,4,4,4,4,4,4,20,4,4,3,3,20,4,4,4,19,4,4,4,4,4,4,4,4,4,4,
3,3,22,4,22,4,22,22,4,22,12,10,22,21,18,10,22,10,5,10,6,7,8,9,9,4,10,10,10,22,10,10,12,12,10,22,10,11,11,10,22,22,22,1,2,
1,2,2,4,18,4,20,3,3,20,
1,2,7,6,8,9,9,4,3,3,4,4,10,10,4,10,17,19,10,5,
1,2,2,20,18,20,
4,1,2,2,18,4,20,3,3,20,
14,15,13,16,12,12,10,11,11,10,1,2,3,3,4,5,6,7,8,9,9,4,12,10,12,10,
1,2,18,
1,2,2,20,18,20,
19,17,10,10,4,10,10,10,4,4,4,5,6,7,8,9,9,4,10,10,10,10,1,2,3,3,10,4,
20,18,20,1,2,2,
10,6,7,8,9,9,4,12,1,2,10,22,3,3,10,10,22,4,4,22,22,22,10,11,11,10,4,4,22,22,12,12,22,22,22,12,22,22,22,22,22,22,22,22,12,12,22,22,12,12,4,12,10,10,22,12,5,12,22,22,18,21,12,22,
10,10,10,10,10,1,2,10,3,3,4,4,10,10,10,10,4,10,10,10,5,10,7,6,8,9,9,4,10,10,10,10,10,10,6,17,8,9,9,10,10,10,17,19,10,10,10,10,10,10,10,10,10,10,10,10,10,10,10,10,
1,2,18,
3,3,20,4,4,1,2,2,4,18,4,4,4,20,20,20,
1,2,18,
4,1,2,3,3,5,7,6,8,9,9,4,10,19,17,10,
10,10,4,10,4,10,1,2,4,3,3,10,10,10,10,5,10,10,10,6,7,8,9,9,4,10,10,10,10,10,10,10,10,10,10,19,17,10,10,10,10,10,10,10,10,
1,2,18,
10,10,4,10,4,10,4,4,4,4,4,4,1,2,3,3,4,12,10,5,10,4,10,11,11,10,6,7,8,9,9,4,10,10,4,4,4,21,18,12,
1,2,18,
1,2,18,
4,4,4,4,4,4,4,4,4,4,19,1,2,3,3,4,4,4,
10,12,10,10,10,11,11,10,12,12,1,2,3,3,22,12,12,4,5,7,6,8,9,9,4,10,22,10,10,10,10,10,12,12,16,14,13,15,22,10,22,17,6,8,9,9,10,10,
1,2,18,
1,2,2,20,18,20,
1,2,18,
1,2,18,
1,2,18,
6,7,8,9,9,4,4,4,12,12,21,18,12,10,22,22,22,10,22,22,22,22,22,22,10,11,11,10,12,22,22,22,1,2,22,3,3,4,22,12,4,4,22,22,22,5,12,12,
1,2,18,
1,2,18,
1,2,18,
1,2,18,
1,2,18,
1,2,18,
10,10,17,6,8,9,9,10,10,1,2,3,3,4,5,7,6,10,8,9,9,4,10,10,17,19,10,
1,2,18,
1,2,2,20,18,20,
1,2,2,10,10,10,10,10,10,10,10,4,5,10,10,7,6,8,9,9,4,10,10,19,17,10,10,4,20,10,3,3,20,10,10,10,10,10,4,10,
1,2,2,10,10,12,12,4,10,11,11,10,5,12,7,6,8,9,9,4,10,20,10,3,3,20,15,14,16,13,12,
1,2,18,
4,4,4,12,4,4,4,4,4,4,4,1,2,5,3,3,10,10,7,6,8,9,9,4,10,10,4,4,10,11,11,10,15,13,14,16,12,4,4,4,
1,2,2,20,18,20,
1,2,18,
1,2,18,
1,2,18,
1,2,18,
19,4,1,2,3,3,4,4,4,
10,12,12,1,2,2,20,3,3,20,10,4,5,10,10,6,7,8,9,9,4,12,10,11,11,10,10,10,10,10,16,14,13,15,12,10,10,
1,2,18,
5,6,7,8,9,9,4,10,10,10,10,10,19,17,1,2,2,20,3,3,20,4,
1,2,18,
1,2,18,
4,4,4,4,4,18,4,1,2,3,3,
11,11,10,4,4,12,1,2,2,4,4,12,12,12,20,5,3,3,20,22,22,6,7,12,12,8,9,9,4,10,12,10,22,22,22,12,22,22,12,4,22,4,22,10,10,10,22,10,16,13,15,14,12,4,10,
18,21,12,1,2,3,3,4,4,5,10,6,7,8,9,9,4,10,11,11,10,17,6,8,9,9,10,10,10,4,12,
22,22,12,22,22,21,18,12,1,2,2,20,22,22,3,3,20,22,22,22,22,22,4,22,4,22,22,10,22,10,22,4,22,22,22,22,22,22,22,22,22,10,22,22,10,5,22,10,22,22,10,22,10,11,11,10,12,12,22,22,6,7,8,9,9,4,22,10,22,22,17,6,8,9,9,10,10,22,22,17,6,8,9,9,10,22,22,10,22,12,22,22,22,22,10,
4,4,4,4,4,4,4,1,2,4,3,3,4,4,4,4,4,4,4,4,4,4,4,4,4,4,4,4,4,19,4,4,4,4,
1,2,2,20,18,20,
1,2,2,20,18,20,
4,12,10,11,11,10,1,2,4,3,3,5,4,10,7,6,8,9,9,4,15,14,13,16,12,6,17,8,9,9,10,10,10,
1,2,18,
1,2,18,
18,20,20,20,1,2,2,20,20,20,
12,12,22,22,1,2,2,4,4,22,12,22,15,14,13,16,12,12,22,22,22,10,11,11,10,12,22,22,12,12,22,12,20,22,12,12,22,22,4,20,5,20,3,3,20,10,6,7,8,9,9,4,22,17,6,8,9,9,10,22,
1,2,3,3,4,4,4,19,4,
1,2,18,
4,17,19,10,5,6,7,8,9,9,4,10,10,10,10,1,2,3,3,10,
4,4,19,4,4,4,4,4,4,1,2,3,3,
22,10,4,12,12,22,10,12,12,12,22,4,22,22,22,22,22,22,12,22,17,6,22,22,22,8,9,9,22,11,11,22,22,22,22,22,10,11,11,10,22,22,22,12,22,22,22,6,17,8,9,9,12,4,10,22,12,10,22,22,22,22,22,22,22,22,22,12,12,22,22,22,5,22,22,22,12,22,22,12,12,22,12,22,22,22,12,12,22,22,22,7,6,8,9,9,4,22,22,1,2,16,14,15,13,12,3,3,12,10,22,12,12,10,12,12,
1,2,2,10,10,10,4,10,10,10,10,10,10,10,5,10,20,10,3,3,20,6,7,8,9,9,4,10,10,19,17,10,10,10,
6,7,8,9,9,4,10,10,10,1,2,3,3,4,4,4,10,10,10,19,17,10,5,10,
1,2,18,
20,1,2,2,18,20,
19,4,1,2,2,20,3,3,20,4,
22,4,4,22,22,12,12,22,10,10,22,11,11,10,10,22,12,1,2,2,22,22,12,6,17,22,12,12,8,9,9,12,22,22,22,22,22,22,12,22,11,11,22,22,20,3,3,20,12,12,22,22,10,22,12,12,22,22,4,22,22,22,22,10,22,22,22,15,13,14,16,12,5,22,22,6,7,22,8,9,9,4,
4,20,10,20,3,3,20,10,10,10,6,17,8,9,9,10,10,6,17,8,9,9,10,10,10,5,10,10,10,10,6,7,8,9,9,4,10,10,10,10,10,10,10,10,10,10,10,10,19,17,10,10,10,10,10,20,1,2,2,10,
1,2,18,
20,20,20,4,4,3,3,20,4,4,4,4,4,4,4,4,1,2,2,4,4,4,4,4,4,4,4,4,4,4,4,19,4,4,4,20,4,20,4,
1,2,18,
4,4,1,2,3,3,4,4,4,4,4,4,4,19,4,4,4,4,
4,4,4,18,4,1,2,3,3,
1,2,18,
1,2,18,
12,22,12,22,22,22,22,22,22,12,12,4,5,12,12,7,6,8,9,9,4,12,1,2,3,3,10,10,15,16,14,13,12,11,11,10,10,12,12,12,
22,22,22,12,12,12,12,10,12,10,12,12,22,12,10,11,11,10,14,15,13,16,12,1,2,3,3,4,22,22,22,22,22,5,6,7,10,8,9,9,10,4,10,10,
1,2,2,20,3,3,20,4,4,4,4,4,4,4,4,4,18,4,
4,4,1,2,3,3,4,19,4,
4,19,4,1,2,3,3,
10,10,10,10,19,17,22,10,10,22,10,11,11,22,10,17,6,8,9,9,10,10,10,22,10,10,12,12,22,22,1,2,3,3,22,22,22,12,4,22,5,22,22,22,6,7,8,9,9,4,10,22,
4,19,4,1,2,3,3,
4,4,4,4,4,4,4,4,4,4,4,4,4,19,4,4,4,1,2,2,4,20,4,4,4,3,3,20,4,
1,2,18,
1,2,18,
4,4,4,4,4,4,4,4,4,4,4,1,2,2,4,4,4,4,4,4,4,20,3,3,20,4,4,4,4,19,4,4,4,4,4,
19,4,4,1,2,2,20,3,3,20,4,4,4,4,4,4,4,4,4,4,4,4,4,4,4,4,
19,4,1,2,2,20,3,3,20,4,
10,10,10,17,19,10,10,4,10,5,10,10,10,6,7,8,9,9,4,4,4,10,10,10,10,1,2,3,3,4,4,10,
22,1,2,22,3,3,4,5,4,4,22,22,22,22,22,22,7,6,8,9,9,4,22,22,22,22,22,22,22,22,10,22,11,11,10,12,12,22,22,22,22,22,22,22,22,22,22,22,22,12,22,22,12,22,22,15,14,16,13,12,22,22,22,22,
1,2,3,3,4,5,10,10,10,7,6,8,9,9,4,10,10,10,10,10,10,19,17,10,10,10,10,10,
1,2,18,
4,4,4,4,4,4,4,19,1,2,3,3,4,4,
1,2,18,
1,2,2,20,18,20,
10,4,14,16,15,13,12,4,10,10,11,11,10,1,2,10,3,3,10,10,10,10,10,10,10,10,4,10,5,6,7,8,9,9,4,10,12,10,
4,4,4,5,10,12,10,7,6,8,9,9,4,12,12,1,2,3,3,21,18,12,10,10,10,11,11,10,
1,2,18,
10,17,19,10,10,10,10,10,10,10,10,20,3,3,20,4,10,5,7,6,8,9,9,4,1,2,2,
1,2,18,
20,4,4,3,3,20,4,18,4,1,2,2,
1,2,3,3,4,19,4,
1,2,18,
1,2,2,20,18,20,
1,2,18,
20,3,3,20,4,5,18,4,1,2,2,
4,10,4,10,1,2,2,4,10,20,4,10,4,4,4,4,10,10,4,4,3,3,20,10,19,17,10,4,5,7,6,8,9,9,4,10,4,10,4,
1,2,2,20,18,20,
1,2,18,
4,4,4,4,4,4,4,4,4,4,4,4,4,4,4,19,4,1,2,2,20,4,3,3,20,4,4,4,4,4,4,
1,2,18,
3,3,20,5,7,6,8,9,9,4,10,10,12,10,10,10,4,4,10,1,2,2,10,11,11,21,18,10,12,4,4,20,4,
1,2,18,
20,20,20,18,20,1,2,2,
1,2,18,
12,12,12,21,18,12,12,12,4,10,11,11,10,5,6,7,8,9,9,4,10,10,1,2,3,3,
1,2,3,3,4,10,10,5,6,7,8,9,9,4,10,17,6,8,9,9,10,10,10,12,10,10,11,11,10,10,21,18,12,
1,2,2,20,18,20,
4,4,4,5,10,6,7,8,9,9,4,10,10,10,1,2,3,3,10,10,10,10,10,10,10,10,10,10,10,17,19,10,4,4,
1,2,18,
10,10,12,10,10,10,11,11,10,12,1,2,3,3,14,15,16,13,12,4,4,4,10,10,5,10,17,6,8,9,9,10,6,7,8,9,9,4,12,10,10,10,10,
22,10,22,11,11,22,12,10,10,22,10,4,12,12,4,22,17,6,4,8,9,9,22,22,12,22,22,22,1,2,3,3,22,5,22,7,6,8,9,9,4,10,11,11,10,12,22,22,22,22,12,12,22,15,13,14,16,12,12,22,
10,12,10,21,18,12,12,10,10,10,10,12,1,2,2,20,12,3,3,20,4,5,6,7,8,9,9,4,10,10,10,11,11,10,10,10,10,10,12,
1,2,2,20,18,20,
1,2,18,
1,2,18,
4,4,1,2,3,3,4,18,4,
1,2,18,
10,11,11,10,10,10,10,10,14,15,13,16,12,12,1,2,3,3,4,5,6,7,8,9,9,4,10,10,
3,3,20,4,18,4,1,2,2,20,
1,2,3,3,4,21,18,12,5,7,6,8,9,9,4,10,10,4,4,12,12,10,11,11,10,12,12,12,
1,2,2,20,18,20,
10,10,4,4,5,10,1,2,3,3,10,4,10,10,10,7,6,8,9,9,4,10,10,10,10,4,10,10,10,10,10,19,17,4,10,
4,4,1,2,3,3,4,19,4,4,4,4,4,
1,2,18,
12,10,12,10,17,6,8,9,9,12,22,22,12,15,16,14,13,12,1,2,3,3,4,5,6,7,8,9,9,4,22,10,22,10,22,11,11,22,12,10,11,11,10,
1,2,18,
20,3,3,20,4,4,4,4,4,4,4,4,4,10,11,11,10,4,4,4,4,4,12,12,4,5,4,12,4,12,4,6,7,8,9,9,4,10,4,4,4,4,4,1,2,2,10,4,4,4,20,4,4,4,20,20,12,21,18,12,12,12,20,
10,10,20,3,3,20,10,10,10,10,10,4,6,17,8,9,9,10,10,10,10,5,6,7,8,9,9,4,10,10,10,17,10,19,1,2,2,10,10,
18,20,1,2,2,20,
20,20,18,20,1,2,2,20,
20,18,20,1,2,2,
1,2,2,20,18,20,
4,4,12,4,21,18,12,5,4,7,6,8,9,9,4,1,2,3,3,10,10,10,11,11,10,10,10,4,
1,2,18,
4,4,4,4,4,4,4,4,4,4,1,2,3,3,4,4,4,4,4,4,4,4,19,4,4,4,4,4,4,4,4,4,4,4,
1,2,18,
1,2,18,
4,1,2,3,3,18,4,
1,2,2,20,18,20,
20,18,20,1,2,2,
20,3,3,20,10,10,10,6,17,8,9,9,10,10,19,17,10,4,5,10,6,7,8,9,9,4,10,1,2,2,
3,3,4,5,12,10,10,12,10,6,7,8,9,9,4,10,17,6,8,9,9,10,10,17,6,8,9,9,12,22,15,13,14,16,22,12,12,12,10,11,11,10,1,2,
1,2,3,3,4,5,6,7,8,9,9,4,10,19,17,10,
4,4,4,4,4,4,4,1,2,3,3,4,4,4,4,4,4,4,4,4,4,4,19,4,4,4,4,4,4,4,4,4,4,4,
1,2,18,
22,10,11,11,10,12,22,12,12,22,22,22,22,22,12,22,22,4,12,12,22,22,22,15,14,13,16,12,5,1,2,3,3,7,6,8,9,9,4,10,6,17,8,9,9,10,10,10,10,10,10,6,17,8,9,9,10,10,22,22,6,17,8,9,9,10,22,10,22,22,10,12,12,22,12,22,22,
4,5,10,7,6,8,9,9,4,10,10,10,10,10,10,10,10,10,10,10,10,10,10,10,10,10,10,10,10,17,19,1,2,3,3,10,10,
12,15,13,16,14,12,22,12,12,12,10,11,11,10,4,22,22,22,12,12,5,22,1,2,6,7,8,9,9,4,3,3,
4,4,5,6,7,8,9,9,4,10,10,10,10,10,17,19,10,1,2,3,3,4,
12,1,2,12,3,3,12,22,4,12,12,12,10,10,22,22,5,7,6,8,9,9,4,10,10,12,22,22,10,10,22,22,11,11,22,10,10,12,10,12,12,11,11,10,17,6,8,9,9,22,22,22,4,22,22,12,10,4,10,10,22,10,13,15,14,16,
10,10,6,17,8,9,9,10,1,2,3,3,4,5,10,7,6,10,8,9,9,4,10,6,17,8,9,9,10,10,10,10,17,6,8,9,9,10,10,17,6,8,9,9,10,10,10,10,10,11,11,10,10,10,10,10,10,10,10,10,10,10,
4,4,4,4,4,1,2,3,3,4,4,4,4,12,4,12,10,21,18,12,11,11,10,10,5,10,4,4,6,7,8,9,9,4,12,10,10,4,
15,13,16,14,12,1,2,3,3,10,11,11,10,4,5,6,7,8,9,9,4,12,
1,2,18,
20,18,20,1,2,2,
20,18,20,1,2,2,
21,18,12,10,10,12,12,12,4,5,6,7,8,9,9,4,10,11,11,10,1,2,4,3,3,4,
1,2,18,
1,2,18,
1,2,18,
1,2,2,20,18,20,
1,2,18,
1,2,18,
1,2,3,3,12,10,10,10,11,11,10,4,4,4,12,5,12,4,6,7,8,9,9,4,10,4,10,13,15,14,16,12,
1,2,2,20,18,20,
1,2,18,
4,1,2,2,4,4,4,4,4,20,4,3,3,20,18,4,
10,10,10,4,1,2,2,10,10,10,5,6,7,8,9,9,4,10,10,10,10,10,10,19,17,20,3,3,20,10,
1,2,2,20,18,20,
10,4,4,10,4,4,1,2,10,3,3,10,10,4,4,10,10,19,17,10,10,10,10,4,4,4,10,10,5,10,10,7,6,8,9,9,4,10,
20,1,2,2,18,20,
1,2,2,20,18,20,
10,17,19,10,1,2,3,3,4,10,10,5,6,7,8,9,9,4,10,10,
4,4,10,10,4,4,4,4,4,10,10,1,2,3,3,10,5,17,19,10,6,7,8,9,9,4,
1,2,2,20,18,20,
1,2,2,20,18,20,
1,2,18,
1,2,18,
20,18,20,1,2,2,
12,6,17,8,9,9,10,12,13,14,16,15,12,12,12,10,11,11,10,12,1,2,3,3,12,4,5,6,7,8,9,9,4,10,12,
1,2,2,12,21,18,12,12,12,10,10,10,11,11,10,10,20,6,17,8,9,9,10,10,3,3,20,10,4,5,6,7,8,9,9,4,
17,19,10,1,2,3,3,10,4,10,4,4,4,4,5,7,6,8,9,9,4,4,4,4,4,10,
1,2,18,
1,2,18,
4,4,4,1,2,3,3,4,4,4,4,4,4,4,4,4,4,4,4,4,4,4,4,18,4,4,4,
22,6,17,8,9,9,10,10,10,10,17,6,8,9,9,10,10,10,10,10,10,10,12,17,6,8,9,9,12,22,15,14,13,16,22,1,2,2,20,3,3,20,4,12,10,12,12,12,10,5,22,22,6,7,8,9,9,4,22,10,10,11,11,10,10,10,6,17,8,9,9,10,10,12,22,22,22,22,6,17,8,9,9,10,10,22,10,22,10,22,
20,20,20,20,1,2,2,20,20,20,20,18,20,20,20,20,
20,20,20,18,20,1,2,2,
12,14,15,16,13,12,20,22,22,20,20,3,3,20,4,4,4,22,12,12,1,2,2,4,4,4,4,4,4,12,4,4,5,7,6,8,9,9,4,10,10,12,22,22,22,10,10,11,11,10,12,10,22,
1,2,18,
10,10,11,11,10,12,12,4,10,4,10,4,5,6,7,8,9,9,4,10,10,1,2,3,3,12,21,18,12,10,10,10,
20,18,20,1,2,2,
1,2,18,
1,2,18,
10,10,11,11,10,10,10,1,2,2,12,10,4,10,5,20,4,20,20,3,3,20,21,18,12,17,6,8,9,9,10,10,6,7,8,9,9,4,10,10,10,10,10,4,20,20,10,10,
12,10,11,11,10,15,16,14,13,12,1,2,2,20,20,20,3,3,20,4,5,6,7,8,9,9,4,10,10,
1,2,18,
20,18,20,1,2,2,
6,7,8,9,9,4,10,10,18,21,12,10,11,11,10,12,1,2,3,3,4,5,
20,20,20,18,20,1,2,2,
15,16,14,13,12,1,2,3,3,4,10,11,11,10,5,10,6,7,8,9,9,4,10,10,10,12,10,10,
10,11,11,10,12,6,7,8,9,9,4,1,2,3,3,10,12,10,22,22,12,12,12,10,22,10,10,10,12,15,13,14,16,12,10,10,10,10,22,22,22,22,22,22,22,4,22,22,22,5,
10,1,2,3,3,10,10,4,10,5,17,19,10,7,6,8,9,9,4,10,
1,2,2,20,20,20,18,20,
4,1,2,3,3,4,10,10,10,10,17,19,4,10,4,4,10,5,10,10,6,7,8,9,9,4,10,6,17,8,9,9,10,10,4,10,4,
4,10,12,5,6,17,8,9,9,10,10,10,10,11,11,10,20,6,7,18,21,12,8,9,9,4,4,4,3,3,20,12,12,10,1,2,2,12,10,12,
4,18,4,1,2,3,3,
4,10,4,4,19,17,10,4,4,4,5,7,6,8,9,9,4,4,4,4,1,2,3,3,
1,2,18,
22,12,12,1,2,3,3,17,6,8,9,9,22,4,22,10,22,5,10,10,11,11,10,7,6,10,8,9,9,4,10,12,12,22,11,11,22,13,14,16,15,12,10,17,6,8,9,9,10,22,22,
1,2,2,20,3,3,20,4,14,15,13,16,12,5,7,6,8,9,9,4,10,10,12,10,11,11,10,
1,2,18,
4,4,4,1,2,2,4,4,18,4,20,4,4,3,3,20,4,4,
12,10,11,11,10,12,15,14,13,16,12,12,12,4,4,1,2,3,3,4,5,12,7,6,8,9,9,4,
10,17,19,10,1,2,3,3,4,5,6,7,8,9,9,4,
4,4,4,4,1,2,2,4,20,5,18,4,3,3,20,
4,4,4,4,4,4,4,4,4,4,4,4,4,4,4,4,4,4,4,4,4,19,4,4,4,1,2,3,3,4,
4,19,4,4,4,1,2,2,4,4,20,3,3,20,4,4,4,4,
1,2,2,20,18,20,
22,10,10,10,11,11,10,1,2,12,3,3,12,12,4,22,22,12,15,14,13,16,12,4,12,4,5,12,7,6,8,9,9,4,4,22,4,12,12,22,12,12,
4,4,4,18,4,1,2,3,3,
1,2,18,
4,10,10,21,18,12,4,12,5,10,1,2,2,10,7,6,8,9,9,4,10,11,11,10,20,20,20,3,3,20,4,
10,10,10,10,6,17,8,9,9,10,10,10,1,2,3,3,10,10,10,10,10,6,17,8,9,9,10,10,6,17,8,9,9,10,10,10,10,10,10,10,4,10,17,19,5,10,6,7,8,9,9,4,
20,18,20,1,2,2,
4,19,4,3,3,20,4,4,4,4,4,4,1,2,2,4,4,4,20,4,
10,10,10,10,11,11,10,10,10,10,10,10,10,12,1,2,2,18,21,12,20,3,3,20,4,5,6,7,8,9,9,4,10,10,10,
4,4,1,2,3,3,18,4,4,
1,2,18,
4,20,20,20,20,4,4,4,1,2,2,4,18,4,20,20,20,20,20,20,20,3,3,20,
12,10,10,1,2,3,3,4,11,11,10,10,5,14,13,15,16,12,6,7,8,9,9,4,10,10,
20,18,20,20,1,2,2,20,20,20,
4,4,4,19,4,1,2,3,3,4,4,
18,20,1,2,2,20,
20,18,20,1,2,2,
1,2,18,
12,10,11,11,10,4,4,4,5,7,6,8,9,9,4,10,1,2,2,10,15,13,16,14,12,20,20,20,10,3,3,20,10,
20,18,20,1,2,2,
1,2,2,20,20,20,20,20,18,20,
1,2,2,20,18,20,20,20,
6,7,8,9,9,4,10,4,10,22,4,4,22,22,22,22,10,12,10,12,22,4,4,4,22,10,11,11,10,15,13,14,16,12,20,3,3,20,4,12,12,1,2,2,4,4,4,4,5,
20,4,4,4,4,4,4,4,4,4,20,20,4,4,4,4,4,4,20,20,3,3,20,19,4,4,1,2,2,4,
1,2,2,20,18,20,20,20,
20,1,2,2,4,20,18,4,3,3,20,20,
12,12,21,18,12,20,4,4,3,3,20,4,5,7,6,8,9,9,4,10,10,4,4,4,1,2,2,10,11,11,10,4,10,10,12,4,4,
4,4,4,4,4,20,4,4,3,3,20,4,19,4,4,4,1,2,2,4,4,4,4,4,4,4,4,4,
4,4,4,18,4,1,2,2,20,3,3,20,
16,14,13,15,12,20,10,3,3,20,10,10,11,11,10,12,4,1,2,2,5,20,7,6,8,9,9,4,20,
20,3,3,20,4,19,4,4,4,4,4,1,2,2,4,4,
1,2,18,
12,10,10,10,10,10,12,12,12,12,12,22,4,4,12,22,4,10,11,11,10,5,6,7,8,9,9,4,15,16,13,14,12,12,1,2,3,3,22,22,22,10,
1,2,3,3,4,4,4,4,19,4,4,4,
1,2,18,
10,10,10,22,22,22,22,10,22,10,22,12,22,22,22,22,10,22,4,17,6,8,9,9,10,22,22,22,22,10,22,11,11,10,4,12,12,4,1,2,4,10,3,3,22,5,10,6,7,8,9,9,4,10,22,10,10,10,4,4,4,10,
1,2,18,
1,2,2,20,18,20,
1,2,18,
1,2,18,
1,2,18,
1,2,18,
1,2,18,
1,2,18,
1,2,18,
1,2,18,
1,2,18,
1,2,18,
10,10,10,10,10,10,10,10,10,4,10,4,10,10,4,10,17,19,5,7,6,8,9,9,4,10,10,10,20,1,2,2,10,3,3,20,
1,2,2,20,18,20,
4,3,3,20,4,4,4,4,4,10,10,1,2,2,4,10,10,4,4,10,10,10,10,5,10,19,17,6,7,8,9,9,4,10,10,10,20,10,
1,2,18,
20,20,4,4,4,4,4,4,4,4,4,4,20,20,4,4,4,20,20,4,4,4,4,4,4,4,20,4,19,3,3,20,4,4,1,2,2,20,4,4,20,20,20,
20,1,2,2,18,20,
1,2,18,
1,2,18,
1,2,2,20,18,20,
22,22,22,12,22,12,12,4,4,10,12,13,14,15,16,12,1,2,3,3,12,12,12,12,4,12,12,12,10,5,12,22,10,11,11,10,22,22,22,7,6,8,9,9,4,22,
20,18,20,1,2,2,20,20,
18,20,1,2,2,20,
22,22,12,12,22,22,22,22,10,22,10,12,22,22,22,22,1,2,3,3,10,22,22,10,10,22,22,22,4,22,22,22,22,22,22,22,22,22,22,22,22,22,22,22,10,17,19,22,22,22,5,10,22,22,22,22,22,6,7,8,9,9,4,22,22,22,12,12,22,22,10,22,10,22,10,10,22,10,10,11,11,10,22,22,22,12,10,22,22,22,22,12,12,22,22,22,22,22,22,22,10,
22,22,10,12,12,10,1,2,2,15,16,14,13,12,20,22,22,20,20,20,20,20,20,17,6,8,9,9,22,10,10,3,3,20,4,10,22,11,11,10,22,12,12,22,5,6,7,8,9,9,4,10,10,12,12,22,22,22,10,10,11,11,22,22,22,22,22,22,22,22,22,22,22,12,22,
1,2,18,
1,2,2,20,3,3,20,4,18,4,
1,2,18,
10,21,18,12,10,10,10,10,1,2,2,10,20,3,3,20,4,5,7,6,8,9,9,4,10,10,10,10,12,10,10,10,10,12,12,10,11,11,10,
1,2,18,
22,23,23,23,23,23,12,12,20,3,3,20,22,10,11,11,10,22,22,22,22,12,12,12,12,22,22,12,23,22,23,22,22,12,12,15,13,14,16,12,22,1,2,2,4,10,4,4,5,10,10,7,6,8,9,9,4,22,10,
22,12,12,12,22,12,12,10,11,11,10,22,22,22,4,4,22,4,4,22,22,4,20,4,20,4,4,22,4,4,20,4,22,22,5,22,22,21,18,12,22,22,12,12,22,6,7,8,9,9,4,10,10,20,3,3,20,4,4,4,4,22,22,22,22,4,4,22,12,22,22,4,22,4,22,4,20,12,1,2,2,4,12,12,12,22,12,12,12,12,12,22,22,22,12,
4,18,4,4,4,4,20,3,3,20,4,1,2,2,
1,2,2,20,18,20,
18,4,20,1,2,2,3,3,20,4,
20,18,20,1,2,2,
22,5,12,4,4,6,7,8,9,9,4,10,10,12,12,20,10,3,3,20,10,4,15,14,13,16,12,22,22,4,4,22,22,22,22,1,2,2,12,4,10,11,11,10,10,22,22,10,22,22,4,4,4,4,4,
20,18,20,1,2,2,
12,10,10,12,4,12,18,21,12,10,11,11,10,5,6,7,8,9,9,4,10,10,10,1,2,3,3,10,10,10,10,10,
20,3,3,20,10,4,10,4,4,4,4,5,10,7,6,8,9,9,4,10,10,10,10,10,6,17,8,9,9,10,4,10,10,4,10,10,10,19,17,10,10,10,10,10,1,2,2,10,10,
1,2,2,20,18,20,
10,1,2,2,20,3,3,20,4,5,6,7,8,9,9,4,10,19,17,10,10,
1,2,2,20,18,20,
10,4,10,11,11,10,17,6,8,9,9,10,4,1,2,3,3,12,10,12,10,4,12,10,15,13,14,16,12,10,5,6,7,8,9,9,4,10,10,
18,4,1,2,2,20,4,3,3,20,4,4,4,4,
20,3,3,20,4,17,6,8,9,9,10,10,10,10,10,4,4,4,10,10,10,10,10,4,10,10,10,10,10,10,10,10,10,10,5,10,10,10,7,6,8,9,9,4,10,10,10,10,10,10,10,10,10,10,17,19,10,1,2,2,10,
4,4,4,4,4,4,4,4,4,4,4,4,4,4,4,4,19,4,1,2,3,3,4,4,
1,2,12,3,3,4,5,10,12,12,10,7,6,10,11,11,10,8,9,9,4,10,10,12,12,12,12,22,12,12,12,12,21,18,22,
12,1,2,2,20,10,3,3,20,4,5,10,12,7,6,8,9,9,4,10,11,11,10,12,12,21,18,
1,2,18,
1,2,18,
20,20,10,12,22,4,4,10,12,20,20,10,12,10,10,10,12,10,10,12,12,11,11,10,10,12,10,10,10,10,6,17,8,9,9,10,20,20,20,3,3,20,1,2,2,14,15,16,13,12,12,4,22,22,22,5,22,22,22,20,6,7,8,9,9,4,10,20,
20,18,20,1,2,2,20,20,
18,20,1,2,2,20,
18,20,1,2,2,20,
4,4,1,2,2,20,4,3,3,20,4,4,4,4,4,4,4,4,4,4,4,4,19,4,4,4,4,4,4,
1,2,2,20,18,20,
1,2,2,20,18,20,
20,1,2,2,18,20,
4,5,10,11,11,10,6,7,8,9,9,4,10,10,10,12,10,20,3,3,20,12,1,2,2,12,15,13,16,14,12,
12,10,10,1,2,2,12,12,12,12,12,12,12,12,12,4,5,12,6,17,8,9,9,12,7,6,8,9,9,4,10,22,6,17,8,9,9,10,14,15,16,13,22,10,10,20,3,3,20,22,10,11,11,10,22,22,22,22,12,22,22,
4,1,2,3,3,5,6,7,8,9,9,4,10,17,19,10,10,10,
1,2,2,20,18,20,
10,1,2,2,4,10,10,10,10,20,3,3,20,5,10,7,6,8,9,9,4,10,10,10,10,10,10,10,10,10,10,17,19,10,10,
4,1,2,3,3,18,4,
4,19,4,4,4,4,4,4,4,4,20,4,3,3,20,4,4,1,2,2,
1,2,18,
1,2,18,
1,2,2,20,18,20,
4,1,2,2,18,4,20,3,3,20,
10,10,4,4,4,1,2,3,3,5,6,7,8,9,9,4,10,19,17,10,
1,2,18,
12,1,2,3,3,10,10,15,16,14,13,12,4,10,10,11,11,10,4,10,4,4,4,5,7,6,8,9,9,4,10,10,
1,2,2,20,18,20,
4,1,2,3,3,19,4,
1,2,2,20,18,20,
1,2,3,3,10,19,17,10,4,5,6,7,8,9,9,4,10,6,17,8,9,9,10,10,10,10,10,
1,2,2,10,17,19,10,4,20,5,3,3,20,7,6,8,9,9,4,
22,22,12,12,22,22,4,12,22,22,22,22,22,22,12,12,22,5,22,10,7,6,8,9,9,4,10,12,12,10,11,11,10,4,4,22,12,22,12,1,2,22,3,3,22,22,22,12,15,16,13,14,12,12,12,22,22,22,22,22,22,22,
1,2,2,4,4,4,4,20,4,4,20,4,19,20,4,3,3,20,4,4,4,
12,4,4,3,3,20,10,22,22,10,12,22,22,22,22,10,22,22,22,22,22,10,10,11,11,10,4,4,22,22,22,22,22,22,4,15,14,16,13,12,22,22,22,22,10,10,1,2,2,22,4,22,4,12,12,20,20,5,22,7,6,8,9,9,4,10,10,22,20,
4,18,4,1,2,3,3,
1,2,2,20,18,20,
23,1,2,2,23,23,18,23,20,20,20,
1,2,18,
1,2,18,
1,2,2,10,12,10,10,11,11,10,4,10,10,20,5,3,3,20,12,12,6,7,8,9,9,4,15,14,13,16,12,10,10,
18,4,1,2,2,4,4,20,3,3,20,4,
4,4,4,4,4,4,4,4,4,4,4,4,4,4,1,2,3,3,4,4,19,4,4,4,4,4,4,4,
14,15,16,13,12,4,22,22,22,12,22,5,12,7,6,8,9,9,4,10,10,12,12,12,12,4,4,10,11,11,10,12,12,12,22,20,3,3,20,12,1,2,2,
1,2,2,20,18,20,
12,12,22,22,12,22,22,22,22,12,12,13,14,16,15,12,12,12,12,22,22,22,4,12,10,11,11,10,5,22,11,11,22,22,10,10,20,6,7,8,9,9,4,22,17,6,8,9,9,22,3,3,20,22,1,2,2,
1,2,2,20,18,20,
4,21,18,12,22,1,2,22,3,3,10,11,11,10,10,10,10,12,12,10,22,22,22,10,10,12,12,4,5,22,22,22,12,12,22,6,7,8,9,9,4,10,6,17,8,9,9,10,10,10,4,
1,2,2,20,18,20,
4,4,4,4,4,4,1,2,2,4,4,4,4,4,4,4,4,4,4,4,19,4,20,3,3,20,4,
5,7,6,8,9,9,4,1,2,2,10,19,17,10,4,4,4,4,4,4,20,4,3,3,20,
1,2,2,20,18,20,
5,12,12,6,7,8,9,9,4,12,22,17,19,22,10,11,11,10,1,2,2,12,12,12,12,10,4,20,10,3,3,20,
3,3,20,4,4,4,4,4,4,4,4,4,4,4,4,4,4,4,4,4,4,4,4,4,4,4,19,4,4,4,4,1,2,2,20,
10,10,10,17,6,8,9,9,10,10,1,2,10,10,3,3,10,7,6,8,9,9,4,10,10,10,10,10,10,10,10,10,10,10,10,10,10,10,10,10,6,17,8,9,9,10,10,10,4,10,6,17,8,9,9,10,10,4,10,10,10,10,10,4,10,10,10,5,10,
1,2,18,
20,18,20,1,2,2,20,20,
18,20,1,2,2,20,
4,12,5,6,7,8,9,9,4,10,10,21,18,12,1,2,10,3,3,10,11,11,10,4,4,4,10,4,4,4,
20,3,3,20,10,19,17,10,1,2,2,10,4,5,10,7,6,8,9,9,4,10,6,17,8,9,9,10,
20,12,3,3,20,12,12,4,5,6,7,8,9,9,4,12,14,13,16,15,12,10,11,11,10,12,1,2,2,
20,18,20,1,2,2,
20,18,20,1,2,2,
20,18,20,1,2,2,
22,22,22,12,10,10,6,17,10,8,9,9,10,12,22,10,10,10,11,11,10,22,11,11,22,10,10,10,10,17,6,8,9,9,22,12,14,15,13,16,12,4,5,7,6,8,9,9,1,4,2,3,3,4,10,4,10,22,
20,3,3,20,4,4,4,4,4,4,4,4,4,19,1,2,2,4,4,4,4,4,4,
4,1,2,2,20,3,3,20,4,4,4,4,4,4,4,4,4,4,4,19,4,4,4,4,4,
10,10,1,2,3,3,4,10,19,17,4,5,4,6,7,8,9,9,4,10,10,10,10,
4,19,4,20,1,2,2,3,3,20,4,4,4,4,
4,12,12,4,4,12,5,6,7,8,9,9,4,10,10,1,2,2,20,3,3,20,14,15,13,16,12,10,11,11,10,
20,18,20,20,20,1,2,2,
22,12,22,22,22,15,13,14,16,12,12,12,12,22,5,22,22,22,22,6,7,8,9,9,4,22,10,11,11,10,12,1,2,2,12,20,3,3,20,22,22,22,4,22,22,
4,12,5,7,6,8,9,9,4,10,11,11,10,1,2,3,3,14,15,16,13,12,4,4,
6,7,8,9,9,4,20,10,11,11,10,12,20,1,2,2,16,13,15,14,12,20,20,20,4,10,3,3,20,10,10,10,5,
1,2,2,23,23,23,18,23,20,20,20,
1,2,18,
1,2,2,20,20,18,20,20,
20,3,3,20,19,4,20,1,2,2,20,4,4,4,
10,4,12,4,22,5,22,22,22,22,7,6,8,9,9,4,10,13,14,16,15,12,10,12,12,10,10,4,10,11,11,10,4,1,2,2,22,22,22,22,20,3,3,20,22,22,10,12,4,
1,2,2,20,18,20,
22,22,22,22,5,6,7,8,9,9,4,10,10,22,22,10,11,11,10,22,22,4,4,12,12,1,2,2,20,12,22,22,3,3,20,22,16,15,13,14,12,12,4,
4,4,4,4,4,4,4,4,4,4,4,4,4,4,4,4,4,4,4,4,4,4,4,19,4,20,1,2,2,4,3,3,20,4,4,4,4,
1,2,2,20,18,20,20,20,
4,12,3,3,20,4,5,6,7,8,9,9,4,10,14,13,15,16,12,10,12,10,12,10,10,11,11,10,22,22,20,22,20,12,12,12,12,12,12,22,22,4,1,2,2,22,20,
20,20,20,18,20,1,2,2,
1,2,18,
4,4,4,4,1,2,3,3,4,4,4,4,4,19,4,4,4,4,4,4,4,
1,2,3,3,10,4,5,4,4,19,17,10,6,7,8,9,9,4,
10,6,7,8,9,9,4,10,17,6,8,9,9,10,10,10,10,10,10,10,10,1,2,10,3,3,10,10,10,10,10,10,10,10,17,19,4,5,
4,4,4,4,4,4,20,1,2,2,3,3,20,4,4,4,19,4,4,4,
4,5,12,6,7,8,9,9,4,4,10,4,20,3,3,20,10,1,2,2,15,14,16,13,12,4,4,10,11,11,10,12,12,
6,17,8,9,9,10,15,14,13,16,12,10,10,10,4,10,10,11,11,10,22,12,22,22,5,1,2,3,3,12,6,7,8,9,9,4,10,10,10,10,4,12,12,22,4,10,22,22,22,
1,2,18,
18,4,20,3,3,20,4,1,2,2,4,4,4,4,
18,4,20,3,3,20,1,2,2,4,4,4,4,4,
4,4,20,3,3,20,18,4,1,2,2,4,
4,4,4,4,20,3,3,20,4,4,1,2,2,4,4,4,4,4,4,4,19,4,4,4,4,4,4,
18,4,20,3,3,20,1,2,2,4,4,4,4,4,4,4,
20,18,20,1,2,2,
10,10,1,2,2,17,19,10,6,17,8,9,9,10,10,10,10,4,20,3,3,20,10,10,10,5,10,6,7,8,9,9,4,10,
1,2,18,
1,2,18,
1,2,3,3,4,19,4,
4,5,1,2,10,3,3,7,6,8,9,9,4,10,19,17,10,10,10,6,17,8,9,9,10,10,10,
12,12,12,12,4,12,10,11,11,10,4,4,1,2,3,3,5,6,7,10,8,9,9,4,12,10,18,21,12,10,22,10,10,22,22,10,22,22,22,22,
4,4,4,4,4,4,4,4,4,4,4,4,4,1,2,3,3,4,4,4,4,19,
10,11,11,10,1,2,2,12,20,3,3,20,4,5,7,6,8,9,9,4,10,10,21,18,12,
1,2,18,
1,2,18,
15,14,13,16,12,20,22,10,20,10,1,2,2,20,12,12,4,22,10,11,11,10,5,3,3,20,12,6,7,8,9,9,4,12,22,22,22,12,12,
21,18,12,10,11,11,10,1,2,2,20,20,10,10,10,17,6,8,9,9,10,20,3,3,20,4,5,6,7,8,9,9,4,12,
12,12,22,22,1,2,2,20,12,10,22,12,10,22,12,12,10,11,11,22,10,13,15,16,14,12,22,3,3,20,4,22,22,22,5,22,6,7,8,9,9,4,12,
10,10,4,5,6,7,8,9,9,4,1,2,3,3,10,10,10,10,19,17,10,10,
20,3,3,20,18,4,4,4,4,4,1,2,2,4,4,4,
4,4,4,20,20,3,3,20,1,2,2,4,4,4,19,4,4,4,20,4,4,
4,4,4,4,10,10,10,10,4,5,1,2,6,7,10,8,9,9,4,10,10,3,3,17,6,8,9,9,10,10,10,4,10,19,17,4,10,10,4,4,
1,2,18,
10,10,19,17,10,10,10,4,20,3,3,4,20,4,5,7,6,8,9,9,4,10,1,2,2,
1,2,2,20,20,20,18,20,
10,1,2,10,3,3,4,5,7,6,8,9,9,4,15,14,13,16,12,12,12,10,11,11,10,10,10,12,
4,4,4,4,4,4,1,2,3,3,4,4,4,4,4,4,4,19,4,4,
1,2,18,
4,4,4,4,4,4,4,4,4,4,1,2,3,3,4,4,4,19,4,4,4,5,4,
1,2,2,20,18,20,
4,4,12,10,10,10,10,10,10,10,10,10,10,4,10,5,10,17,6,8,9,9,10,10,12,10,12,10,6,7,8,9,9,4,10,10,10,10,11,11,10,10,4,12,12,12,1,2,4,22,22,3,3,22,15,16,14,13,12,10,10,
5,12,6,7,8,9,9,4,1,2,2,10,11,11,10,20,12,3,3,20,10,21,18,12,10,10,10,10,10,12,10,12,12,4,10,10,10,
1,2,2,20,18,20,
1,2,18,
1,2,18,
1,2,2,20,18,20,
1,2,2,20,3,3,20,4,4,4,4,4,4,4,18,4,
20,18,20,1,2,2,
17,19,10,6,7,8,9,9,4,10,10,1,2,3,3,4,4,4,5,10,
20,18,20,1,2,2,
20,18,20,1,2,2,
10,10,10,22,10,11,11,10,17,6,8,9,9,22,12,22,15,14,13,16,22,22,10,10,20,4,12,12,3,3,20,10,10,10,4,4,10,5,10,6,7,8,9,9,4,10,10,17,6,8,9,9,10,1,2,2,12,22,22,22,10,12,22,
3,3,4,12,10,5,11,11,10,12,7,6,8,9,9,4,10,10,14,15,13,16,12,10,10,12,10,10,1,2,
10,1,2,2,10,10,4,20,5,6,7,8,9,9,4,10,17,6,8,9,9,10,10,3,3,20,10,10,17,19,10,10,
12,22,22,22,1,2,3,3,22,22,22,12,12,22,4,22,5,7,6,8,9,9,4,21,18,12,10,11,11,10,12,12,22,22,22,12,22,12,12,12,22,22,22,22,22,22,12,22,22,22,22,22,
10,10,1,2,2,20,4,10,11,11,10,3,3,20,18,21,12,5,12,7,6,8,9,9,4,10,10,10,17,6,8,9,9,10,10,17,6,8,9,9,10,10,6,17,8,9,9,10,10,10,
12,4,12,12,5,6,7,8,9,9,4,12,22,22,12,10,1,2,10,3,3,12,12,12,22,22,22,22,22,22,12,12,22,12,12,22,22,22,22,22,22,22,22,10,11,11,10,15,16,14,13,12,12,12,
12,22,22,22,22,22,22,22,12,12,12,12,15,13,14,16,12,22,10,1,2,4,3,3,22,11,11,10,22,5,12,12,6,7,8,9,9,4,22,22,6,17,8,9,9,22,22,22,22,22,22,22,12,22,12,12,11,11,22,12,22,22,
4,4,4,4,4,4,4,4,4,1,2,3,3,4,4,4,4,4,4,4,4,4,4,4,4,4,19,4,4,4,4,4,4,4,
4,1,2,3,3,5,6,7,8,9,9,4,10,10,10,10,10,19,17,10,10,
1,2,2,20,20,20,20,20,18,20,
1,2,2,20,18,20,
10,5,7,6,8,9,9,4,10,12,10,10,10,15,14,13,16,10,4,10,12,6,17,8,9,9,10,4,10,1,2,2,10,10,10,20,10,11,11,10,3,3,20,4,
1,2,18,
20,18,20,1,2,2,
1,2,18,
1,2,18,
1,2,2,20,18,20,
1,2,18,
1,2,2,20,18,20,
1,2,18,
1,2,18,
1,2,2,20,18,20,
1,2,18,
10,4,10,5,10,6,7,8,9,9,4,4,4,1,2,3,3,10,10,10,17,19,4,10,4,10,10,
22,22,22,22,22,22,22,22,22,4,22,4,22,22,22,22,22,12,12,22,22,10,10,10,22,22,12,10,12,12,12,12,22,22,22,12,22,22,22,17,19,22,22,5,22,22,4,7,6,8,9,9,4,10,4,22,10,6,17,8,9,9,10,22,10,10,10,22,22,22,10,22,11,11,10,12,22,22,4,22,22,22,22,22,4,22,10,4,22,10,22,22,22,10,22,22,22,22,17,6,8,9,9,10,1,2,3,3,22,22,22,22,22,12,22,
10,10,10,10,10,10,4,10,10,10,10,5,6,7,8,9,9,4,10,10,10,10,10,10,10,17,19,4,4,1,2,3,3,10,10,
1,2,2,20,18,20,
5,22,12,6,7,8,9,9,4,10,22,22,10,15,13,14,16,12,22,22,1,2,3,3,22,22,10,22,10,12,10,22,22,22,10,22,22,22,22,22,10,22,12,12,6,17,8,9,9,10,10,10,12,12,12,22,22,22,12,22,22,4,12,12,22,12,12,4,12,4,10,11,11,10,12,22,22,4,4,
12,10,10,10,11,11,10,1,2,2,10,20,10,4,5,3,3,20,10,6,7,8,9,9,4,10,21,18,12,10,10,10,10,10,10,10,17,6,8,9,9,10,10,10,4,4,
1,2,2,20,18,20,
7,6,8,9,9,4,22,10,11,11,10,12,12,22,12,12,22,22,22,22,22,15,14,13,16,12,1,2,2,22,22,20,3,3,20,4,5,
12,12,4,12,12,12,12,22,22,22,5,22,10,6,7,8,9,9,4,22,10,10,12,10,14,15,13,16,12,10,10,22,12,10,11,11,10,22,22,1,2,3,3,10,10,12,12,22,
4,4,4,4,4,4,4,18,4,1,2,3,3,
1,2,2,20,18,20,
1,2,18,
1,2,2,20,18,20,
1,2,18,
20,20,1,2,2,20,18,20,20,20,
4,19,4,1,2,3,3,
20,1,2,2,18,20,
4,4,4,4,4,5,6,7,8,9,9,4,10,10,10,1,2,3,3,12,10,12,10,10,12,10,13,14,15,16,12,11,11,10,
10,10,10,10,10,10,10,10,10,4,10,10,10,10,10,10,10,10,5,10,10,10,10,6,7,8,9,9,4,10,10,10,17,6,8,9,9,10,10,10,10,10,10,10,10,10,10,10,10,10,10,1,2,10,3,3,10,10,10,10,10,10,10,10,17,19,10,10,10,10,10,10,10,10,10,10,10,10,
4,5,6,7,8,9,9,4,10,10,10,10,10,17,19,10,1,2,3,3,
10,1,2,3,3,10,10,10,4,10,5,10,10,6,7,8,9,9,4,10,10,17,6,8,9,9,10,10,19,17,
1,2,2,20,3,3,20,10,21,18,10,4,5,6,7,8,9,9,4,10,10,
1,2,10,11,11,10,3,3,10,10,10,4,6,17,8,9,9,10,10,10,10,10,5,4,4,4,6,7,8,9,9,4,12,10,10,4,17,19,12,10,10,10,17,6,8,9,9,10,10,10,
5,6,7,8,9,9,4,12,19,17,12,1,2,3,3,10,10,10,11,11,10,4,10,10,
20,3,3,20,10,10,4,12,5,4,6,7,8,9,9,4,1,2,2,14,13,15,16,12,10,11,11,10,4,
20,18,20,1,2,2,
1,2,3,3,10,19,17,10,10,4,10,5,6,7,8,9,9,4,4,4,
12,12,12,1,2,2,12,10,12,11,11,10,4,20,5,12,6,7,8,9,9,4,12,3,3,20,22,22,12,13,15,14,16,12,22,
8,9,9,12,22,14,15,13,16,22,1,2,2,4,12,20,5,3,3,20,4,10,10,4,6,7,8,9,9,4,10,11,11,10,10,17,6,8,9,9,10,10,10,6,17,
1,2,18,
1,2,18,
1,2,2,20,18,20,
20,20,20,18,20,1,2,2,20,20,
3,3,20,4,5,19,4,1,2,2,20,
20,20,18,20,20,1,2,2,
18,4,20,3,3,20,4,4,4,1,2,2,
1,2,2,20,18,20,
4,12,4,4,4,4,22,22,22,1,2,2,4,14,15,16,13,12,4,12,4,4,20,3,3,20,4,4,4,5,22,22,7,6,8,9,9,4,22,4,4,10,11,11,10,22,22,4,4,22,12,12,4,
4,4,4,4,4,1,2,2,20,20,4,4,4,4,20,4,19,3,3,20,4,
4,4,4,4,4,4,4,4,1,2,3,3,4,4,4,4,4,19,4,4,4,4,4,
1,2,2,20,18,20,
1,2,2,20,18,20,
1,2,18,
1,2,18,
4,18,4,1,2,3,3,
4,1,2,2,5,6,7,8,9,9,4,10,10,6,17,8,9,9,10,10,10,10,10,10,10,10,4,4,20,3,3,20,10,4,4,10,10,19,17,10,
1,2,2,20,18,20,
1,2,3,3,4,18,4,
5,18,4,1,2,2,4,20,3,3,20,
20,1,2,2,20,18,20,20,
4,4,4,4,4,4,4,4,4,4,4,4,4,4,4,4,4,1,4,2,2,4,4,4,4,19,4,4,4,4,4,20,4,3,3,20,4,
10,10,10,10,10,10,20,3,3,20,4,10,10,10,5,1,2,2,7,6,8,9,9,4,10,10,10,10,19,17,10,10,10,10,10,10,
1,2,18,
3,3,20,10,14,15,16,13,12,22,5,6,7,8,9,9,4,10,4,12,12,12,6,17,10,4,8,9,9,12,22,22,22,22,22,11,11,22,22,12,4,12,4,4,4,1,2,2,12,4,10,10,11,11,10,20,
20,3,3,20,4,1,2,2,18,4,
14,13,16,15,12,20,3,3,20,10,11,11,10,4,5,6,7,8,9,9,4,1,2,2,12,
10,10,10,10,10,20,3,3,20,10,4,4,10,4,4,10,4,5,10,10,10,19,17,10,10,10,10,6,7,8,9,9,4,10,1,2,2,10,
5,6,7,8,9,9,4,10,10,4,20,3,3,20,4,12,10,11,11,12,10,1,2,2,12,10,10,16,14,13,15,12,4,
20,20,1,2,2,20,18,20,
1,2,18,
4,18,4,20,3,3,20,1,2,2,
1,2,2,12,4,22,22,22,22,22,22,5,7,6,8,9,9,4,10,11,11,10,22,20,3,3,20,22,12,12,12,22,22,10,18,21,12,10,22,
6,17,8,9,9,10,1,2,2,10,19,17,10,10,10,10,10,10,10,10,10,20,3,3,20,4,5,7,6,8,9,9,4,10,
4,4,4,4,4,4,4,4,4,1,2,2,4,4,4,4,4,4,4,4,20,4,3,3,20,4,4,4,19,
20,18,20,1,2,2,
3,3,22,4,22,4,4,15,14,13,16,12,12,12,12,12,4,4,4,22,12,4,4,22,11,11,22,22,22,6,17,8,9,9,22,12,22,22,22,4,22,4,4,5,6,7,8,9,9,4,10,10,10,11,11,10,4,4,12,12,1,2,
1,2,2,20,18,20,
1,2,18,
1,2,18,
1,2,2,20,18,20,
20,20,20,18,20,1,2,2,
1,2,3,3,4,5,6,7,8,9,9,4,12,12,10,11,11,10,10,10,12,18,21,12,
22,22,10,10,10,12,12,12,10,4,12,22,10,11,11,10,5,12,12,10,22,7,6,8,9,9,4,17,19,22,10,12,12,12,22,22,6,17,8,9,9,10,22,22,10,10,22,4,12,4,22,1,2,3,3,22,22,22,22,10,22,6,17,8,9,9,10,22,10,22,22,
20,18,20,1,2,2,
12,10,12,22,22,22,22,22,22,10,10,22,10,12,22,22,22,22,12,12,22,22,22,12,12,22,12,12,22,22,22,22,22,22,22,11,11,22,10,22,22,22,22,22,10,6,17,8,9,9,22,22,22,10,15,14,13,16,11,11,10,12,12,22,12,22,22,12,22,22,1,2,2,20,22,3,3,20,4,22,22,5,6,7,8,9,9,4,10,22,10,22,12,12,22,22,12,12,22,22,22,22,22,22,22,22,22,22,22,22,22,
20,18,20,1,2,2,
4,4,4,1,2,3,3,4,4,4,4,4,4,4,4,4,4,4,4,4,4,4,4,4,19,4,4,4,
1,2,2,20,18,20,
1,2,18,
1,2,3,3,4,19,4,
4,19,4,1,2,3,3,4,4,4,4,
1,2,18,
4,12,10,10,4,20,5,10,10,11,11,10,6,7,8,9,9,4,10,6,17,8,9,9,10,10,10,10,20,3,3,20,12,12,1,2,2,6,17,8,9,9,12,22,15,14,13,16,22,20,4,
1,2,18,
1,2,18,
10,10,11,11,10,10,12,15,16,13,14,12,12,12,1,2,3,3,4,4,4,5,6,7,8,9,9,4,
1,2,18,
18,1,2,
1,2,18,
1,2,18,
1,2,18,
10,4,10,1,2,3,3,12,4,4,4,4,10,10,14,13,16,15,12,10,10,4,10,4,10,10,10,4,4,5,10,11,11,10,7,6,8,9,9,4,10,10,6,17,8,9,9,10,10,
1,2,2,20,18,20,
14,15,13,16,12,5,6,7,8,9,9,4,10,6,17,8,9,9,10,10,11,11,10,1,2,3,3,12,10,10,10,10,10,10,4,
1,2,2,20,18,20,
20,3,3,20,10,10,10,10,10,19,17,10,4,10,10,5,7,6,8,9,9,4,10,17,6,8,9,9,10,1,2,2,10,10,10,10,10,10,
10,4,10,10,10,10,10,10,10,10,10,4,4,5,1,2,3,3,6,7,8,9,9,4,10,17,19,10,10,10,10,
12,4,4,10,10,12,10,10,14,15,16,13,12,10,10,10,10,12,12,12,4,12,10,10,11,11,10,5,10,12,1,2,6,7,8,9,9,4,3,3,10,6,17,8,9,9,10,10,10,
19,4,4,4,4,4,4,1,2,3,3,4,4,
10,1,2,3,3,10,10,4,4,4,4,10,4,10,10,10,4,21,18,12,4,10,4,10,4,4,4,10,10,4,4,5,6,7,8,9,9,4,10,10,10,4,4,4,4,4,4,10,10,10,10,11,11,10,12,10,
1,2,3,3,4,18,4,
6,7,8,9,9,4,12,10,11,11,10,10,4,1,2,3,3,10,4,16,15,13,14,12,4,5,
10,6,17,8,9,9,10,12,10,12,10,10,12,10,12,12,1,2,3,3,4,12,10,11,11,10,12,5,15,14,16,13,12,7,6,8,9,9,4,10,10,
1,2,18,
4,4,4,4,4,4,4,4,4,4,4,4,4,4,19,4,4,4,4,4,4,4,1,2,4,3,3,4,4,4,4,4,4,4,4,
5,7,6,8,9,9,4,10,10,12,21,18,12,4,10,10,11,11,10,12,1,2,3,3,10,12,
1,2,18,
4,12,4,4,4,10,10,12,4,12,10,10,18,21,12,4,4,4,1,2,3,3,4,5,10,11,11,10,7,6,8,9,9,4,10,10,
4,1,2,3,3,18,4,
12,10,22,12,10,12,12,12,4,4,12,12,10,10,22,10,11,11,10,22,12,10,12,12,12,4,1,2,12,10,3,3,12,15,13,14,16,12,12,5,22,7,6,8,9,9,4,22,22,10,10,22,22,10,10,10,22,17,6,8,9,9,10,
5,12,7,6,8,9,9,4,12,12,23,23,21,18,12,10,10,11,11,10,10,1,2,3,3,23,4,12,
10,10,4,10,11,11,10,4,15,13,14,16,12,4,4,5,1,2,3,3,12,12,7,6,8,9,9,4,10,10,12,
6,7,8,9,9,4,10,10,1,2,2,12,10,11,11,10,10,10,10,20,10,3,3,20,10,12,10,4,12,21,18,12,5,
1,2,2,20,18,20,
20,20,18,20,1,2,2,20,20,20,
1,2,18,
1,2,2,20,18,20,
4,4,4,4,4,22,4,10,4,4,10,4,5,10,11,11,10,4,12,12,6,7,8,9,9,4,22,22,22,4,4,1,2,3,3,12,12,4,4,4,4,21,18,12,4,22,
10,10,10,10,10,10,4,10,10,10,17,6,4,4,8,9,9,10,10,5,10,10,10,7,6,8,9,9,4,10,10,10,10,10,1,2,3,3,10,10,17,19,10,10,10,10,10,
1,2,2,20,18,20,
3,3,11,11,10,10,10,4,4,10,4,10,4,10,12,10,4,4,10,18,21,10,12,4,10,4,4,4,4,10,10,10,10,4,4,10,5,10,10,10,7,6,8,9,9,4,10,1,2,10,
1,2,3,3,10,10,4,12,5,6,7,8,9,9,4,13,15,14,16,12,10,11,11,10,
1,2,3,3,4,5,7,6,8,9,9,4,10,10,10,10,10,10,10,10,10,10,6,17,8,9,9,10,10,10,10,19,17,10,10,10,10,10,10,
5,12,12,10,11,11,10,6,7,8,9,9,4,10,6,17,8,9,9,10,10,12,12,12,10,12,12,15,13,14,16,12,12,12,10,10,22,22,22,12,12,12,12,12,12,12,12,22,1,2,3,3,4,12,12,12,22,12,12,
6,17,8,9,9,10,10,10,12,22,12,22,22,10,11,11,10,12,22,22,22,12,10,22,22,10,22,17,6,8,9,9,12,22,12,12,16,14,13,15,22,22,12,1,2,22,22,3,3,22,22,4,22,22,22,5,12,12,22,6,7,8,9,9,4,10,
1,2,18,
1,2,2,20,3,3,20,4,18,4,
10,10,4,4,12,12,1,2,3,3,4,15,13,14,16,5,12,6,7,8,9,9,4,10,10,10,10,10,11,11,10,10,10,10,10,10,10,12,
1,2,18,
1,2,2,20,18,20,
11,11,10,10,12,1,2,2,10,20,20,20,10,3,3,20,10,4,10,21,18,12,10,10,10,10,10,5,10,10,6,7,8,9,9,4,10,10,10,10,10,
10,10,11,11,10,1,2,3,3,10,4,5,7,6,8,9,9,4,12,16,14,13,15,12,
1,2,18,
1,2,18,
1,2,18,
4,10,10,4,4,4,10,11,11,10,5,7,6,8,9,9,4,12,10,6,17,8,9,9,10,10,10,1,2,3,3,21,18,12,10,10,4,4,4,
4,4,4,4,4,4,4,4,4,4,4,1,2,2,20,3,3,20,4,4,4,19,4,4,4,4,4,
4,4,4,5,10,6,7,8,9,9,4,10,10,19,17,10,10,10,4,4,1,2,2,20,3,3,20,
4,19,4,1,2,3,3,4,4,
1,2,18,
18,1,2,
1,2,2,20,18,20,
1,2,2,20,18,20,
1,2,18,
10,1,2,3,3,19,17,10,4,5,7,6,8,9,9,4,10,10,
4,4,4,4,4,1,2,3,3,4,4,4,4,4,4,4,4,4,4,4,4,4,4,4,4,19,4,4,4,4,
1,2,18,
20,1,2,2,18,20,
10,4,10,10,11,11,10,10,1,2,2,10,4,15,16,13,14,12,10,10,10,10,5,10,10,10,7,6,8,9,9,4,10,10,20,3,3,20,12,4,4,10,4,
4,4,4,4,4,4,4,4,4,4,4,5,4,4,1,2,2,10,6,7,8,9,9,4,10,10,10,12,10,6,17,8,9,9,10,10,10,18,21,12,10,10,10,10,20,3,3,20,10,11,11,10,10,10,10,10,
1,2,2,20,18,20,
10,4,4,10,4,10,4,4,10,10,10,4,4,4,1,2,2,4,4,4,5,6,7,8,9,9,4,4,10,20,4,10,3,3,20,10,17,19,10,10,10,10,
4,4,5,6,7,8,9,9,4,10,12,10,12,10,10,10,10,11,11,10,10,10,21,18,12,10,4,12,1,2,10,3,3,10,
10,10,10,10,10,10,4,4,4,10,4,4,4,10,10,10,4,10,10,4,10,4,4,4,10,5,10,1,2,3,3,10,6,7,8,9,9,4,10,17,19,10,10,10,10,10,10,
20,18,20,1,2,2,
19,17,22,22,5,12,12,22,12,22,22,7,6,22,22,8,9,9,4,22,22,22,22,22,22,22,22,22,22,22,22,22,22,22,22,22,22,22,22,22,22,22,22,22,22,22,22,22,22,22,12,22,22,22,22,10,22,11,11,10,22,22,1,2,3,3,22,22,22,22,22,22,22,4,22,22,4,22,22,22,22,22,22,10,22,22,10,22,22,22,22,22,12,12,4,12,22,22,22,
20,18,20,1,2,2,
20,3,3,20,12,12,4,4,4,12,5,12,10,7,6,8,9,9,4,17,6,8,9,9,10,10,12,15,13,16,14,12,10,10,11,11,10,1,2,2,
1,2,2,20,4,3,3,20,4,4,4,4,4,4,4,4,4,4,4,4,4,4,4,4,4,4,4,19,4,4,4,
10,10,1,2,10,3,3,10,10,10,10,10,4,10,10,4,5,6,7,8,9,9,4,10,4,10,10,10,10,19,17,10,
4,12,5,4,6,7,8,9,9,4,10,1,2,10,3,3,4,4,4,16,14,13,15,12,10,11,11,10,4,4,
6,17,8,9,9,10,10,10,10,10,4,5,7,6,8,9,9,4,10,10,10,10,10,10,1,2,2,10,10,10,10,10,19,17,20,10,3,3,20,10,10,10,10,10,10,
10,4,10,4,4,1,2,4,3,3,4,5,10,19,17,10,7,6,8,9,9,4,10,17,6,8,9,9,10,
4,12,5,22,22,10,7,6,8,9,9,4,12,10,10,10,15,14,16,13,12,12,1,2,3,3,12,12,12,22,10,10,10,11,11,10,
4,20,10,4,4,4,4,20,19,17,10,3,3,20,5,4,4,7,6,8,9,9,4,10,10,10,4,10,10,10,1,2,2,20,10,4,4,4,4,10,4,4,4,4,4,
4,20,4,20,20,20,4,4,20,4,20,20,19,4,3,3,20,1,2,2,
1,2,3,3,4,4,4,18,4,
12,12,12,10,12,22,22,1,2,3,3,22,12,4,12,22,11,11,22,10,10,6,17,8,9,9,10,10,5,6,7,8,9,9,4,10,10,12,12,12,12,12,22,22,22,22,10,22,10,22,22,10,10,12,22,10,12,22,22,17,6,8,9,9,12,15,14,13,16,12,10,22,11,11,10,22,
1,2,3,3,4,5,6,7,8,9,9,4,10,11,11,10,12,13,14,16,15,12,
10,10,1,2,3,3,4,10,10,10,17,19,5,10,7,6,8,9,9,4,10,10,10,
22,11,11,22,10,12,12,12,5,22,22,6,7,8,9,9,4,12,22,22,22,1,2,3,3,12,12,12,15,14,16,13,12,4,10,12,
4,4,4,4,4,4,4,4,4,4,4,4,4,4,4,4,4,19,4,4,4,4,1,2,3,3,4,4,
18,4,20,20,20,3,3,20,1,2,2,4,
1,2,10,3,3,10,10,10,4,10,10,10,10,10,10,5,6,7,8,9,9,4,10,10,10,10,17,19,10,
1,2,3,3,5,7,6,8,9,9,4,10,17,6,8,9,9,10,10,10,4,4,4,4,4,10,4,17,19,10,4,
20,1,2,2,20,20,18,20,
10,10,10,10,10,10,10,10,10,10,1,2,3,3,10,10,10,10,10,10,10,10,10,10,4,10,10,10,10,19,17,10,10,5,7,6,8,9,9,4,10,10,17,6,8,9,9,10,10,10,10,10,10,10,
1,2,2,20,18,20,
4,4,4,4,4,4,4,4,1,2,3,3,4,5,4,4,19,4,
1,2,3,3,4,18,4,
4,19,4,1,2,3,3,
22,4,6,7,8,9,9,4,10,12,10,4,4,10,11,11,10,12,14,15,13,16,12,12,12,4,4,4,4,10,4,12,10,4,20,12,20,12,22,22,22,22,20,3,3,20,22,4,4,10,10,12,12,12,12,4,1,2,2,22,4,4,5,12,4,
4,19,4,1,2,3,3,
1,2,18,
4,19,4,1,2,3,3,
4,18,4,1,2,3,3,
4,19,4,1,2,3,3,
1,2,2,20,20,20,18,20,
1,2,3,3,4,19,4,
1,2,3,3,4,19,4,
1,2,3,3,4,19,4,
1,2,3,3,4,19,4,
1,2,3,3,4,19,4,
1,2,2,4,18,4,20,3,3,20,4,4,
1,2,3,3,4,19,4,
1,2,2,20,18,20,
1,2,2,20,3,3,20,4,18,4,
1,2,2,20,3,3,20,4,18,4,
10,10,19,17,10,1,2,3,3,4,5,7,6,8,9,9,4,10,
22,22,22,22,22,22,12,12,21,18,22,22,22,22,10,10,4,5,7,6,10,11,11,10,8,9,9,4,1,2,3,3,12,
4,18,4,1,2,3,3,
1,2,2,20,18,20,
18,20,1,2,2,20,
1,2,18,
1,2,3,3,4,22,22,22,22,22,22,22,22,5,6,7,8,9,9,4,17,19,22,12,12,22,22,22,22,22,22,10,11,11,10,12,22,
1,2,2,20,18,20,
5,7,6,8,9,9,4,10,10,10,10,1,2,3,3,10,10,10,10,10,10,10,10,10,10,10,10,10,10,4,19,17,10,10,10,10,
12,5,7,6,8,9,9,4,1,2,16,13,15,14,12,3,3,10,11,11,10,4,
1,2,2,20,18,20,
10,22,10,11,11,10,22,10,10,4,13,14,16,15,12,10,4,12,12,12,22,5,22,22,22,22,10,12,10,7,6,8,9,9,4,10,22,22,17,6,8,9,9,10,22,10,17,6,8,9,9,10,10,12,22,22,22,22,12,12,12,22,10,1,2,3,3,22,17,6,8,9,9,12,22,11,11,22,12,12,4,
22,22,10,22,22,22,22,22,22,22,22,4,10,22,4,10,22,22,12,12,22,4,22,12,17,6,8,9,9,22,22,22,12,22,22,11,11,22,10,22,12,12,22,4,22,22,22,10,10,11,11,10,22,4,22,4,22,22,22,22,10,22,10,12,22,22,22,22,22,22,22,22,22,4,12,22,1,2,2,22,5,20,22,6,7,8,9,9,22,4,10,22,22,3,3,20,
4,4,4,4,4,4,4,4,4,4,4,4,4,4,4,4,19,4,4,4,1,2,3,3,4,4,
12,22,12,10,11,11,10,12,10,12,22,10,10,10,12,12,1,2,3,3,12,22,22,12,17,6,22,22,4,8,9,9,10,10,12,12,22,22,22,22,10,22,22,10,10,10,5,22,12,12,14,13,15,16,12,12,12,7,6,8,9,9,4,12,10,12,10,22,22,12,12,12,10,12,10,
4,4,1,2,3,3,4,4,4,4,4,4,4,4,4,4,19,4,
1,2,3,3,5,10,6,7,8,9,9,4,10,10,10,10,10,10,17,19,10,10,10,10,4,
1,2,18,
10,10,1,2,2,20,3,3,20,4,5,10,7,6,8,9,9,4,10,10,10,10,10,10,10,10,10,10,10,17,19,10,10,10,10,10,
1,2,3,3,10,4,10,4,10,4,5,7,6,8,9,9,4,10,19,17,10,10,
20,12,10,11,11,10,3,3,20,15,16,14,13,12,4,1,2,2,5,6,7,8,9,9,4,10,10,
1,2,2,20,3,3,20,4,4,4,18,4,
5,6,7,8,9,9,4,10,10,4,4,4,4,1,2,4,4,3,3,10,10,10,10,10,4,4,10,4,4,4,4,10,4,4,10,10,10,4,4,10,10,17,19,10,4,4,4,4,10,4,10,
10,1,2,3,3,10,10,4,10,10,10,10,10,4,4,5,10,10,10,10,17,6,8,9,9,10,10,10,10,10,7,6,8,9,9,4,10,10,17,19,10,10,
5,6,7,8,9,9,4,10,6,17,8,9,9,10,1,2,2,20,3,3,20,12,10,10,11,11,10,10,4,4,10,10,4,4,4,15,13,14,16,12,
20,3,3,20,1,2,2,4,18,4,
4,4,4,4,4,4,4,4,4,20,3,3,20,4,4,4,4,4,4,4,4,1,2,2,4,4,4,19,4,4,4,4,4,4,4,4,4,4,4,
20,20,20,20,20,20,20,18,20,1,2,2,
10,10,6,7,8,9,9,4,10,6,17,8,9,9,10,10,10,10,10,13,14,16,15,12,10,11,11,10,10,10,1,2,2,20,20,20,20,20,20,20,20,20,12,3,3,20,4,5,
12,12,12,12,5,12,7,6,8,9,9,4,12,10,11,11,10,12,22,10,12,1,2,3,3,12,15,13,14,16,12,10,22,10,10,22,22,22,12,4,4,4,
1,2,18,
22,12,22,22,22,10,10,12,12,10,11,11,10,1,2,3,3,4,5,12,6,7,8,9,9,4,10,15,14,16,13,12,10,10,10,22,22,12,22,12,
1,2,18,
10,19,17,10,4,4,4,4,4,4,4,4,4,5,6,7,8,9,9,4,10,10,4,1,2,2,20,20,20,20,20,4,3,3,20,
1,2,18,
12,1,2,3,3,4,5,6,7,8,9,9,4,10,15,14,13,16,12,17,6,8,9,9,10,10,10,10,11,11,10,
10,10,1,2,2,10,18,21,12,20,3,3,20,10,11,11,10,10,10,10,4,10,10,10,5,6,7,8,9,9,4,10,6,17,8,9,9,10,12,10,
12,12,22,6,17,8,9,9,12,22,15,13,14,16,22,22,22,22,12,12,12,12,22,22,12,22,22,22,22,12,12,12,12,22,1,2,4,3,3,12,22,12,12,12,5,12,12,12,6,7,8,9,9,4,10,6,17,8,9,9,10,10,12,10,22,22,12,4,12,4,4,4,12,12,10,11,11,10,
4,4,4,18,4,4,4,1,2,2,20,3,3,20,4,4,
12,12,10,12,10,10,10,11,11,10,12,1,2,2,20,3,3,20,4,5,15,13,14,16,7,6,8,9,9,4,10,12,12,12,
1,2,3,3,4,5,7,6,8,9,9,4,10,10,10,10,10,17,19,10,
1,2,2,20,18,20,
5,6,7,8,9,9,4,10,1,2,2,20,3,3,20,10,4,4,4,4,10,19,17,10,4,10,10,4,4,
1,2,18,
20,18,20,1,2,2,
5,7,6,8,9,9,4,12,4,10,4,10,21,18,12,12,12,12,12,10,11,11,10,1,2,2,20,3,3,20,4,
20,18,20,1,2,2,
10,17,19,10,4,1,2,3,3,5,10,7,6,8,9,9,4,10,10,10,
20,18,20,1,2,2,
4,4,20,3,3,20,4,4,4,4,4,4,4,4,4,4,4,4,4,19,1,2,2,4,4,
4,20,3,3,20,19,4,4,4,1,2,2,
20,3,3,20,4,19,4,1,2,2,
1,2,2,20,18,20,
1,2,2,20,18,20,
20,18,20,1,2,2,
1,2,18,
1,2,3,3,4,18,4,
20,3,3,20,4,1,2,2,18,4,
1,2,18,
19,4,1,2,2,20,3,3,20,4,4,4,
22,22,22,22,22,4,22,22,12,20,22,10,3,3,20,22,22,5,10,4,4,10,22,6,7,8,9,9,4,10,22,10,22,10,17,6,8,9,9,10,22,12,22,10,6,17,8,9,9,22,22,22,22,15,14,13,16,22,10,10,12,12,12,10,22,22,22,22,22,10,10,12,12,12,12,22,22,22,22,22,4,4,22,22,22,22,10,22,1,2,2,22,10,22,11,11,10,10,4,22,22,4,22,22,22,22,22,22,22,22,22,22,4,10,22,10,12,4,10,12,12,10,10,22,
16,14,13,15,12,10,11,11,10,22,22,20,22,3,3,20,4,22,5,22,7,6,8,9,9,4,10,10,22,1,2,2,12,12,12,12,12,12,12,22,22,22,22,12,12,22,22,
1,2,18,
20,18,20,1,2,2,
20,18,20,1,2,2,
20,18,20,1,2,2,
12,4,10,11,11,10,5,12,14,16,15,13,12,7,6,8,9,9,4,10,10,12,4,4,4,4,1,2,3,3,
20,18,20,1,2,2,
1,2,3,3,10,11,11,10,4,22,5,10,12,22,10,22,6,7,8,9,9,4,10,17,6,8,9,9,10,10,10,12,10,21,18,12,6,17,8,9,9,10,12,12,10,10,22,22,22,22,
1,2,18,
1,2,18,
1,2,18,
10,10,19,17,10,1,2,3,3,4,5,7,6,8,9,9,4,10,10,10,
1,2,18,
1,2,18,
1,2,18,
1,2,18,
20,18,20,1,2,2,
20,20,20,18,20,1,2,2,
1,2,18,
8,9,9,4,10,10,10,11,11,10,1,2,3,3,4,4,12,4,4,4,10,5,18,21,12,10,7,6,
1,2,18,
10,10,10,17,19,10,1,2,3,3,4,5,6,7,8,9,9,4,
22,12,22,4,15,16,14,13,12,22,22,22,22,22,22,4,22,22,22,22,22,22,22,22,22,12,22,22,22,22,12,22,22,12,22,10,12,22,22,12,12,22,22,17,6,8,9,9,22,22,12,12,22,12,10,22,4,10,22,4,22,22,22,10,22,4,22,11,11,22,4,22,22,22,22,22,22,12,12,4,22,4,22,4,4,4,10,11,11,10,22,22,22,22,22,22,4,22,5,22,6,7,8,9,9,4,4,22,4,4,4,22,1,2,2,22,22,20,10,10,3,3,20,22,22,4,22,10,22,22,10,22,22,
1,2,3,3,10,4,10,10,10,10,10,5,7,6,8,9,9,4,10,10,10,10,19,17,10,10,10,
1,2,18,
20,18,20,1,2,2,
1,2,4,3,3,18,4,
4,10,10,4,4,10,4,10,5,10,7,6,8,9,9,4,6,17,8,9,9,10,1,2,3,3,10,11,11,10,10,10,10,10,12,4,10,4,10,10,15,16,14,13,12,10,10,4,10,4,4,
1,2,18,
20,18,20,1,2,2,
1,2,18,
1,2,2,20,3,3,20,4,18,4,
1,2,18,
4,4,4,4,4,4,1,2,3,3,4,19,
10,10,10,15,14,16,13,12,10,11,11,10,1,2,2,20,3,3,20,4,5,6,7,8,9,9,4,10,12,
1,2,18,
10,10,10,10,10,11,11,10,12,10,12,10,1,2,3,3,12,4,5,7,6,10,8,9,9,10,4,10,10,10,16,15,13,14,12,10,
1,2,2,20,18,20,
20,20,18,20,1,2,2,20,
12,22,22,22,22,22,10,10,4,4,4,22,20,22,5,3,3,20,22,10,22,22,22,7,6,8,9,9,4,22,12,12,22,22,22,10,22,22,22,22,22,22,22,22,22,22,22,4,4,22,22,22,1,2,2,22,22,10,10,10,11,11,10,22,22,10,10,22,22,10,10,22,
12,12,4,14,15,13,16,12,10,5,10,7,6,8,9,9,4,10,10,12,1,2,3,3,10,11,11,10,
1,2,18,
1,2,18,
20,18,20,1,2,2,
20,20,18,20,1,2,2,20,
1,2,3,3,10,10,4,12,5,7,6,8,9,9,4,4,4,14,15,16,13,12,10,11,11,10,
1,2,18,
20,3,3,20,1,2,2,4,18,4,
20,1,2,2,18,20,
1,2,18,
10,10,10,10,10,10,10,10,10,10,4,10,5,1,2,3,3,10,7,6,8,9,9,4,10,10,17,19,10,10,
10,10,10,10,10,4,10,10,10,10,10,10,10,10,10,19,17,10,10,10,5,10,6,7,8,9,9,4,10,10,1,2,3,3,10,10,
20,4,3,3,20,5,19,4,1,2,2,
1,2,18,
20,18,20,1,2,2,
1,2,2,20,20,20,18,20,
5,10,7,6,8,9,9,4,10,10,10,10,10,1,2,6,17,8,9,9,10,10,3,3,10,10,10,10,10,11,11,10,10,10,10,10,10,10,4,
10,10,4,5,7,6,8,9,9,4,10,10,10,17,19,10,1,2,3,3,10,10,10,10,10,10,10,10,10,10,10,10,10,4,10,10,10,10,10,10,10,4,
1,2,18,
1,2,18,
1,2,18,
4,4,4,4,4,4,4,4,4,4,4,4,4,4,4,4,4,4,1,2,4,4,4,3,3,4,19,4,4,4,4,4,
1,2,18,
10,10,10,10,10,10,10,10,10,4,10,5,10,6,7,8,9,9,4,10,6,17,8,9,9,10,10,17,6,8,9,9,10,10,19,17,1,2,3,3,10,10,10,10,10,10,10,
4,12,4,10,11,11,10,18,21,12,4,4,10,10,4,5,20,6,7,8,9,9,4,3,3,20,1,2,2,
4,4,4,4,4,4,4,19,1,2,3,3,
4,4,4,4,1,2,2,4,4,4,4,4,4,4,4,4,4,4,4,4,4,4,19,20,3,3,20,4,4,4,4,4,4,
1,2,2,20,18,20,
1,2,18,
22,22,22,22,22,22,22,22,10,22,10,22,10,10,11,11,10,12,12,1,2,3,3,22,10,6,17,8,9,9,22,22,12,22,22,11,11,22,22,22,22,12,22,4,14,13,15,16,12,5,6,7,8,9,9,4,
1,2,18,
1,2,18,
1,2,18,
1,2,18,
1,2,18,
1,2,18,
10,10,10,10,10,4,4,4,10,10,4,20,10,3,3,20,10,5,7,6,4,17,19,10,8,9,9,4,10,10,10,6,17,8,9,9,10,10,10,1,2,2,
1,2,3,3,4,4,4,5,10,7,6,8,9,9,4,19,17,10,
4,1,2,2,10,5,6,7,8,9,9,4,17,19,10,20,3,3,20,10,10,
1,2,2,20,18,20,
23,23,23,23,23,20,20,20,18,20,23,23,23,20,20,20,1,2,2,
4,4,4,4,4,4,4,4,4,20,4,3,3,20,4,4,4,4,4,19,4,4,1,2,2,
1,2,2,23,23,23,18,23,
20,1,2,2,18,20,
1,2,18,
1,2,18,
10,10,4,1,2,3,3,4,10,10,10,4,10,4,10,10,10,10,10,10,10,10,10,10,10,4,4,10,10,17,19,4,5,10,6,7,8,9,9,4,10,10,10,
10,4,4,10,10,4,10,4,4,10,4,10,10,10,10,10,10,4,4,10,4,10,10,1,2,3,3,4,10,10,4,5,4,10,17,19,4,6,7,8,9,9,4,4,4,10,10,10,10,
1,2,18,
5,10,11,11,10,6,7,8,9,9,4,4,4,12,4,12,12,12,12,4,12,15,13,14,16,12,1,2,12,4,3,3,
1,2,18,
1,2,18,
10,17,19,10,10,4,10,5,6,7,8,9,9,4,1,2,3,3,
1,2,18,
1,2,18,
1,2,18,
1,2,18,
1,2,18,
20,18,20,1,2,2,
20,18,20,1,2,2,
5,6,7,8,9,9,4,10,11,11,10,12,12,12,23,23,23,12,12,12,12,22,22,16,15,13,14,12,22,22,22,1,2,3,3,4,
10,10,10,10,10,10,10,10,6,17,8,9,9,10,10,10,10,10,10,10,10,4,5,1,2,3,3,7,6,8,9,9,4,
1,2,3,3,4,5,6,7,8,9,9,4,10,10,15,16,14,13,12,12,10,11,11,10,10,10,
20,20,20,3,3,20,4,18,4,1,2,2,20,20,4,4,
10,19,17,10,1,2,3,3,4,4,4,4,4,4,4,4,4,5,6,7,8,9,9,4,
4,4,4,4,1,2,3,3,4,19,4,4,4,4,4,4,4,
22,22,22,22,22,12,12,12,22,22,22,12,12,12,12,10,1,2,3,3,4,22,12,5,14,15,13,16,12,22,11,11,10,7,6,8,9,9,4,10,10,22,12,12,22,22,12,12,
12,22,22,22,22,22,22,22,22,22,10,22,22,10,22,22,4,12,12,1,2,3,3,4,4,5,6,7,10,8,9,9,4,10,10,11,11,10,22,12,14,15,13,16,12,22,
10,10,10,10,10,10,10,10,10,10,1,2,10,3,3,4,10,10,10,10,10,10,19,17,5,7,6,8,9,9,4,10,10,
12,10,11,11,10,12,12,12,4,10,10,12,5,10,7,6,8,9,9,4,10,6,17,8,9,9,10,1,2,2,10,6,17,8,9,9,12,12,22,20,15,13,16,14,22,12,20,20,3,3,20,
4,4,4,4,4,4,4,4,4,4,4,19,4,4,4,4,4,1,2,3,3,4,4,4,4,4,
4,1,2,3,3,4,4,4,4,4,4,4,4,19,4,4,4,
1,2,18,
1,2,18,
1,2,18,
1,2,2,12,12,5,10,7,6,8,9,9,4,22,22,20,10,3,3,20,10,11,11,10,12,22,12,22,22,12,22,22,22,12,22,12,12,22,15,13,14,16,12,22,4,
1,2,2,20,18,20,20,20,
10,1,2,3,3,4,5,6,7,10,8,9,9,4,10,10,10,17,19,10,10,10,10,10,10,10,
1,2,2,4,20,4,3,3,20,4,18,4,
4,12,10,12,11,11,10,12,10,1,2,5,12,3,3,7,6,8,9,9,4,15,14,16,13,12,10,12,12,10,10,12,
4,4,4,4,1,2,2,20,3,3,20,4,18,4,
1,2,18,
1,2,18,
1,2,18,
1,2,18,
12,3,3,20,22,4,5,7,6,8,9,9,4,10,10,10,11,11,10,22,12,12,22,12,22,22,22,15,13,14,16,12,22,1,2,2,20,
1,2,3,3,10,10,10,10,10,4,10,4,10,10,4,5,10,17,19,6,7,8,9,9,4,10,10,10,10,
12,12,22,22,22,1,2,2,10,10,20,10,3,3,20,12,22,22,22,4,12,5,15,13,14,16,12,10,11,11,10,7,6,8,9,9,4,10,10,10,4,10,4,10,22,
12,1,2,3,3,10,11,11,10,14,16,13,15,12,4,10,10,4,4,10,17,6,8,9,9,10,10,5,10,6,7,8,9,9,4,10,10,10,10,
10,1,2,2,20,3,3,20,4,5,10,10,7,6,8,9,9,4,17,19,10,10,10,10,10,
1,2,18,
20,4,4,4,18,4,20,3,3,20,4,4,1,2,2,20,4,4,
4,18,4,4,4,20,1,2,2,3,3,20,
5,20,6,7,8,9,9,4,20,20,3,3,20,20,20,20,20,20,20,20,20,10,4,17,19,10,1,2,2,
1,2,3,3,4,4,4,4,4,4,4,4,4,4,4,4,4,4,4,4,4,4,4,4,4,4,19,4,4,4,4,4,
1,2,18,
1,2,18,
1,2,18,
12,12,22,12,15,13,16,14,12,22,22,4,12,12,12,12,5,12,6,7,8,9,9,4,12,10,12,17,6,8,9,9,10,10,10,12,12,12,10,10,10,11,11,10,10,10,10,22,22,22,22,10,10,22,1,2,3,3,12,10,22,
1,2,18,
1,2,3,3,4,17,6,8,9,9,12,22,13,15,14,16,22,5,6,7,8,9,9,4,10,6,17,8,9,9,10,10,10,10,11,11,10,10,10,10,10,12,10,10,
10,10,10,10,1,2,2,20,3,3,20,4,5,6,7,8,9,9,4,10,10,10,10,10,19,17,
1,2,18,
5,22,7,6,12,8,9,9,4,10,10,22,11,11,10,22,12,12,12,12,22,22,20,22,3,3,20,10,22,22,12,22,22,22,22,10,1,2,2,22,12,22,10,22,22,22,12,10,22,10,4,22,12,21,18,12,12,
22,22,5,7,6,8,9,9,4,19,17,22,12,10,11,11,10,22,10,10,10,10,1,2,3,3,22,22,22,22,22,22,4,12,12,
20,18,20,1,2,2,
17,19,10,1,2,3,3,4,5,6,7,8,9,9,4,10,17,6,8,9,9,10,10,10,10,10,10,10,10,
1,2,3,3,4,19,4,4,4,4,4,
1,2,18,
1,2,2,20,18,20,
20,3,3,20,4,18,4,1,2,2,4,4,
1,2,18,
1,2,18,
4,18,4,20,3,3,20,1,2,2,
1,2,2,20,3,3,20,4,4,4,18,4,
1,2,2,20,18,20,20,20,
10,10,4,18,21,12,5,10,11,11,10,6,7,8,9,9,4,1,2,3,3,12,4,12,4,12,
1,2,2,20,18,20,
4,18,4,1,2,3,3,
1,2,18,
1,2,18,
22,22,22,22,5,22,22,22,7,6,8,9,9,4,10,22,22,10,12,10,11,11,10,22,22,12,12,12,12,12,12,12,12,22,22,11,11,22,12,22,6,17,8,9,9,22,22,22,22,22,12,12,22,10,12,1,2,3,3,10,4,15,14,13,16,12,
1,2,18,
1,2,18,
4,12,12,22,4,12,22,22,16,14,13,15,12,1,2,2,22,12,4,5,22,22,20,22,6,7,8,9,9,4,22,22,3,3,20,10,11,11,10,12,12,
1,2,2,20,18,20,
10,10,4,4,10,10,22,4,22,22,4,10,11,11,10,4,12,1,2,4,3,3,10,4,4,4,4,10,4,14,15,16,13,5,12,6,7,8,9,9,4,4,4,12,12,4,4,4,4,22,12,22,
4,5,6,7,8,9,9,4,1,2,3,3,4,4,10,17,19,10,
1,2,18,
1,2,18,
4,3,3,20,4,4,4,18,4,4,20,1,2,2,
10,10,11,11,10,10,10,1,2,3,3,12,12,14,15,13,16,12,10,10,4,10,12,5,6,7,8,9,9,4,
20,3,3,20,18,4,1,2,2,4,4,4,
10,3,3,20,10,10,10,4,5,6,7,8,9,9,4,10,10,10,1,2,2,10,10,17,19,20,
10,22,22,11,11,10,22,22,22,22,22,22,22,22,6,17,8,9,9,22,22,22,12,11,11,22,22,22,13,14,16,15,12,22,22,22,22,12,12,22,22,1,2,2,22,12,22,4,22,12,22,22,22,12,4,22,22,22,22,4,22,22,22,22,22,5,10,10,22,6,17,8,9,9,10,22,6,7,8,9,9,4,22,10,10,17,6,8,9,9,10,10,22,22,20,10,3,3,20,
4,4,4,5,6,7,8,9,9,4,10,12,1,2,2,10,10,17,6,8,9,9,10,10,10,21,18,12,10,10,10,10,10,10,10,11,11,10,20,3,3,20,
20,18,20,1,2,2,
1,2,18,
1,2,18,
12,1,2,3,3,10,10,10,11,11,10,4,5,15,16,13,14,12,7,6,8,9,9,4,10,10,10,10,10,10,10,10,10,10,10,6,17,8,9,9,10,10,10,
18,4,4,4,4,4,1,2,2,20,3,3,20,4,
1,2,18,
1,2,18,
18,4,4,4,20,3,3,20,4,4,4,1,2,2,
1,2,3,3,4,4,4,18,4,4,4,
20,18,20,1,2,2,
20,18,20,1,2,2,
4,18,4,1,2,3,3,4,4,
20,18,20,20,20,1,2,2,
6,17,8,9,9,10,12,12,10,10,12,15,13,14,16,12,10,11,11,10,1,2,3,3,4,12,12,5,10,6,7,8,9,9,4,10,10,10,10,
20,18,20,20,20,1,2,2,
1,2,18,
1,2,18,
12,12,1,2,3,3,4,5,12,7,6,8,9,9,4,12,12,12,22,15,13,14,16,12,10,17,6,8,9,9,10,22,22,22,22,12,12,22,22,22,22,10,11,11,10,22,22,12,22,22,22,22,22,
4,4,1,2,3,3,4,4,4,18,4,4,4,
20,3,3,20,4,4,4,1,2,2,18,4,4,4,4,4,
1,2,18,
20,3,3,20,10,10,4,4,4,10,19,17,1,2,2,5,7,6,8,9,9,4,
19,4,4,4,1,2,3,3,4,
12,1,2,3,3,12,4,4,10,11,11,10,4,22,21,18,12,22,4,4,5,12,7,6,8,9,9,4,12,22,12,4,22,4,22,22,12,22,12,12,12,12,
4,4,19,4,1,2,3,3,4,4,4,4,4,4,4,
8,9,9,4,12,12,1,2,3,3,12,12,10,11,11,10,12,4,15,14,16,13,12,10,5,10,6,7,
10,4,4,10,11,11,10,10,4,10,12,4,4,4,4,15,13,14,16,12,1,2,3,3,5,7,6,8,9,9,4,10,
1,2,18,
1,2,3,3,4,4,10,10,4,4,10,10,10,10,4,4,10,19,17,4,5,4,4,6,7,8,9,9,4,10,10,
4,18,4,1,2,3,3,
12,10,11,11,10,12,12,4,22,22,5,10,22,6,7,10,8,9,9,4,12,1,2,3,3,14,13,15,16,12,10,10,10,10,
20,1,2,2,18,20,
10,6,17,8,9,9,10,10,10,10,11,11,10,10,12,10,10,10,1,2,3,3,4,10,5,6,7,8,9,9,4,10,10,10,14,13,15,16,12,
10,10,10,10,10,4,10,10,19,17,10,5,6,7,8,9,9,4,1,2,4,3,3,4,
20,18,20,1,2,2,
1,2,18,
1,2,3,3,12,10,10,14,15,13,16,12,10,11,11,10,4,5,7,6,8,9,9,4,
1,2,18,
1,2,2,20,18,20,
1,2,18,
4,4,1,2,2,4,10,10,10,10,5,6,7,8,9,9,4,10,10,10,6,17,8,9,9,10,10,10,10,20,10,3,3,20,10,17,19,10,
10,11,11,10,22,22,4,4,5,6,7,8,9,9,4,10,22,10,4,12,12,22,22,22,22,12,1,2,3,3,12,12,12,12,12,14,15,16,13,12,4,4,4,4,12,12,12,12,
1,2,2,20,18,20,
1,2,18,
4,4,1,2,3,3,4,4,4,4,4,5,19,4,
10,10,10,10,10,10,10,4,10,4,10,10,10,10,10,10,10,10,10,10,10,10,10,10,10,10,10,4,10,10,19,17,5,4,4,6,7,8,9,9,4,1,2,3,3,
12,12,22,1,2,3,3,22,4,22,22,10,22,22,12,22,12,11,11,10,10,4,4,5,21,18,12,10,10,10,10,6,7,8,9,9,4,10,10,10,
4,19,4,1,2,2,20,3,3,20,
1,2,2,20,18,20,
10,10,4,10,10,4,4,10,4,4,10,1,2,5,3,3,10,10,10,6,7,8,9,9,4,10,10,4,6,17,8,9,9,10,10,10,4,10,10,10,10,4,4,10,10,10,10,10,19,17,10,10,
4,4,4,4,4,4,4,4,4,4,4,4,19,4,4,4,4,4,4,4,4,4,4,1,2,3,3,4,4,4,4,
10,10,10,10,10,10,10,10,10,10,10,10,10,10,10,10,4,5,6,7,8,9,9,4,10,10,10,10,10,10,17,19,10,10,1,2,10,3,3,10,10,
4,19,4,4,4,1,2,3,3,
10,10,12,10,10,12,4,5,6,7,8,9,9,4,1,2,3,3,15,13,14,16,12,10,10,10,11,11,10,12,
18,20,1,2,2,20,
18,20,1,2,2,20,
1,2,18,
1,2,2,4,18,4,4,20,4,3,3,20,
10,12,12,22,22,22,10,10,22,4,22,22,4,22,12,10,11,11,10,22,10,6,17,8,9,9,10,10,10,22,22,1,2,2,4,22,22,22,18,21,22,22,22,5,22,22,10,7,6,8,9,9,10,4,10,20,3,3,20,
20,18,20,1,2,2,
10,11,11,10,12,4,12,12,4,4,4,4,4,4,22,22,1,2,3,3,22,4,15,13,16,14,12,12,4,22,4,4,22,5,22,6,7,8,9,9,4,22,
1,2,18,
1,2,18,
20,3,3,20,10,19,17,10,1,2,2,10,10,10,10,4,4,4,4,10,4,10,10,10,5,10,10,6,7,8,9,9,4,4,10,4,10,10,10,10,10,10,10,10,10,10,10,10,10,10,10,
1,2,3,3,10,10,4,19,17,10,10,5,6,7,8,9,9,4,10,4,10,4,
1,2,18,
4,4,22,10,10,22,22,4,12,22,22,22,4,22,1,2,3,3,22,22,22,22,4,10,4,11,11,10,12,12,15,16,14,13,22,4,10,4,5,10,4,6,7,8,9,9,4,
4,4,22,12,12,22,22,10,22,22,22,12,10,22,12,12,22,4,5,10,4,22,22,6,7,8,9,9,4,22,10,6,17,8,9,9,10,6,17,10,8,9,9,10,10,4,22,12,12,12,15,13,14,16,12,12,22,22,1,2,3,3,22,22,22,22,22,22,10,11,11,10,22,22,
1,2,18,
1,2,18,
12,10,11,11,10,4,5,6,7,8,9,9,4,12,10,4,10,4,12,12,1,2,15,16,13,14,12,3,3,12,
4,4,18,4,4,4,4,4,4,1,2,3,3,
1,2,18,
1,2,18,
14,13,15,16,22,12,5,22,22,22,7,6,8,9,9,4,10,12,12,12,12,10,12,22,10,22,22,22,10,1,2,22,3,3,22,10,11,11,10,22,4,
20,4,3,3,20,19,4,1,2,2,
4,4,4,4,18,4,20,3,3,20,4,4,4,4,4,1,2,2,4,4,
17,19,10,4,4,4,5,7,6,8,9,9,4,1,2,3,3,10,
1,2,18,
1,2,2,4,3,3,20,4,5,4,7,6,8,9,9,4,10,4,4,10,4,10,10,4,4,4,10,10,10,10,10,10,10,10,10,10,10,10,10,19,17,10,4,10,4,20,
1,2,18,
4,4,4,4,4,4,4,4,4,1,2,2,4,4,4,4,19,4,4,20,3,3,20,
4,4,4,18,4,4,4,1,2,3,3,
10,10,4,5,7,6,8,9,9,4,10,10,12,1,2,2,18,21,12,10,11,11,10,20,3,3,20,
4,4,4,4,4,4,4,4,4,19,1,2,3,3,
1,2,3,3,10,10,10,10,10,10,10,4,5,10,10,10,6,7,8,9,9,4,10,4,19,17,10,4,
1,2,3,3,4,18,4,
1,2,2,20,18,20,
4,4,10,17,19,10,4,1,2,3,3,5,6,7,8,9,9,4,
10,10,10,10,4,10,5,6,7,8,9,9,4,10,10,10,10,10,1,2,3,3,10,10,10,10,10,17,19,10,10,10,10,
10,10,12,12,12,10,10,11,11,10,17,6,8,9,9,10,10,10,4,12,22,1,2,22,3,3,4,4,10,16,15,14,13,12,10,22,22,22,10,10,5,4,4,6,7,8,9,9,4,10,17,6,8,9,9,10,10,10,10,10,
4,4,4,4,4,4,4,4,4,4,4,4,4,4,4,4,4,19,4,4,4,4,1,2,4,3,3,4,4,4,
1,2,18,
5,17,19,10,7,6,8,9,9,4,1,2,3,3,4,4,4,10,
1,2,2,20,18,20,
20,18,20,1,2,2,
12,12,22,1,2,12,3,3,12,22,6,7,10,8,9,9,4,10,22,14,15,16,13,12,22,22,22,12,4,12,12,4,22,22,4,4,4,12,12,5,10,11,11,10,
4,10,10,5,22,22,7,6,8,9,9,4,10,10,22,11,11,10,6,17,8,9,9,10,22,12,22,22,11,11,22,22,22,6,17,8,9,9,22,22,22,22,22,22,22,10,12,10,4,22,22,14,15,13,16,12,4,1,2,3,3,22,22,12,12,
1,2,2,20,18,20,
1,2,18,
20,18,20,1,2,2,
1,2,18,
1,2,18,
5,6,7,8,9,9,4,22,22,22,12,12,18,21,12,12,12,12,10,11,11,10,1,2,3,3,22,22,22,12,12,22,4,12,10,4,10,4,
4,4,4,4,4,1,2,4,19,3,3,4,
6,17,8,9,9,10,10,10,12,4,14,15,16,13,12,4,10,11,11,10,1,2,3,3,4,4,4,5,7,6,8,9,9,4,10,10,10,
10,10,11,11,10,4,4,4,18,21,12,10,4,4,10,5,10,6,7,8,9,9,4,12,20,1,2,2,20,20,3,3,10,20,10,
10,11,11,10,4,5,7,6,8,9,9,4,10,10,4,4,12,1,2,3,3,15,14,13,16,12,10,10,
12,1,2,3,3,15,13,16,14,12,4,5,6,7,8,9,9,4,10,10,10,11,11,10,
1,2,18,
4,4,4,4,4,4,10,10,11,11,10,4,4,4,4,4,4,10,4,4,4,10,10,5,6,7,8,9,9,4,4,4,10,4,10,10,10,12,1,2,2,20,4,10,4,4,4,4,3,3,20,4,4,4,4,21,18,12,4,10,10,10,4,
22,12,22,4,22,22,5,12,22,12,6,7,8,9,9,4,12,10,12,6,17,8,9,9,10,10,22,10,22,22,22,22,22,19,17,12,22,22,22,12,12,10,11,11,10,22,12,22,22,22,22,22,22,22,22,22,22,20,20,22,20,22,22,22,22,3,3,20,1,2,2,12,12,22,22,22,22,22,22,22,22,22,22,22,22,12,22,22,22,10,22,22,22,22,22,22,10,22,
1,2,3,3,10,11,11,10,10,6,17,8,9,9,10,10,10,12,10,12,10,12,10,10,12,4,10,12,5,6,7,8,9,9,4,17,6,8,9,9,10,15,13,14,16,12,
1,2,18,
1,2,18,
1,2,2,20,18,20,
1,2,18,
1,2,18,
1,2,2,20,20,20,20,20,18,20,
1,2,18,
22,22,22,22,22,22,22,12,12,12,12,12,10,11,11,10,1,2,12,3,3,12,4,5,7,6,8,9,9,4,15,13,16,14,12,10,12,10,
1,2,18,
4,4,4,4,4,4,4,4,4,4,4,4,4,4,1,2,3,3,4,19,4,4,4,4,4,4,4,4,
20,18,20,1,2,2,
4,4,4,4,4,4,4,4,4,18,4,4,4,4,1,2,3,3,4,
22,4,22,10,11,11,10,4,22,5,6,7,8,9,9,4,21,18,22,10,10,12,12,12,22,22,22,22,1,2,3,3,4,
18,20,1,2,2,20,
10,6,17,8,9,9,12,22,15,13,14,16,22,10,10,10,1,2,3,3,10,11,11,10,4,10,4,4,4,4,5,4,6,7,8,9,9,4,4,10,12,6,17,8,9,9,10,10,4,4,
10,10,4,1,2,3,3,10,10,10,4,4,10,17,19,10,10,4,10,5,4,10,10,6,7,8,9,9,4,10,10,
10,10,10,10,10,10,1,2,2,20,10,19,17,3,3,20,10,4,10,5,7,6,8,9,9,4,10,10,10,10,
12,22,22,22,22,22,22,22,22,22,22,12,12,22,22,22,12,12,22,12,22,12,22,15,14,16,13,12,22,22,22,22,1,2,3,3,4,22,22,22,22,22,22,5,22,6,7,8,9,9,4,12,12,10,11,11,10,22,12,12,22,22,12,22,
4,4,10,10,4,5,6,7,10,8,9,9,4,10,11,11,10,10,12,1,2,3,3,14,15,13,16,12,
12,12,4,4,12,4,12,5,22,4,10,6,7,8,9,9,4,11,11,10,12,22,12,4,10,10,10,12,12,10,10,10,12,4,4,4,4,12,4,4,14,15,13,16,12,4,4,22,22,22,1,2,3,3,22,12,12,22,
4,20,3,3,20,20,20,18,4,20,20,20,20,20,20,20,20,20,20,20,1,2,2,20,20,20,20,20,
20,18,20,1,2,2,
1,2,2,20,3,3,20,4,18,4,20,20,
20,20,1,2,2,20,20,20,18,20,
10,10,10,10,10,10,10,10,10,19,17,1,2,3,3,4,10,10,5,7,6,8,9,9,4,
22,22,22,22,22,22,4,22,5,6,7,8,9,9,4,15,13,14,16,22,10,11,11,10,12,22,22,22,12,22,12,22,22,22,22,22,22,22,22,22,22,12,12,12,12,22,22,1,2,3,3,22,22,
4,1,2,2,10,5,10,6,7,8,9,9,4,10,10,4,10,4,17,19,10,4,4,4,20,3,3,20,4,
20,20,20,3,3,20,1,2,2,4,20,18,4,20,
10,11,11,10,1,2,3,3,4,5,6,7,8,9,9,4,10,6,17,8,9,9,10,12,21,18,12,
1,2,2,20,18,20,
1,2,18,
20,18,20,20,1,2,2,20,
1,2,18,
18,20,1,2,2,20,
5,7,6,8,9,9,4,10,11,11,10,12,12,15,14,16,13,12,12,1,2,3,3,4,
10,10,17,6,8,9,9,10,10,12,22,6,17,8,9,9,12,22,22,11,11,22,12,12,22,22,22,22,22,1,2,2,12,22,20,3,3,20,14,13,15,16,12,22,4,22,22,5,12,22,6,7,8,9,9,4,22,10,11,11,10,
4,19,4,1,2,3,3,
1,2,18,
1,2,18,
4,19,4,4,4,1,2,3,3,
12,12,12,10,12,11,11,10,10,4,4,10,10,17,6,8,9,9,10,10,10,10,22,22,10,4,22,16,14,15,13,12,10,5,6,7,8,9,9,4,4,10,4,1,2,10,3,3,10,
1,2,18,
10,10,10,6,17,8,9,9,10,10,17,6,8,9,9,10,22,10,12,1,2,3,3,17,6,8,9,9,10,10,10,10,10,10,22,12,12,22,10,12,21,18,22,10,12,23,23,23,10,11,11,10,4,12,12,12,4,5,4,6,7,8,9,9,4,10,17,6,8,9,9,10,10,10,10,
4,10,10,10,10,4,1,2,3,3,5,10,10,10,7,6,8,9,9,4,10,10,10,10,10,10,10,10,17,19,10,4,10,10,10,
20,20,1,2,2,20,18,20,
4,4,4,4,12,4,22,5,22,22,6,7,8,9,9,4,4,21,18,12,4,22,1,2,22,3,3,22,22,12,12,12,4,4,22,10,10,10,11,11,10,22,
1,2,18,
1,2,18,
4,1,2,3,3,10,10,4,10,5,19,17,10,7,6,8,9,9,4,4,
22,10,22,4,20,10,12,12,4,20,1,2,2,20,4,3,3,20,12,10,12,10,22,22,22,22,5,10,12,12,22,22,10,22,22,22,22,22,6,7,8,9,9,4,10,22,22,22,10,10,12,11,11,10,22,22,10,22,20,20,22,22,22,6,17,8,9,9,10,10,22,16,14,13,15,12,10,22,
17,19,10,10,1,2,3,3,4,10,5,7,6,8,9,9,4,10,10,17,6,8,9,9,10,6,17,8,9,9,10,10,10,10,10,10,
6,17,8,9,9,12,22,10,10,10,10,15,14,16,13,22,10,11,11,10,1,2,3,3,4,5,10,10,6,7,8,9,9,4,10,17,6,8,9,9,10,10,10,12,
5,6,7,8,9,9,4,10,10,10,11,11,10,10,1,2,10,3,3,12,19,17,12,4,
12,10,4,10,14,15,16,13,12,4,4,4,6,7,8,9,9,4,10,10,10,4,10,10,11,11,10,10,4,10,1,2,3,3,4,12,12,4,4,5,
20,20,18,20,1,2,2,20,20,20,
1,2,18,
1,2,2,20,20,20,3,3,20,4,4,4,18,4,
10,5,7,6,8,9,9,4,10,10,10,4,4,10,10,1,2,2,12,10,11,11,10,10,10,10,10,10,20,10,3,3,20,18,21,12,10,4,10,
4,4,18,4,1,2,2,20,20,20,3,3,20,4,
23,23,23,23,23,18,23,1,2,2,
4,4,4,12,10,10,5,6,7,8,9,9,4,10,10,15,14,16,13,12,1,2,3,3,10,11,11,10,
4,10,10,5,7,6,8,9,9,4,10,10,10,11,11,10,10,10,12,1,2,3,3,21,18,12,
10,10,10,10,10,10,10,10,10,10,4,10,10,10,10,5,10,10,17,19,1,2,4,10,3,3,7,6,8,9,9,4,4,10,10,10,10,
22,22,22,22,22,22,22,10,11,11,10,22,12,12,22,4,5,10,12,10,10,21,18,22,10,10,22,10,1,2,6,7,3,3,10,8,9,9,4,10,17,6,8,9,9,10,10,10,22,10,10,22,10,22,4,4,22,22,
12,12,10,10,12,12,10,11,11,10,16,15,13,14,12,22,22,22,22,22,4,5,6,7,8,9,9,4,1,2,3,3,
10,10,10,4,4,4,1,2,3,3,10,4,4,4,12,22,12,4,4,10,12,12,12,12,4,10,10,10,4,4,22,4,12,12,5,12,10,22,12,12,12,4,10,10,4,12,22,7,6,8,9,9,4,12,10,12,11,11,10,10,10,12,10,12,12,15,13,14,16,12,22,22,4,22,4,4,4,4,
1,2,18,
1,2,18,
4,20,3,3,20,4,4,4,4,4,4,19,1,2,2,
10,21,18,12,1,2,3,3,4,5,7,6,8,9,9,4,10,6,17,8,9,9,10,10,10,10,12,10,11,11,10,10,10,
22,12,22,10,10,12,12,12,22,22,22,11,11,22,12,12,12,12,10,10,12,12,22,22,12,22,1,2,14,13,15,16,12,3,3,22,22,4,22,22,22,5,7,6,8,9,9,4,10,10,12,22,12,10,11,11,10,12,6,17,8,9,9,22,22,10,22,10,
10,10,10,10,17,19,10,10,10,10,10,10,1,2,3,3,4,10,5,6,7,8,9,9,4,10,10,10,10,10,
4,4,3,3,20,4,18,4,1,2,2,4,4,20,
5,10,15,14,16,13,6,7,12,8,9,9,4,4,4,10,10,4,4,10,11,11,10,1,2,3,3,10,10,10,10,12,4,10,
1,2,18,
1,2,18,
1,2,3,3,4,4,4,4,4,4,4,19,
5,17,6,8,9,9,12,22,15,13,14,16,22,6,7,8,9,9,4,10,11,11,10,1,2,2,10,10,10,10,10,10,12,20,3,3,20,4,12,12,4,12,4,12,
4,1,2,2,20,18,4,3,3,20,
4,10,17,19,10,5,4,4,1,2,7,6,8,9,9,4,3,3,
10,10,10,10,10,10,10,10,6,17,8,9,9,10,10,10,10,10,10,10,10,10,10,10,10,10,10,10,10,10,10,10,19,17,10,10,4,1,2,3,3,10,10,5,17,6,8,9,9,10,10,6,7,8,9,9,4,10,10,10,10,
4,18,4,4,4,4,4,1,2,3,3,4,4,
14,15,13,16,12,1,2,3,3,4,5,7,6,8,9,9,4,10,10,11,11,10,10,12,
1,2,3,3,10,10,10,10,4,5,10,12,12,7,6,8,9,9,4,10,17,6,8,9,9,10,10,10,10,11,11,10,10,10,10,12,10,10,22,22,10,22,18,21,22,10,10,10,4,4,
10,19,17,10,4,1,2,3,3,10,5,10,6,7,8,9,9,4,
10,10,10,10,10,10,10,10,1,2,3,3,4,5,12,10,7,6,8,9,9,4,10,10,10,10,10,14,15,13,16,12,10,11,11,10,
1,2,2,20,18,20,
4,10,10,5,10,10,10,10,10,10,10,10,10,6,7,8,9,9,4,4,10,4,1,2,4,3,3,10,10,10,10,10,10,10,6,17,8,9,9,10,10,10,10,10,10,10,4,10,10,
12,12,10,12,10,10,22,10,12,22,22,22,22,22,10,11,11,10,1,2,12,12,22,3,3,4,22,22,5,15,14,16,13,12,6,7,8,9,9,4,22,10,17,6,8,9,9,10,12,
1,2,2,20,18,20,
20,3,3,20,4,4,4,4,4,19,4,1,2,2,4,
1,2,18,
4,4,4,19,4,20,3,3,20,1,2,2,
10,10,6,17,8,9,9,10,4,12,5,10,6,7,8,9,9,4,10,10,20,16,14,15,13,4,17,6,12,8,9,9,10,3,3,20,10,10,10,10,10,4,4,10,10,11,11,10,10,10,10,10,4,1,2,2,10,
1,2,18,
22,22,1,2,3,3,4,22,22,5,10,10,22,6,7,8,9,9,4,22,10,10,10,11,11,10,19,17,22,22,10,22,22,10,22,12,10,22,10,10,22,10,22,22,22,22,22,22,12,12,12,12,22,
1,2,18,
12,14,15,13,16,12,12,10,11,11,10,1,2,12,3,3,10,10,12,12,10,10,22,22,22,22,4,12,5,6,7,8,9,9,4,22,
4,4,4,4,4,4,4,4,4,4,1,2,3,3,4,4,4,4,4,4,4,19,4,4,
1,2,2,20,18,20,
10,11,11,10,4,12,12,5,6,7,8,9,9,4,10,12,12,10,10,15,13,16,14,12,10,12,12,1,2,3,3,12,12,12,
10,10,10,1,2,2,10,10,10,10,13,15,14,16,12,10,4,10,4,4,20,3,3,20,5,12,10,10,10,11,11,10,6,7,8,9,9,4,10,
10,1,2,3,3,10,12,6,17,8,9,9,10,4,14,15,16,13,10,12,11,11,10,5,7,6,8,9,9,4,10,
4,1,2,2,4,4,4,4,4,4,4,4,4,20,3,3,20,4,4,19,4,
12,12,15,13,14,16,12,4,4,10,11,11,10,4,5,4,4,7,6,8,9,9,4,1,2,3,3,12,10,6,17,8,9,9,10,10,10,
4,5,10,10,7,6,8,9,9,4,10,4,4,10,10,4,10,17,19,10,10,1,2,3,3,4,4,4,
21,18,12,10,11,11,10,12,1,2,2,22,22,22,22,12,12,4,20,10,5,7,6,8,9,9,4,10,6,17,8,9,9,10,10,10,22,20,10,20,12,22,3,3,20,22,
10,1,2,3,3,10,15,14,16,13,12,4,10,12,10,10,5,11,11,10,6,7,8,9,9,4,
10,10,10,17,6,8,9,9,10,10,1,2,10,10,10,3,3,10,10,10,10,17,6,10,8,9,9,10,10,10,17,6,8,9,9,10,10,10,4,10,10,10,5,4,17,6,8,9,9,10,10,10,4,7,6,8,9,9,4,10,10,10,10,10,4,4,10,10,
1,2,2,20,18,20,
10,4,10,5,12,10,7,6,8,9,9,4,10,4,4,10,11,11,10,10,10,21,18,12,20,1,2,2,3,3,20,
18,4,1,2,2,4,4,20,3,3,20,4,
10,4,11,11,10,12,12,5,19,17,22,7,6,8,9,9,4,1,2,2,12,10,10,10,10,20,3,3,20,22,
1,2,2,20,18,20,
1,2,2,20,18,20,
4,4,5,6,7,12,8,9,9,4,10,10,4,1,2,3,3,4,4,10,11,11,10,4,4,13,14,15,16,12,4,4,4,4,4,12,10,17,6,8,9,9,10,10,10,12,4,
20,20,20,20,4,5,1,2,2,6,7,8,9,9,10,4,11,11,10,20,20,3,3,20,20,20,12,10,10,4,4,10,20,10,16,15,13,14,12,
10,10,10,11,11,10,1,2,3,3,4,4,4,12,10,5,6,7,8,9,9,4,10,10,10,15,16,14,13,12,
1,2,3,3,4,5,7,6,8,9,9,4,10,11,11,10,12,15,13,14,16,12,
10,4,10,12,12,12,22,12,4,10,11,11,10,22,22,22,22,22,22,22,22,1,2,2,4,12,12,19,17,12,5,12,7,6,8,9,9,4,20,12,3,3,20,
22,10,22,11,11,10,22,22,22,22,22,22,22,22,22,10,10,22,15,14,16,13,12,10,22,10,22,22,22,12,12,12,12,22,22,1,2,3,3,4,22,5,7,6,8,9,9,4,
10,10,10,10,10,10,10,10,4,10,10,10,10,4,10,5,10,10,4,10,7,6,8,9,9,4,10,10,10,19,17,1,2,10,3,3,10,10,6,17,8,9,9,10,10,10,
1,2,2,20,18,20,
1,2,18,
4,4,4,4,1,2,4,3,3,4,4,4,4,4,4,4,4,4,4,19,4,4,4,4,4,4,
10,10,11,11,10,5,22,12,7,6,8,9,9,4,4,12,12,4,4,4,12,10,22,1,2,2,10,22,12,12,20,3,3,20,22,22,22,22,22,12,15,13,14,16,12,22,22,22,22,12,10,22,22,22,17,6,8,9,9,10,10,4,
4,10,5,7,6,8,9,9,4,12,1,2,2,10,10,11,11,10,20,3,3,20,10,15,16,13,14,12,10,4,4,12,12,
1,2,2,20,18,20,
22,1,2,3,3,4,5,22,22,6,7,8,9,9,4,6,17,8,9,9,22,12,12,22,10,11,11,10,12,12,22,22,22,12,22,22,22,22,22,15,14,16,13,12,12,22,22,11,11,22,22,22,12,22,22,22,22,22,
12,10,11,11,10,10,1,2,3,3,22,22,4,22,10,5,7,6,8,9,9,4,10,17,6,8,9,9,10,10,12,12,10,10,10,12,12,22,22,22,22,22,10,22,22,12,12,22,22,10,12,12,12,12,12,12,12,22,22,22,22,12,12,12,22,22,22,12,12,12,12,
1,2,18,
1,2,18,
4,1,2,3,3,18,4,4,4,
4,4,4,4,4,4,4,4,4,4,4,4,4,4,4,4,4,4,4,4,4,4,4,4,4,19,1,2,3,3,4,4,
4,19,4,1,2,3,3,
1,2,18,
19,4,4,4,1,2,2,20,20,20,20,20,3,3,20,4,4,4,4,4,
10,10,1,2,3,3,4,5,6,7,8,9,9,4,10,10,10,10,10,10,10,17,19,10,10,10,
1,2,3,3,4,10,5,11,11,10,6,7,8,9,9,4,12,10,10,14,15,13,16,12,12,12,
10,10,5,20,20,10,6,7,8,9,9,4,10,10,10,17,6,8,9,9,10,10,10,10,10,10,10,11,11,10,10,10,1,2,2,10,10,10,12,10,20,10,3,3,20,17,6,8,9,9,10,21,18,12,10,4,10,
22,12,22,22,22,22,15,13,16,14,12,1,2,3,3,4,5,7,6,8,9,9,4,10,12,11,11,10,12,22,22,11,11,22,17,6,8,9,9,12,22,22,12,22,22,
1,2,18,
22,15,13,14,16,22,22,12,10,10,10,11,11,10,22,22,22,4,5,6,7,8,9,9,4,22,1,2,3,3,12,12,22,
4,4,4,4,4,4,4,1,2,19,4,3,3,
17,19,10,4,10,10,10,4,6,17,8,9,9,10,4,10,10,4,10,10,5,6,7,8,9,9,4,10,4,4,10,10,4,10,1,2,3,3,10,
1,2,2,20,18,20,
1,2,18,
20,20,20,20,18,20,20,20,20,20,20,1,2,2,20,20,
1,2,18,
1,2,18,
1,2,18,
1,2,18,
20,1,2,2,18,20,
20,18,20,1,2,2,
1,2,18,
1,2,18,
10,11,11,10,15,13,14,16,12,4,4,4,1,2,5,3,3,12,7,6,8,9,9,4,10,10,10,17,6,8,9,9,10,10,10,
1,2,18,
1,2,18,
1,2,2,12,10,10,12,13,15,16,14,12,4,12,10,10,20,3,3,20,10,11,11,10,5,7,6,8,9,9,4,10,10,
1,2,2,20,18,20,
1,2,18,
1,2,2,20,18,20,
10,10,10,10,4,10,10,5,6,7,8,9,9,4,1,2,3,3,10,10,10,19,17,10,10,
1,2,18,
1,2,2,20,20,20,18,20,
1,2,18,
20,1,2,2,18,20,20,20,20,20,
10,10,17,19,10,1,2,2,4,5,10,10,7,6,8,9,9,4,20,3,3,20,10,10,10,
22,22,22,4,12,15,14,13,16,12,1,2,3,3,5,7,6,8,9,9,4,10,11,11,10,12,12,22,22,12,
1,2,18,
10,10,6,17,8,9,9,10,4,10,10,10,10,4,4,4,4,10,10,10,10,1,2,3,3,10,10,10,10,10,10,10,4,10,5,10,10,10,7,6,8,9,9,4,10,11,11,10,10,10,10,10,6,17,8,9,9,10,10,10,10,10,10,10,10,4,
1,2,18,
19,17,10,1,2,3,3,4,10,10,10,10,5,7,6,8,9,9,4,10,10,10,10,10,
1,2,18,
12,12,22,22,20,22,22,22,20,10,20,10,12,3,3,20,12,12,14,13,16,15,12,4,10,11,11,10,22,1,2,2,12,12,4,22,5,4,4,7,6,8,9,9,4,4,12,
20,3,3,20,4,12,10,11,11,10,5,7,6,8,9,9,4,10,4,10,18,21,12,4,4,1,2,2,4,10,10,10,10,10,6,17,8,9,9,10,10,10,
10,11,11,10,1,2,3,3,4,12,5,6,7,8,9,9,4,10,10,18,21,12,
10,10,1,2,2,20,3,3,20,4,5,6,7,8,9,9,4,10,10,10,10,10,17,19,10,
10,10,21,18,12,10,10,1,2,2,20,4,3,3,20,4,4,5,6,7,8,9,9,4,12,4,4,10,11,11,10,
1,2,18,
1,2,18,
4,4,4,4,4,4,4,4,4,4,4,4,4,1,2,3,3,4,4,4,4,19,4,4,4,4,4,4,4,4,4,4,4,4,4,4,4,4,4,4,4,4,
4,4,4,4,4,4,4,4,4,4,4,19,1,2,3,3,4,4,4,4,
20,18,20,1,2,2,
4,10,11,11,10,4,5,12,6,7,22,8,9,9,4,22,10,17,6,8,9,9,10,10,10,10,10,6,17,8,9,9,10,22,10,22,22,10,10,12,6,17,8,9,9,22,22,15,13,14,16,22,12,12,12,1,2,3,3,4,
20,18,20,1,2,2,
20,18,20,1,2,2,
1,2,18,
1,2,18,
4,4,4,4,4,4,4,1,2,2,4,18,4,20,3,3,20,4,4,4,4,4,4,4,
1,2,18,
1,2,18,
1,2,18,
22,20,3,3,20,22,4,22,22,22,22,22,10,5,10,1,2,2,6,7,8,9,9,4,12,12,22,22,14,16,13,15,12,22,22,22,10,11,11,10,22,12,12,22,22,22,12,12,12,
10,11,11,10,4,5,14,15,16,13,12,7,6,8,9,9,4,1,2,3,3,12,
20,3,3,20,4,18,4,1,2,2,
1,2,18,
4,10,10,10,10,4,4,4,10,4,11,11,10,12,12,10,5,17,6,8,9,9,10,10,10,12,4,4,4,22,7,6,8,9,9,4,4,4,4,22,22,22,4,13,15,14,16,12,4,10,4,4,10,12,10,10,22,22,22,10,10,10,1,2,3,3,10,
1,2,2,20,18,20,
14,15,16,13,12,10,11,11,10,12,10,5,10,22,22,6,7,8,9,9,4,10,10,10,10,10,10,12,12,12,22,22,22,10,22,1,2,3,3,22,10,4,
6,7,8,9,9,4,10,6,17,12,12,8,9,9,10,10,10,4,10,15,14,16,13,12,4,10,22,12,12,4,22,4,22,22,1,2,2,22,20,3,3,20,22,22,22,4,10,11,11,10,22,10,22,22,22,22,10,12,12,5,12,22,
4,4,1,2,2,4,20,3,3,20,18,4,
4,4,14,15,13,16,12,4,5,6,7,8,9,9,4,10,10,10,20,10,11,11,10,3,3,20,1,2,2,10,10,10,10,4,4,10,12,
1,2,18,
10,5,10,6,7,8,9,9,4,10,10,10,10,10,12,10,10,10,10,11,11,10,21,18,12,4,1,2,3,3,
4,4,4,4,4,4,4,4,4,4,4,1,2,3,3,4,4,4,4,4,4,4,4,4,4,4,4,4,4,19,
7,6,8,9,9,4,4,10,4,10,10,1,2,3,3,10,10,10,17,19,10,4,10,10,10,10,10,10,5,4,4,
12,12,12,12,14,15,16,13,12,12,10,1,2,22,22,3,3,4,10,12,22,5,7,6,8,9,9,4,12,12,12,12,10,12,12,10,10,11,11,10,
4,4,1,2,3,3,4,4,4,4,4,4,4,4,4,19,4,4,
1,2,2,20,18,20,
4,4,4,4,4,4,18,4,1,2,2,4,20,3,3,20,
1,2,18,
1,2,18,
17,19,10,4,10,5,10,6,7,8,9,9,4,10,17,6,8,9,9,10,20,3,3,20,1,2,2,10,
4,10,10,10,10,10,10,4,10,10,10,5,10,10,10,10,17,19,6,7,8,9,9,4,10,10,10,1,2,4,3,3,10,
20,20,3,3,20,1,2,2,4,10,10,5,7,6,8,9,9,4,10,10,10,19,17,10,10,10,10,20,10,
4,4,3,3,20,4,1,2,2,4,4,4,4,4,4,4,4,4,4,4,4,4,4,4,4,4,4,4,4,4,4,4,4,4,4,4,4,4,4,19,4,4,4,4,4,4,4,4,4,4,4,4,4,20,4,4,4,
1,2,18,
4,20,3,3,20,19,4,1,2,2,4,4,
20,3,3,20,10,10,10,10,10,10,4,4,4,10,4,10,4,10,10,10,10,5,7,6,8,9,9,4,10,10,1,2,2,10,17,19,4,4,
10,10,10,20,10,3,3,20,10,4,4,4,10,10,10,10,10,5,10,7,6,8,9,9,4,10,10,10,10,10,10,17,19,1,2,2,10,10,
1,2,18,
1,2,18,
17,6,8,9,9,12,22,1,2,2,15,14,13,16,22,4,22,12,12,5,6,7,8,9,9,4,10,6,17,8,9,9,10,10,22,10,4,22,22,22,22,4,22,22,4,4,12,12,20,3,3,20,10,11,11,10,22,
12,12,12,12,10,12,12,12,10,12,12,12,12,12,12,12,4,12,12,12,12,5,12,14,15,13,16,12,7,6,8,9,9,4,12,10,12,10,12,12,12,10,1,2,11,11,10,3,3,12,12,12,12,12,
1,2,18,
10,10,10,10,4,10,17,19,10,4,4,10,6,17,8,9,9,10,5,10,10,6,7,8,9,9,4,4,4,10,10,1,2,3,3,
1,2,18,
4,4,1,2,3,3,4,5,7,6,8,9,9,4,4,10,4,19,17,10,
20,3,3,20,4,1,2,2,18,4,
12,10,10,10,10,13,16,15,14,12,1,2,3,3,4,5,7,6,8,9,9,4,10,10,10,10,11,11,10,10,10,12,10,12,
4,10,15,13,14,16,12,4,4,4,4,4,5,10,6,7,8,9,9,4,11,11,10,10,10,10,1,2,3,3,12,12,12,4,
20,18,20,1,2,2,
10,10,10,10,10,10,10,10,10,10,10,10,10,10,10,10,10,10,10,10,10,19,17,1,2,3,3,4,10,10,5,6,7,8,9,9,4,10,10,10,10,
10,17,6,8,9,9,10,10,10,12,1,2,3,3,4,4,4,10,11,11,10,5,16,15,14,13,12,7,6,8,9,9,4,
12,12,22,12,12,22,10,10,10,11,11,10,22,22,22,22,1,2,3,3,4,12,22,22,22,16,14,13,15,12,12,5,6,7,8,9,9,4,22,22,22,22,22,22,
4,4,4,4,4,4,4,4,4,4,4,4,4,4,4,18,4,4,4,4,4,4,4,4,4,1,2,2,4,4,4,4,4,4,4,4,4,4,4,4,4,20,3,3,20,4,4,4,4,4,
10,4,4,10,4,4,5,10,10,10,4,7,6,8,9,9,4,10,10,10,4,10,10,10,10,10,10,10,19,17,1,2,2,4,10,20,3,3,20,10,
22,5,6,7,8,9,9,4,22,22,10,22,22,22,12,12,22,10,22,10,22,12,12,10,22,12,10,11,11,10,12,22,22,22,12,22,22,22,22,22,12,12,22,22,15,16,14,13,12,1,2,3,3,22,22,4,
4,4,4,4,19,4,4,4,4,4,4,4,4,4,4,4,4,1,2,4,3,3,4,
12,10,10,10,10,10,11,11,10,14,13,15,16,12,10,1,2,3,3,4,5,7,6,8,9,9,4,17,6,8,9,9,10,10,10,
1,2,18,
4,12,1,2,3,3,5,21,18,6,7,8,9,9,4,12,10,10,10,11,11,10,
4,18,4,1,2,3,3,
10,11,11,10,12,12,4,5,18,21,12,6,7,8,9,9,4,10,10,4,4,1,2,3,3,4,4,12,
10,10,10,10,10,10,10,20,10,10,3,3,20,10,10,10,10,4,10,10,10,19,17,10,5,7,6,8,9,9,4,10,10,17,6,8,9,9,10,10,1,2,2,
1,2,18,
1,2,18,
1,2,18,
1,2,2,20,18,20,
1,2,18,
10,10,10,4,10,5,6,7,8,9,9,4,10,1,2,10,3,3,10,10,10,10,10,10,10,17,19,
15,14,13,16,12,1,2,3,3,4,5,7,6,8,9,9,4,12,10,11,11,10,
18,21,10,1,2,3,3,4,5,6,7,8,9,9,4,10,17,6,8,9,9,10,10,
10,4,12,5,6,7,8,9,9,4,10,10,1,2,3,3,15,13,14,16,12,10,11,11,10,4,4,10,
1,2,18,
18,20,1,2,2,20,
4,10,10,4,10,10,10,10,10,10,4,5,6,7,8,9,9,4,4,10,10,10,10,10,10,19,17,10,10,4,10,1,2,3,3,
4,3,3,20,4,4,4,4,4,4,4,4,4,18,4,4,4,4,4,4,1,2,2,20,
1,2,18,
1,2,18,
1,2,18,
4,4,4,4,20,4,20,20,20,4,20,4,1,2,2,20,20,4,4,4,4,20,20,4,4,4,4,20,4,19,4,4,4,4,20,4,4,4,3,3,20,4,4,4,4,
1,2,18,
10,10,10,10,10,11,11,10,12,1,2,12,3,3,12,4,4,4,12,12,12,12,5,6,7,8,9,9,4,10,10,10,21,18,12,10,
1,2,18,
20,3,3,20,1,2,2,4,19,4,
10,22,10,22,20,22,20,10,20,22,22,20,3,3,20,12,22,11,11,22,22,10,22,6,17,8,9,9,22,22,22,10,11,11,10,1,2,2,4,22,12,22,12,12,12,21,18,12,22,20,5,12,22,22,22,4,7,6,8,9,9,4,4,
1,2,18,
1,2,18,
1,2,18,
20,18,20,1,2,2,
20,3,3,20,10,11,11,10,4,12,10,12,10,12,21,18,12,5,7,6,8,9,9,4,10,10,12,12,1,2,2,
4,4,4,4,4,1,2,2,4,4,20,20,4,4,20,4,4,3,3,20,4,4,18,4,
1,2,2,20,20,20,20,20,20,20,20,20,18,20,
18,20,1,2,2,20,
5,4,7,6,8,9,9,4,4,20,3,3,20,10,10,1,2,2,4,4,10,19,17,10,4,
22,22,10,10,10,5,10,6,7,8,9,9,4,10,17,6,8,9,9,10,10,10,12,10,10,12,12,10,18,21,12,12,1,2,22,22,3,3,22,10,12,11,11,10,22,22,22,4,4,22,12,12,22,22,22,22,4,10,12,
4,5,6,7,8,9,9,4,10,4,10,12,22,12,10,10,12,12,4,17,6,8,9,9,10,22,10,10,10,10,4,17,6,8,9,9,10,10,6,17,8,9,9,10,10,10,4,14,15,16,13,12,4,1,2,3,3,10,11,11,10,22,22,4,22,22,22,12,12,
4,19,4,20,3,3,20,4,4,1,2,2,
3,3,20,4,21,18,12,4,4,10,11,11,10,5,10,6,7,8,9,9,4,10,10,12,10,1,2,2,20,10,10,
1,2,3,3,4,4,4,19,4,
1,2,18,
4,4,10,4,19,17,10,5,1,2,7,6,8,9,9,4,3,3,10,10,
1,2,18,
1,2,18,
1,2,3,3,4,4,4,4,4,4,4,4,4,4,4,4,4,4,4,4,4,4,4,4,4,4,4,4,4,4,4,4,19,4,
10,11,11,10,1,2,2,10,12,10,4,14,13,15,16,12,5,6,7,8,9,9,4,20,3,3,20,
10,4,4,4,4,4,1,2,3,3,5,6,7,8,9,9,4,10,10,4,4,4,4,4,4,4,4,10,10,4,10,17,19,4,10,
1,2,18,
19,17,10,10,4,20,3,3,20,5,6,7,8,9,9,4,10,10,1,2,2,10,10,10,10,10,10,
1,2,18,
10,19,17,10,4,1,2,3,3,10,5,6,7,8,9,9,4,10,10,10,10,10,10,10,10,10,10,10,10,10,10,10,10,10,
1,2,18,
1,2,18,
1,2,18,
4,4,4,4,4,4,4,4,4,4,4,4,4,4,4,4,4,4,4,1,2,3,3,4,4,19,4,4,4,4,4,4,4,4,4,4,4,4,4,4,4,4,4,4,
1,2,2,20,3,3,20,4,4,4,18,4,
1,2,2,20,18,20,
1,2,2,20,3,3,20,4,18,4,
12,22,22,22,5,10,22,22,22,10,10,10,10,6,7,22,22,8,9,9,4,22,10,22,6,17,8,9,9,10,10,10,22,22,10,10,10,10,22,1,2,3,3,11,11,10,10,12,12,10,10,10,10,22,22,22,6,17,8,9,9,10,22,10,10,22,22,17,19,22,22,22,22,22,22,22,4,
1,2,18,
4,4,4,4,4,4,4,4,4,4,4,4,4,4,4,4,4,4,4,4,4,1,2,3,3,4,19,4,4,4,
1,2,18,
4,12,5,10,6,17,8,9,9,10,12,6,7,15,16,14,13,12,8,9,9,4,10,10,12,12,12,10,11,11,10,1,2,3,3,
10,10,10,1,2,10,3,3,10,10,10,10,10,10,10,4,10,10,5,10,10,6,7,8,9,9,4,10,10,19,17,10,10,10,10,10,10,10,10,10,10,10,10,
4,4,4,5,4,4,6,7,8,9,9,4,12,15,16,13,14,12,10,1,2,3,3,10,17,6,11,11,10,8,9,9,10,10,10,4,4,4,4,4,4,4,4,
4,4,4,4,1,2,3,3,4,4,4,4,4,19,4,
4,4,1,2,10,3,3,10,10,10,10,4,10,10,10,19,17,5,10,10,10,10,10,7,6,8,9,9,4,10,10,10,10,
1,2,18,
22,22,12,4,4,12,10,11,11,10,15,14,13,16,12,22,22,22,4,12,12,5,6,7,8,9,9,4,1,2,3,3,
5,6,7,8,9,9,4,4,10,4,12,10,11,11,10,4,4,4,4,4,4,14,15,13,16,12,17,6,8,9,9,10,4,1,2,3,3,
1,2,2,20,18,20,
4,18,4,4,4,1,2,2,4,4,4,4,4,4,4,4,20,3,3,20,
1,2,2,20,18,20,
6,7,8,9,9,4,4,10,4,4,4,4,1,2,2,4,4,4,10,10,4,10,20,10,10,4,3,3,20,5,4,10,17,19,10,
21,18,12,10,11,11,10,4,4,4,10,4,10,1,2,2,4,4,4,5,6,7,8,9,9,4,20,12,3,3,20,
1,2,18,
1,2,18,
18,20,1,2,2,20,
20,4,4,3,3,20,4,4,4,4,4,18,4,1,2,2,4,4,
20,20,20,18,20,1,2,2,
4,4,4,4,4,4,10,10,10,10,10,10,10,1,2,3,3,10,17,19,4,10,5,7,6,8,9,9,4,
1,2,3,3,5,10,22,7,6,8,9,9,4,10,22,4,22,10,4,12,12,10,12,10,11,11,10,21,18,12,22,22,22,22,22,11,11,22,22,12,4,4,4,17,6,8,9,9,22,22,10,10,4,4,
4,1,2,2,18,4,20,3,3,20,
1,2,18,
1,2,18,
1,2,2,20,18,20,
10,10,10,17,19,10,10,10,10,4,10,10,10,5,7,6,8,9,9,4,1,2,3,3,
1,2,18,
1,2,18,
1,2,18,
10,6,7,8,9,9,4,10,10,10,1,2,2,10,10,10,10,10,10,10,10,6,17,8,9,9,10,10,10,4,4,10,10,10,20,10,10,10,10,3,3,20,10,10,4,10,4,4,4,10,5,4,
1,2,2,4,4,10,4,17,19,10,5,6,7,8,9,9,4,10,6,17,8,9,9,10,10,10,10,10,10,20,10,3,3,20,
12,10,16,14,13,15,12,10,1,2,3,3,4,10,11,11,10,5,6,7,8,9,9,4,10,10,10,10,12,10,10,12,
12,4,10,11,11,10,5,7,6,8,9,9,4,10,16,14,13,15,12,10,1,2,3,3,10,10,10,10,
1,2,18,
4,19,4,1,2,3,3,
10,11,11,10,1,2,3,3,4,12,12,5,7,6,8,9,9,4,12,15,16,14,13,12,12,22,22,22,22,22,
1,2,18,
20,20,20,20,3,3,20,4,5,6,7,8,9,9,4,12,10,1,2,2,17,6,8,9,9,10,20,12,12,10,12,11,11,10,12,12,21,18,12,12,23,23,23,12,
12,22,16,15,13,14,5,22,7,6,8,9,9,4,1,2,3,3,12,4,4,4,10,12,6,17,6,17,8,9,9,10,10,11,11,10,8,9,9,12,
5,6,7,8,9,9,4,10,10,20,3,3,20,1,2,2,10,19,17,10,4,
20,18,20,1,2,2,
4,18,4,20,3,3,20,1,2,2,
18,1,2,
1,2,2,20,18,20,
1,2,18,
1,2,2,20,18,20,
1,2,18,
10,10,14,15,16,13,12,10,4,5,7,6,8,9,9,4,10,17,6,8,9,9,10,10,1,2,10,10,10,3,3,10,10,12,10,6,17,8,9,9,10,10,11,11,10,10,
1,2,2,20,18,20,
1,2,18,
1,2,2,20,20,20,18,20,
10,10,1,2,3,3,4,10,10,10,10,10,17,6,8,9,9,10,10,6,17,8,9,9,10,10,17,6,8,9,9,10,10,18,21,10,10,10,5,6,7,8,9,9,4,10,10,
22,22,22,22,22,22,22,12,12,22,22,22,22,12,12,22,22,22,1,2,22,3,3,12,22,22,22,22,12,22,22,4,22,22,22,22,22,5,10,10,22,22,22,22,22,22,6,7,8,9,9,4,10,22,11,11,10,10,10,12,22,22,12,22,12,12,22,12,22,22,22,22,22,18,21,12,12,22,22,10,22,22,22,22,22,22,22,22,22,22,10,22,22,10,10,10,22,22,22,10,
4,4,4,4,10,11,11,10,12,12,12,15,13,16,14,12,4,5,1,2,12,3,3,7,6,8,9,9,4,12,
1,2,18,
1,2,18,
4,4,1,2,2,20,20,20,3,3,20,4,18,4,
1,2,18,
10,10,4,4,5,10,10,7,6,8,9,9,4,10,6,17,8,9,9,10,10,10,10,10,20,10,3,3,20,4,10,10,10,10,10,10,10,10,1,2,2,17,19,10,4,4,
4,4,19,4,1,2,3,3,4,
4,18,4,20,3,3,20,4,1,2,2,4,
1,2,18,
18,4,1,2,2,20,4,3,3,20,
1,2,2,20,18,20,
1,2,18,
1,2,18,
1,2,18,
1,2,18,
23,23,23,18,23,1,2,2,
1,2,18,
1,2,18,
12,12,10,22,22,22,22,22,12,1,2,2,20,3,3,20,4,12,12,12,12,22,22,22,22,22,15,14,13,16,12,22,22,22,22,22,22,10,12,22,11,11,10,4,12,22,22,4,5,6,7,8,9,9,4,10,12,
1,2,18,
20,1,2,2,18,20,
1,2,18,
20,20,1,2,2,20,18,20,20,20,
1,2,3,3,4,5,6,7,8,9,9,4,10,10,12,15,13,14,16,12,10,11,11,10,
1,2,18,
4,4,10,10,1,2,3,3,4,4,4,5,10,7,6,8,9,9,4,10,19,17,10,10,
4,4,4,4,1,2,3,3,4,19,
4,12,22,12,22,22,22,12,22,22,4,4,10,11,11,10,4,4,4,12,12,22,12,12,12,12,12,12,5,22,22,12,22,7,6,8,9,9,4,10,4,22,4,4,4,22,22,22,10,12,22,1,2,2,20,22,12,12,12,22,15,13,16,14,12,3,3,20,12,12,4,
1,2,2,4,18,4,20,3,3,20,
1,2,18,
10,22,22,10,21,18,22,6,17,8,9,9,12,22,12,12,10,11,11,10,22,22,22,1,2,3,3,22,12,12,4,10,10,5,6,7,8,9,9,4,10,22,12,17,6,8,9,9,10,10,22,10,
13,15,14,16,12,10,11,11,10,12,12,22,22,22,12,22,12,1,2,2,12,12,12,20,3,3,20,4,12,12,5,12,22,7,6,8,9,9,4,
10,12,12,12,10,11,11,10,1,2,3,3,4,5,7,6,8,9,9,4,15,13,16,14,12,10,
10,11,11,10,4,5,6,7,8,9,9,4,10,12,17,6,8,9,9,10,17,6,8,9,9,12,22,15,14,13,16,22,20,20,20,3,3,20,1,2,2,
1,2,18,
22,12,12,1,2,22,3,3,4,22,5,22,22,22,22,6,7,8,9,9,4,10,22,22,22,22,12,22,10,22,13,15,14,16,12,22,12,22,22,12,12,12,12,22,22,22,22,22,22,22,10,11,11,10,22,22,22,22,
1,2,3,3,4,18,4,
10,10,10,12,12,10,12,10,20,20,6,17,8,9,9,10,10,10,1,2,2,10,10,20,3,3,20,4,4,10,10,11,11,10,4,5,10,6,7,8,9,9,4,15,16,14,13,12,
4,4,1,2,2,20,3,3,20,4,18,4,
4,4,4,4,4,4,4,4,4,4,4,4,4,4,4,4,4,4,4,19,1,2,3,3,4,4,4,4,4,4,4,4,
20,20,20,20,20,18,20,1,2,2,
5,6,7,8,9,9,4,10,6,17,8,9,9,10,1,2,3,3,10,10,10,10,10,4,10,19,17,4,10,4,
4,4,20,3,3,20,4,4,20,1,2,2,20,4,4,4,4,4,4,4,19,20,20,4,4,
4,4,4,10,4,4,10,10,19,17,10,10,4,4,4,10,10,5,7,6,8,9,9,4,1,2,3,3,4,4,10,10,4,4,10,4,
1,2,18,
20,3,3,20,4,4,4,4,4,4,4,4,4,4,4,1,2,2,4,18,4,4,
10,10,4,5,6,7,8,9,9,4,10,19,17,10,1,2,3,3,
20,4,3,3,20,4,20,4,4,4,19,4,20,1,2,2,4,4,4,4,
10,10,10,10,10,10,4,10,10,20,4,4,1,2,2,10,3,3,20,10,10,5,10,4,10,4,6,7,8,9,9,4,10,6,17,8,9,9,10,19,17,10,10,4,10,4,10,
1,2,18,
4,4,4,4,4,4,4,4,4,4,1,2,3,3,4,19,4,4,4,4,4,4,
1,2,18,
1,2,18,
12,12,12,12,12,1,2,3,3,22,22,22,12,10,11,11,10,22,22,18,21,12,4,22,5,7,6,8,9,9,4,12,12,22,
10,22,22,22,12,13,14,16,15,12,12,12,22,22,22,22,10,10,12,22,22,22,22,10,10,11,11,10,12,12,22,12,10,12,1,2,22,3,3,4,12,12,12,5,10,6,7,12,22,8,9,9,4,10,12,10,
1,2,18,
1,2,18,
1,2,18,
4,4,4,4,4,4,4,1,2,3,3,4,19,4,4,4,4,
21,18,12,12,12,12,22,22,22,1,2,3,3,22,22,12,12,22,22,22,4,12,5,12,12,6,7,8,9,9,4,10,11,11,10,12,
4,4,4,4,4,4,4,4,1,2,3,3,4,4,4,4,4,4,4,4,19,4,4,4,4,4,
3,3,20,4,4,4,1,2,2,18,4,20,
1,2,18,
3,3,10,10,15,14,13,16,12,10,4,4,4,5,12,7,6,8,9,9,4,10,6,17,8,9,9,10,10,10,11,11,10,1,2,
1,2,2,20,3,3,20,4,4,4,19,4,4,4,
4,4,12,12,10,11,11,10,4,1,2,3,3,4,4,5,4,21,18,12,4,6,7,8,9,9,4,4,4,12,
4,4,4,4,4,20,10,4,4,3,3,20,10,19,17,10,10,10,10,4,4,4,4,4,4,4,4,1,2,2,5,7,6,8,9,9,4,
4,1,2,2,4,4,5,7,6,8,9,9,4,10,17,6,8,9,9,10,10,10,20,10,3,3,20,10,10,11,11,10,10,12,10,18,21,12,
1,2,2,20,18,20,
4,4,4,18,4,1,2,2,4,4,20,3,3,20,
1,2,18,
20,18,20,1,2,2,
1,2,18,
1,2,18,
10,15,13,14,16,22,10,22,22,17,6,8,9,9,22,22,22,22,10,11,11,10,12,12,12,22,22,12,22,22,1,2,2,6,17,20,8,9,9,12,22,3,3,20,4,5,22,6,7,8,9,9,4,10,10,6,17,8,9,9,22,22,22,22,11,11,22,22,22,
4,18,4,4,20,3,3,20,1,2,2,4,
1,2,18,
1,2,18,
1,2,3,3,15,14,13,16,12,12,4,10,11,11,10,4,4,4,4,5,6,7,8,9,9,4,
1,2,2,20,18,20,20,20,
4,19,4,1,2,3,3,
1,2,18,
5,7,6,8,9,9,4,10,6,17,8,9,9,10,1,2,3,3,10,10,10,10,10,19,17,4,
4,4,4,4,4,4,4,5,7,6,8,9,9,4,4,4,12,12,12,1,2,3,3,10,18,21,12,10,10,11,11,10,
10,10,10,10,10,10,20,10,11,11,10,18,21,12,3,3,20,10,1,2,2,10,12,4,10,5,10,7,6,8,9,9,4,
22,10,5,22,22,22,22,4,22,22,22,22,4,6,7,8,9,9,4,12,22,4,22,12,22,4,10,10,22,11,11,22,4,4,4,4,12,12,14,15,16,13,22,17,6,8,9,9,22,22,1,2,3,3,22,10,11,11,10,22,12,12,22,22,4,22,22,22,22,22,22,22,22,22,22,22,22,22,4,22,22,22,4,10,22,
4,4,4,4,4,4,4,4,4,19,4,4,4,1,2,3,3,
10,11,11,10,5,21,18,12,6,7,8,9,9,4,10,1,2,3,3,10,12,4,
4,4,5,4,4,10,7,6,8,9,9,4,10,10,19,17,10,4,4,4,4,4,1,2,3,3,
1,2,18,
1,2,18,
1,2,18,
10,17,6,8,9,9,10,20,4,20,20,4,10,10,17,6,8,9,9,10,10,10,3,3,20,10,10,10,4,1,2,2,10,10,4,4,10,10,10,10,5,6,7,8,9,9,4,10,10,10,10,10,10,10,10,10,10,4,17,6,8,9,9,10,4,10,10,10,10,10,
1,2,3,3,4,4,10,10,4,5,7,6,8,9,9,4,10,10,10,19,17,10,
1,2,2,20,18,20,
4,4,4,4,18,4,1,2,2,20,3,3,20,4,4,4,4,4,
4,1,2,3,3,19,4,
1,2,18,4,3,3,4,
1,2,3,3,10,10,10,4,10,10,5,10,10,10,6,7,8,9,9,4,10,10,10,10,19,17,10,10,10,4,4,
1,2,2,20,18,20,
4,4,19,4,4,20,3,3,20,1,2,2,4,4,
10,12,1,2,3,3,4,5,10,11,11,10,14,16,13,15,12,12,12,6,7,8,9,9,4,10,
4,4,4,4,4,4,4,4,4,20,4,4,20,20,3,3,20,4,4,4,4,4,4,4,4,4,4,4,4,4,1,2,2,4,19,4,4,4,4,4,4,4,4,
1,2,18,
1,2,18,
4,4,4,4,4,4,4,19,1,2,3,3,4,4,
1,2,18,
10,12,12,12,4,12,4,12,12,4,15,14,13,16,12,5,12,6,7,8,9,9,4,1,2,3,3,10,10,11,11,10,
17,19,10,4,4,4,1,2,3,3,5,6,7,8,9,9,4,10,17,6,8,9,9,10,10,10,10,
4,4,5,18,4,4,4,4,4,4,4,1,2,2,4,4,4,4,4,4,20,4,3,3,20,
4,4,4,1,2,3,3,4,4,4,4,4,4,4,4,4,18,4,4,4,4,4,4,4,4,4,4,
6,7,8,9,9,4,4,4,1,2,3,3,4,4,4,5,10,19,17,10,
18,20,1,2,2,20,
1,2,18,
1,2,2,22,20,15,13,16,14,12,22,12,12,10,11,11,10,10,10,3,3,20,4,22,22,12,5,6,7,8,9,9,4,22,22,22,12,22,22,22,22,22,22,
10,10,10,1,2,3,3,10,10,10,10,10,10,10,10,10,4,10,17,19,10,10,5,10,10,6,7,8,9,9,4,
4,4,4,1,2,4,3,3,4,4,4,4,4,4,4,4,4,4,4,4,4,4,4,4,4,4,4,4,19,4,4,4,4,4,4,4,4,4,
1,2,18,
3,3,10,10,10,4,10,10,10,5,10,17,19,10,7,6,8,9,9,4,10,10,10,4,10,10,10,4,10,10,10,10,10,1,2,
1,2,2,20,3,3,20,4,18,4,
1,2,2,20,3,3,20,4,19,4,
20,20,16,14,15,13,12,20,20,20,1,2,2,20,20,20,20,20,10,11,11,10,20,20,3,3,20,20,4,10,12,5,10,7,6,8,9,9,4,
18,21,12,4,10,4,11,11,10,4,4,4,6,7,8,9,9,4,10,4,4,4,17,6,8,9,9,10,4,4,10,4,4,17,6,8,9,9,10,10,1,2,17,6,8,9,9,10,3,3,10,10,12,4,4,4,5,
4,4,4,4,4,4,20,4,4,4,3,3,20,4,4,4,4,4,4,4,4,4,4,4,4,4,19,4,4,4,4,4,4,4,1,2,2,
15,14,13,16,12,4,4,4,1,2,3,3,4,4,4,10,10,10,6,17,8,9,9,10,10,10,10,10,12,4,5,7,6,8,9,9,4,10,10,10,10,10,10,10,10,11,11,10,10,
22,12,22,12,12,12,4,4,1,2,3,3,12,12,12,12,12,12,15,13,16,14,12,10,11,11,10,22,22,4,22,12,4,4,5,22,6,7,12,12,8,9,9,4,10,10,22,22,12,10,10,22,10,10,22,22,
4,18,4,1,2,3,3,
1,2,2,20,18,20,
1,2,2,12,21,18,12,20,10,11,11,10,3,3,20,4,4,4,5,6,7,8,9,9,4,
1,2,3,3,4,4,10,10,5,10,11,11,10,6,7,8,9,9,4,10,10,14,15,13,16,12,4,4,4,12,
4,18,4,4,4,4,4,1,2,2,4,4,4,4,4,4,4,4,4,4,4,4,4,4,4,4,20,3,3,20,
10,10,10,10,1,2,10,3,3,4,5,6,7,8,9,9,4,10,10,10,19,17,10,10,10,
1,2,2,20,3,3,20,4,4,4,4,4,19,4,
1,2,2,20,18,20,
4,4,1,2,3,3,4,19,4,4,4,4,4,4,4,4,4,4,4,4,4,
4,4,4,4,1,2,2,4,4,4,4,4,18,4,20,3,3,20,4,4,4,4,4,4,4,4,
10,4,11,11,10,4,12,12,4,4,17,6,8,9,9,12,22,14,15,16,13,22,12,1,2,3,3,4,4,4,4,4,5,7,6,8,9,9,4,10,17,6,8,9,9,10,10,10,
18,20,1,2,2,20,
4,18,4,1,2,2,20,3,3,20,4,4,4,4,4,4,4,4,
1,2,2,20,18,20,
10,20,3,3,20,4,4,4,10,17,19,10,1,2,2,5,7,6,8,9,9,4,10,10,10,
1,2,18,
4,10,11,11,10,12,5,15,16,14,13,12,6,7,8,9,9,4,10,10,22,22,22,1,2,22,3,3,12,12,22,22,22,12,22,22,
4,4,4,4,4,4,4,4,4,4,4,4,4,4,19,4,4,4,4,4,4,4,4,4,4,4,1,2,3,3,
1,2,2,20,18,20,
4,4,4,4,1,2,4,3,3,4,4,4,4,4,19,4,4,4,
1,2,2,20,18,20,
12,12,10,11,11,10,6,17,8,9,9,12,22,4,22,4,22,11,11,22,12,4,15,16,14,13,12,5,1,2,3,3,6,7,8,9,9,4,10,6,17,8,9,9,10,10,10,12,
1,2,18,
4,1,2,2,4,4,4,4,4,15,14,13,16,12,4,10,5,10,6,7,8,9,9,4,10,17,6,8,9,9,10,4,4,10,10,12,20,3,3,20,10,11,11,10,4,4,
22,5,12,22,10,11,11,10,22,22,12,7,6,8,9,9,4,10,10,10,10,22,22,12,12,12,22,22,1,2,3,3,10,12,10,23,23,23,12,12,4,12,4,12,12,12,12,12,12,15,13,16,14,12,4,22,
1,2,3,3,4,4,4,18,4,
4,4,4,4,4,4,4,4,3,3,20,4,1,2,2,4,4,4,4,4,4,4,4,4,4,4,4,4,19,4,4,4,4,4,4,20,4,4,4,4,4,
20,3,3,20,1,2,2,4,10,5,19,17,10,6,7,8,9,9,4,10,10,4,4,
17,19,10,20,3,3,20,4,5,10,7,6,8,9,9,4,10,10,10,4,1,2,2,10,4,
10,4,17,19,10,20,4,3,3,20,5,7,6,8,9,9,4,1,2,2,10,10,4,
20,18,20,1,2,2,
10,11,11,10,22,10,10,4,10,10,4,12,12,10,20,10,10,10,3,3,20,1,2,2,22,22,12,12,4,13,14,16,15,12,22,22,22,22,22,22,22,22,5,22,6,7,8,9,9,4,22,22,22,
23,18,23,1,2,2,23,23,
1,2,18,
4,10,10,20,3,3,20,10,17,19,10,10,10,4,4,4,4,4,5,7,6,8,9,9,4,1,2,2,4,
10,4,4,1,2,2,12,20,3,3,20,10,4,11,11,10,5,7,6,8,9,9,4,10,14,15,16,13,12,
20,18,20,1,2,2,
12,13,15,14,16,12,10,10,22,22,1,2,2,10,11,11,10,12,12,4,12,4,4,20,3,3,20,22,22,22,4,4,5,7,6,8,9,9,4,10,10,10,12,10,10,12,12,17,6,8,9,9,10,10,10,10,10,12,
10,10,10,22,22,12,12,22,22,10,22,22,22,22,10,12,22,10,22,22,6,17,8,9,9,22,22,22,22,22,22,22,22,12,22,22,22,22,22,22,22,12,12,10,10,22,1,2,2,22,22,4,22,22,22,10,11,11,10,20,22,22,22,22,22,22,22,22,22,3,3,22,20,22,22,22,22,22,22,22,22,22,5,22,22,22,22,22,22,22,22,22,22,6,7,8,9,9,4,22,10,17,6,21,18,8,9,9,10,22,
4,1,2,3,3,5,19,4,
22,22,22,12,22,4,4,4,10,1,2,22,11,11,10,3,3,4,4,22,5,22,22,6,7,8,9,9,4,10,22,22,12,12,10,22,22,12,22,22,13,14,15,16,12,22,10,10,4,4,
10,10,4,1,2,3,3,4,10,10,4,5,10,6,7,8,9,9,4,19,17,10,10,10,10,10,
10,10,10,10,10,17,19,10,1,2,2,10,10,4,20,3,3,20,10,10,10,10,4,4,5,10,10,6,7,8,9,9,4,10,10,
19,4,4,4,1,2,2,4,4,4,20,3,3,20,
4,22,22,22,6,7,8,9,9,4,4,10,22,22,22,22,4,21,18,12,6,17,8,9,9,10,22,10,10,12,12,6,17,8,9,9,10,10,10,12,12,10,4,4,12,22,22,22,22,22,22,10,10,12,22,1,2,3,3,4,12,12,4,4,5,22,22,22,22,22,4,22,12,12,4,4,4,4,12,10,11,11,10,12,
1,2,18,
4,4,4,4,4,4,1,2,2,4,4,18,4,20,3,3,20,4,
1,2,18,
22,22,22,22,6,7,8,9,9,4,10,22,17,6,8,9,9,10,10,10,10,22,10,22,17,6,8,9,9,12,22,22,12,22,22,22,22,22,22,22,4,22,12,10,4,4,1,2,2,4,12,12,4,10,10,4,22,15,14,16,13,22,12,22,12,10,10,6,17,8,9,9,10,10,6,17,8,9,9,10,10,22,22,11,11,22,22,10,22,4,22,4,10,4,20,10,10,11,11,10,10,12,3,3,20,22,10,5,22,
18,4,3,3,20,1,2,2,4,4,4,20,
20,20,1,2,2,20,18,20,
12,12,22,12,12,4,12,4,22,22,16,14,15,13,12,10,11,11,10,12,12,12,22,4,22,12,5,12,12,6,7,8,9,9,4,12,22,22,22,1,2,3,3,12,
1,2,2,20,18,20,
1,2,2,20,18,20,
19,17,10,1,2,2,4,4,20,3,3,20,10,10,4,10,10,5,7,6,8,9,9,4,10,10,10,
4,4,1,2,2,20,4,3,3,20,4,4,19,4,
11,11,10,12,4,4,4,1,2,2,22,5,22,22,6,7,8,9,9,4,22,20,12,12,22,12,12,10,12,20,20,3,3,20,4,15,13,16,14,12,4,
18,20,1,2,2,20,
20,18,20,1,2,2,
4,20,4,20,20,3,3,20,4,4,4,4,4,4,4,4,4,19,1,2,2,4,4,
4,4,19,4,4,4,4,4,4,4,4,4,4,4,4,4,4,4,4,1,2,3,3,4,4,4,4,
20,20,20,18,20,1,2,2,
20,1,2,2,18,20,
20,18,20,1,2,2,
1,2,18,
4,5,10,7,6,8,9,9,4,10,17,6,8,9,9,10,10,17,6,8,9,9,10,10,17,19,17,6,8,9,9,10,10,10,1,2,3,3,10,
1,2,18,
10,1,2,2,10,10,10,10,4,5,6,7,8,9,9,4,10,10,17,19,10,20,10,3,3,20,
1,2,18,
1,2,18,
4,1,2,2,5,7,6,8,9,9,4,10,10,17,19,10,4,4,20,3,3,20,
3,3,20,4,4,4,19,4,1,2,2,4,4,20,
20,1,2,2,18,20,
20,20,1,2,2,20,18,20,
20,18,20,1,2,2,
1,2,18,
1,2,18,
10,10,10,10,10,10,4,10,4,10,4,5,10,10,10,7,6,8,9,9,4,10,10,20,3,3,20,10,10,10,19,17,10,1,2,2,
1,2,18,
1,2,2,20,18,20,
10,4,4,4,4,10,10,10,10,10,10,10,10,1,2,2,20,3,3,20,10,10,10,19,17,10,4,10,10,10,5,10,7,6,8,9,9,4,
4,12,12,10,10,12,12,12,12,4,4,4,12,5,4,22,22,7,6,8,9,9,4,22,14,15,16,13,10,12,4,22,10,22,12,10,20,11,11,10,3,3,20,1,2,2,10,12,10,12,10,12,12,4,10,
1,2,2,20,18,20,
10,5,10,10,4,1,2,4,7,6,8,9,9,4,10,3,3,10,10,10,10,10,10,10,4,4,10,19,17,10,4,
18,21,12,12,12,22,22,1,2,2,10,11,11,10,4,22,22,22,22,4,4,12,4,4,22,4,22,4,22,5,20,3,3,20,6,7,8,9,9,4,10,10,12,
20,18,20,1,2,2,
1,2,2,20,20,20,18,20,
20,1,2,2,3,3,20,22,6,17,8,9,9,10,12,12,10,10,10,22,11,11,10,22,22,12,12,10,10,12,22,22,15,16,14,13,12,10,4,4,22,22,22,22,10,4,22,22,22,22,22,22,22,22,22,11,11,22,5,22,22,6,7,8,9,9,4,10,10,10,10,10,12,10,12,10,12,10,17,6,8,9,9,12,12,12,22,22,10,
3,3,20,12,6,7,8,9,9,4,10,6,17,8,9,9,10,10,10,4,12,12,22,1,2,2,22,22,22,22,12,12,22,10,11,11,10,4,22,22,22,22,10,10,10,12,10,10,10,22,14,13,15,16,12,10,22,10,22,4,22,22,12,12,22,12,20,5,
1,2,2,20,18,20,
1,2,2,23,23,23,23,23,23,23,23,20,18,20,20,20,20,
18,4,1,2,2,20,3,3,20,4,
1,2,18,
12,12,12,12,12,12,12,12,12,12,1,2,3,3,4,4,4,10,11,11,10,5,7,6,8,9,9,4,10,10,10,12,10,16,14,13,15,12,
1,2,18,
6,7,8,9,9,4,18,21,12,10,11,11,10,12,10,17,6,8,9,9,10,10,10,1,2,3,3,4,5,
4,4,10,10,10,10,4,5,7,6,8,9,9,4,10,10,17,19,10,10,1,2,3,3,
5,6,7,8,9,9,4,10,10,4,10,4,6,17,8,9,9,10,10,19,17,10,1,2,3,3,4,4,4,
20,3,3,20,4,1,2,2,18,4,4,4,4,4,20,20,
20,18,20,1,2,2,
10,10,10,10,4,4,1,2,3,3,4,10,5,10,10,7,6,8,9,9,4,10,10,17,6,8,9,9,10,19,17,10,10,10,10,10,10,10,
5,7,6,8,9,9,4,10,10,12,12,10,10,4,4,12,22,1,2,22,3,3,22,17,19,22,10,11,11,10,4,12,12,
20,18,20,1,2,2,
10,10,12,12,10,10,10,18,21,12,10,6,17,8,9,9,10,12,10,10,4,10,10,10,11,11,10,10,1,2,3,3,4,17,6,8,9,9,10,4,10,4,4,4,4,5,6,7,8,9,9,4,10,10,
18,1,2,
1,2,18,
12,22,1,2,10,3,3,10,10,22,10,22,22,22,22,22,4,22,10,10,11,11,10,10,14,13,15,16,12,12,12,5,22,12,6,7,8,9,9,4,12,12,12,22,22,22,22,22,12,12,22,22,22,22,22,10,10,22,12,10,22,10,22,22,22,22,22,22,22,22,
20,18,20,1,2,2,
1,2,18,
4,4,4,4,4,4,4,20,4,4,3,3,20,4,18,4,4,4,4,4,4,4,1,2,2,4,4,4,4,4,4,4,4,4,4,4,4,4,4,4,
10,11,11,10,12,19,17,22,12,22,1,2,3,3,22,4,22,5,12,12,6,7,8,9,9,4,10,10,12,
4,4,4,4,4,4,4,4,4,4,1,2,4,3,3,4,4,4,4,4,4,19,4,4,4,4,
1,2,18,
1,2,18,
20,18,20,1,2,2,
1,2,18,
3,3,4,18,4,1,2,
1,2,18,
1,2,18,
7,6,8,9,9,22,22,4,10,22,10,12,15,14,16,13,12,12,20,10,11,11,10,3,3,20,12,12,12,1,2,2,22,12,4,22,5,
4,18,4,1,2,3,3,
10,11,11,10,10,10,20,3,3,20,1,2,2,4,12,10,10,5,4,10,6,7,17,6,4,8,9,9,10,10,8,9,9,4,10,18,21,12,
1,2,18,
20,18,20,1,2,2,
1,2,18,
10,4,22,4,12,12,4,4,4,5,7,6,8,9,9,4,10,10,10,10,12,12,18,21,12,10,11,11,10,22,22,22,22,10,1,2,3,3,
1,2,18,
1,2,3,3,4,5,6,7,8,9,9,4,10,11,11,10,12,14,16,15,13,12,
1,2,2,20,20,18,4,20,3,3,20,4,4,4,
22,22,22,22,22,12,10,10,11,11,10,10,12,22,22,22,22,1,2,3,3,4,5,21,18,12,22,6,7,8,9,9,4,22,22,22,12,12,22,22,
1,2,3,3,4,18,4,
10,10,10,10,10,11,11,10,12,10,10,1,2,3,3,4,12,12,5,6,7,8,9,9,4,10,21,18,12,10,
4,22,22,22,22,22,12,12,12,15,13,14,16,12,12,12,10,11,11,10,20,3,3,20,4,5,6,7,8,9,9,4,12,1,2,2,10,4,10,
10,10,10,10,10,12,10,10,10,10,10,14,15,16,13,12,10,10,11,11,10,10,10,1,2,3,3,4,5,10,6,7,8,9,9,4,
1,2,18,
4,4,4,18,4,4,1,2,3,3,4,4,4,
1,2,2,20,18,20,
1,2,2,20,18,20,
1,2,2,20,18,20,
1,2,18,
10,10,10,10,10,10,10,10,10,10,10,10,10,10,17,19,10,10,1,2,3,3,4,5,10,7,6,8,9,9,4,
19,17,10,10,1,2,3,3,4,10,10,10,5,10,6,7,8,9,9,4,10,10,17,6,8,9,9,10,10,10,10,10,10,10,10,17,6,8,9,9,10,10,
1,2,18,
10,10,10,1,2,10,3,3,10,10,4,5,6,7,8,9,9,4,10,10,10,17,19,10,10,10,10,
1,2,18,
5,7,6,8,9,9,4,10,10,12,22,10,22,10,12,15,13,16,14,12,10,11,11,10,10,12,12,10,22,22,22,22,22,12,12,1,2,3,3,4,
4,19,4,1,2,3,3,
4,18,4,1,2,2,20,3,3,20,
4,19,4,1,2,3,3,
20,3,3,20,4,18,4,1,2,2,
1,2,18,
22,22,22,22,22,12,12,22,12,22,12,12,22,4,22,22,10,11,11,10,22,1,2,15,16,14,13,12,3,3,22,11,11,22,5,7,6,8,9,9,4,10,10,6,17,8,9,9,22,22,22,22,22,12,12,22,22,22,
10,4,4,10,10,10,10,4,4,17,6,8,9,9,10,10,10,12,10,10,10,10,4,10,1,2,2,20,4,3,3,20,5,4,6,7,8,9,9,4,10,4,18,21,12,10,4,4,4,10,11,11,10,10,4,4,10,10,
6,17,8,9,9,22,22,10,11,11,10,22,22,22,12,22,22,15,16,14,13,22,22,12,12,12,22,12,22,1,2,2,20,22,22,3,3,20,4,22,4,4,4,4,5,6,7,8,9,9,4,
1,2,2,20,18,20,
1,2,18,
1,2,18,
1,2,2,20,18,20,
5,6,7,8,9,9,4,10,10,15,13,14,16,12,10,11,11,10,10,10,12,10,10,1,2,3,3,4,
4,4,1,2,3,3,19,4,4,
5,6,7,8,9,9,4,10,1,2,3,3,10,10,10,4,17,19,10,
1,2,2,20,18,20,
1,2,18,
20,18,20,1,2,2,
4,4,4,4,1,2,2,4,4,4,20,4,4,4,4,4,4,3,3,20,4,4,19,4,4,4,4,
1,2,18,
4,5,6,7,8,9,9,4,10,17,19,10,1,2,3,3,
1,2,2,20,18,20,
7,6,8,9,9,4,10,10,10,10,10,10,10,10,10,4,4,10,10,10,1,2,3,3,10,10,17,19,4,10,5,10,10,10,10,
1,2,18,
1,2,18,
1,2,2,20,3,3,20,4,5,4,4,19,4,
22,6,17,8,9,9,12,22,1,2,3,3,22,11,11,22,4,22,5,10,6,7,8,9,9,4,10,10,12,12,12,22,22,10,10,22,22,16,14,15,13,12,22,22,10,10,10,10,22,17,6,8,9,9,10,10,11,11,10,12,22,22,22,22,
4,22,22,22,22,12,4,12,22,22,12,12,22,22,22,4,12,22,22,12,22,22,22,4,10,4,5,10,10,11,11,10,22,22,7,6,8,9,9,4,4,4,1,2,2,22,22,10,20,10,3,3,20,22,22,22,12,16,13,14,15,12,12,
4,18,4,4,4,1,2,2,20,3,3,20,
10,11,11,10,4,5,7,6,8,9,9,4,10,6,17,8,9,9,10,10,10,22,22,12,22,22,10,10,22,12,6,17,8,9,9,12,1,2,3,3,22,12,12,11,11,22,12,14,16,13,15,12,
1,2,18,
1,2,2,20,20,20,20,20,20,18,20,20,
1,2,18,
4,4,4,4,4,4,4,4,10,1,2,3,3,4,4,4,4,4,4,10,4,4,4,4,10,10,4,10,10,10,5,6,7,8,9,9,4,10,10,10,10,10,10,6,17,8,9,9,10,10,10,10,10,10,10,10,4,10,10,19,17,4,4,4,10,4,4,10,4,4,4,4,4,4,4,4,
1,2,2,20,18,20,
12,12,22,22,22,12,1,2,3,3,22,22,22,12,4,22,22,4,22,13,16,14,15,12,10,11,11,10,4,5,7,6,8,9,9,4,
4,4,18,4,4,4,4,4,4,4,4,1,2,2,4,4,4,4,4,4,4,4,4,4,20,3,3,20,
1,2,18,
20,20,1,2,2,18,20,20,
1,2,18,
1,2,3,3,10,17,19,10,4,5,7,6,8,9,9,4,
5,22,22,6,7,8,9,9,4,22,22,22,12,22,12,12,1,2,2,22,12,4,4,20,12,12,22,22,20,3,3,20,12,12,22,22,22,22,10,11,11,10,22,12,4,22,22,20,16,13,15,14,12,
22,22,22,22,10,10,12,10,22,4,22,10,10,22,10,12,6,17,8,9,9,12,22,5,15,14,16,13,22,6,7,8,9,9,4,10,10,17,6,8,9,9,10,10,10,10,4,11,11,10,12,12,4,12,12,12,1,2,12,3,3,22,22,12,10,22,10,10,10,12,12,10,22,12,22,22,22,22,23,23,23,12,22,22,
4,4,4,5,19,4,1,2,3,3,
1,2,2,20,20,18,20,20,
10,11,11,10,4,20,4,3,3,20,12,1,2,2,18,21,12,4,5,7,6,8,9,9,4,10,10,
10,12,12,10,4,20,22,3,3,20,5,7,6,8,9,9,4,1,21,18,2,2,22,12,10,11,11,10,
10,10,10,10,6,17,4,8,9,9,10,10,4,10,10,10,4,10,10,10,10,10,10,10,20,10,20,10,20,20,4,10,10,10,4,10,10,4,4,10,4,4,4,10,5,20,3,3,20,10,1,2,2,7,6,8,9,9,4,10,10,4,4,4,10,10,4,10,4,10,
15,14,13,16,12,10,4,10,4,4,5,6,7,8,9,9,4,10,11,11,12,10,1,2,3,3,
4,17,19,10,5,6,7,8,9,9,4,10,10,1,2,3,3,10,
20,18,20,1,2,2,
4,4,4,20,19,4,1,2,2,4,20,4,20,3,3,20,
20,18,20,1,2,2,
10,12,12,5,7,6,8,9,9,4,10,10,10,10,10,10,10,10,10,12,10,22,15,14,13,16,22,10,10,11,11,10,12,12,10,1,2,2,20,3,3,20,4,10,
12,10,11,11,10,22,12,10,10,12,22,22,22,22,1,2,3,3,4,5,6,7,8,9,9,4,12,12,12,12,12,22,22,22,12,12,22,12,15,16,14,13,12,12,22,12,
1,2,2,20,3,3,20,4,18,4,
10,17,6,8,9,9,10,12,22,22,22,10,11,11,10,12,12,12,22,6,17,8,9,9,12,22,15,16,14,13,22,22,1,2,3,3,4,5,6,7,8,9,9,4,
4,4,4,22,4,1,2,2,22,22,22,22,12,22,10,11,11,10,20,4,4,10,12,12,4,5,10,22,7,6,8,9,9,4,10,10,22,22,12,22,22,22,22,3,3,20,22,15,16,14,13,12,22,22,22,12,22,22,22,12,12,
1,2,3,3,4,5,18,4,
1,2,2,20,18,20,
10,4,19,17,10,1,2,3,3,5,6,7,8,9,9,4,
20,20,1,2,2,20,20,18,
1,2,2,4,4,4,4,4,4,5,4,4,4,19,4,4,4,4,20,3,3,20,4,4,4,4,4,
17,6,8,9,9,10,10,1,2,2,10,4,4,4,10,19,17,10,4,4,20,3,3,20,5,10,10,6,7,8,9,9,4,10,
1,2,18,
1,2,2,20,18,20,
10,4,10,10,1,2,3,3,4,10,10,4,5,6,7,8,9,9,4,4,10,10,10,17,19,10,10,4,10,4,10,4,10,10,10,
10,10,10,11,11,10,12,18,21,12,1,2,3,3,10,10,4,5,6,7,8,9,9,4,10,10,10,10,
10,15,13,14,16,12,22,10,11,11,10,22,22,22,22,22,22,22,22,10,22,10,22,10,12,12,12,12,22,22,12,12,22,12,10,1,2,10,3,3,4,10,12,12,4,4,5,22,7,6,8,9,9,4,22,10,10,10,
1,2,18,
10,1,2,3,3,4,5,6,7,8,9,9,4,10,10,10,11,11,10,12,15,13,14,16,12,10,
1,2,2,20,3,3,20,4,18,4,
10,1,2,3,3,10,10,4,10,10,5,10,19,17,6,7,8,9,9,10,4,10,10,
1,2,18,
20,18,20,1,2,2,
1,2,18,
1,2,2,20,18,20,
4,4,4,4,4,4,1,2,3,3,4,4,4,4,4,19,4,4,4,4,4,
4,4,4,18,4,1,2,2,4,4,20,3,3,20,
4,4,4,10,5,10,6,7,8,9,9,4,10,17,19,10,10,10,10,4,4,10,1,2,2,20,3,3,20,
1,2,3,3,18,21,12,12,10,4,10,10,5,10,7,6,8,9,9,4,10,10,10,11,11,10,
1,2,3,3,4,19,4,
1,2,2,4,20,4,3,3,20,4,18,4,
4,4,4,4,4,4,1,2,2,20,3,3,20,4,4,4,4,4,4,18,4,4,4,4,
22,10,22,22,22,22,22,22,12,22,22,22,4,10,11,11,10,4,22,22,22,22,1,2,2,22,22,22,22,22,22,22,22,22,22,22,12,12,4,19,17,22,22,20,3,3,20,22,22,10,22,10,22,12,12,22,12,22,22,4,4,5,22,7,6,8,9,9,4,10,
6,7,8,9,9,4,10,22,12,22,17,6,8,9,9,10,10,10,6,17,8,9,9,10,10,22,22,17,6,8,9,9,10,22,10,22,22,22,10,12,12,10,11,11,10,12,1,2,3,3,12,12,10,12,12,10,22,22,17,6,8,9,9,10,10,10,4,10,6,17,8,9,9,12,22,5,15,13,16,14,22,10,22,
5,6,7,8,9,9,4,10,11,11,10,12,15,14,13,16,12,1,2,2,20,3,3,20,4,
10,10,10,10,10,10,10,10,10,10,10,10,1,2,10,3,3,10,10,10,19,17,4,10,10,5,10,10,7,6,8,9,9,4,10,10,10,
12,12,10,11,11,10,12,1,2,3,3,4,5,12,15,13,14,16,12,7,6,8,9,9,4,10,10,22,22,22,
1,2,2,20,3,3,20,4,18,4,
1,2,18,
1,2,18,
4,4,4,4,10,4,4,10,10,10,4,4,10,10,4,4,4,5,4,4,4,4,4,6,7,8,9,9,4,10,10,4,10,1,2,3,3,10,
1,2,18,
10,1,2,3,3,5,4,10,10,6,7,8,9,9,4,4,10,10,10,17,6,8,9,9,10,10,17,6,8,9,9,10,10,10,17,6,6,17,8,9,9,8,9,9,10,10,10,10,10,10,10,10,17,19,10,4,10,10,
10,10,10,10,10,10,10,1,2,3,3,10,19,17,4,5,6,7,8,9,9,4,10,
1,2,2,4,4,4,4,20,3,3,20,4,5,19,4,
10,10,5,4,6,7,8,9,9,4,4,10,10,10,10,10,4,10,4,4,10,4,10,10,1,2,2,10,20,3,3,20,10,19,17,4,4,4,4,4,4,4,4,4,
1,2,18,
1,2,2,20,18,20,
10,10,10,4,4,12,10,10,12,12,4,4,4,1,2,2,4,4,10,11,11,10,20,18,21,12,3,3,20,5,4,4,7,6,8,9,9,4,10,10,10,4,4,4,4,
1,2,2,4,10,11,11,10,4,4,4,5,20,3,3,20,6,7,8,9,9,4,12,12,12,14,16,13,15,12,4,
12,22,12,10,10,15,14,13,16,11,11,10,12,22,22,22,10,1,2,3,3,10,10,4,10,5,6,7,8,9,9,4,10,22,11,11,22,6,17,8,9,9,10,10,22,10,22,22,10,12,12,17,6,8,9,9,22,
22,18,21,22,10,1,2,3,3,10,11,11,10,10,22,22,22,22,22,4,4,4,5,22,6,7,12,22,8,9,9,4,10,10,12,10,10,22,10,10,12,12,12,
10,10,21,18,12,1,2,2,20,3,3,20,10,11,11,10,4,10,5,10,6,7,8,9,9,4,10,10,12,
1,2,18,
1,2,18,
5,10,10,10,6,7,8,9,9,4,10,17,6,8,9,9,10,10,10,10,10,10,10,10,1,2,3,3,10,19,17,4,
10,4,17,19,10,5,7,6,8,9,9,4,20,3,3,20,1,2,2,
1,2,2,4,4,12,22,22,22,10,11,11,10,4,5,22,6,7,8,9,9,4,12,20,15,16,14,13,12,4,3,3,20,12,12,12,4,22,22,10,12,22,10,10,10,
10,1,2,3,3,10,10,10,10,10,10,4,5,6,7,8,9,9,4,10,10,10,10,10,10,10,17,19,10,10,10,10,10,
1,2,18,
4,4,4,4,4,18,4,1,2,3,3,4,4,
4,5,7,6,8,9,9,4,10,1,2,3,3,10,12,12,10,11,11,10,15,14,16,13,12,12,
4,4,5,6,7,8,9,9,4,1,2,2,20,3,3,20,10,17,19,10,4,
10,4,10,5,7,6,8,9,9,4,10,11,11,10,22,22,12,1,2,22,3,3,12,12,12,16,15,14,13,12,
1,2,18,
10,11,11,10,15,14,13,16,12,4,4,5,4,6,7,8,9,9,4,4,10,10,4,20,4,1,2,2,3,3,20,12,4,
4,4,4,4,4,4,4,4,4,19,4,1,2,3,3,4,
3,3,22,12,22,22,22,22,4,12,10,11,11,10,4,4,13,15,14,16,12,12,12,5,7,6,8,9,9,4,22,22,1,2,
1,2,3,3,10,10,4,4,10,4,4,10,4,10,10,5,7,6,8,9,9,4,10,10,10,10,10,4,4,10,4,10,19,17,4,10,10,10,10,
10,11,11,10,16,14,15,13,12,1,2,3,3,4,4,4,12,5,7,6,8,9,9,4,
4,12,4,13,16,14,15,12,4,12,22,5,1,2,2,6,7,8,9,9,4,22,22,22,22,22,22,12,12,20,12,10,11,11,10,3,3,20,12,4,4,12,12,
1,2,18,
4,4,4,4,4,4,4,4,4,4,4,4,4,4,4,1,2,2,4,20,4,3,3,20,4,4,4,4,4,18,4,4,4,4,4,4,
4,5,7,6,8,9,9,4,10,17,6,8,9,9,10,10,17,19,10,1,2,2,20,10,3,3,20,10,
4,18,4,4,1,2,3,3,4,
1,2,2,20,18,20,
1,2,18,
1,2,18,
1,2,18,
18,20,1,2,2,20,
10,4,10,4,10,10,4,10,4,4,4,10,10,4,4,10,10,4,4,4,4,10,4,10,1,2,3,3,4,4,5,6,7,8,9,9,4,17,10,19,4,4,10,10,10,10,10,
4,18,4,1,2,3,3,
4,10,4,4,4,10,4,10,10,4,5,6,7,8,9,9,4,10,4,4,10,4,4,10,10,10,4,1,2,3,3,4,10,19,17,10,10,4,10,10,10,
4,4,12,4,4,15,13,16,14,12,10,10,4,4,4,4,4,4,4,4,4,4,4,4,12,4,4,10,10,4,5,10,4,11,11,10,4,6,7,8,9,9,4,10,10,10,10,17,6,8,9,9,10,10,10,1,2,3,3,10,12,
20,18,20,1,2,2,
4,4,4,5,7,6,8,9,9,4,10,17,19,1,2,3,3,
1,2,18,
10,17,19,10,4,4,4,5,6,7,8,9,9,4,1,2,3,3,
4,20,4,3,3,20,4,12,5,6,7,8,9,9,4,10,11,11,10,1,2,2,21,18,12,
1,2,18,
1,2,2,20,18,20,
22,22,6,7,8,9,9,4,22,22,4,12,12,22,22,12,10,12,15,14,13,16,12,10,11,11,10,22,17,6,12,12,8,9,9,10,10,20,10,12,22,1,2,2,22,22,22,22,22,3,3,20,22,22,22,22,4,4,22,5,
22,20,12,12,4,4,4,4,22,3,3,20,22,22,12,12,22,22,22,22,4,4,22,4,4,4,4,4,12,4,22,4,22,12,22,22,22,4,4,22,22,22,22,1,2,2,5,12,7,6,20,8,9,9,4,15,13,14,16,12,22,22,20,10,20,11,11,10,22,22,20,
7,6,8,9,9,4,10,10,10,19,17,10,10,10,1,2,3,3,4,5,
10,10,17,6,8,9,9,10,1,2,2,20,3,3,20,4,5,10,7,6,19,17,10,8,9,9,4,10,
20,1,2,2,18,20,
1,2,18,
18,20,1,2,2,20,
1,2,18,
4,10,12,22,22,22,12,12,12,22,22,22,12,12,12,12,22,12,1,2,2,22,20,20,20,22,20,20,12,12,12,20,12,20,20,20,3,3,20,12,4,22,22,14,15,13,16,12,5,10,10,6,7,11,11,10,8,9,9,
12,4,5,22,4,22,22,4,4,4,22,22,12,4,4,4,12,15,14,13,16,12,22,22,12,4,4,4,12,12,4,22,22,22,4,12,12,22,4,22,10,12,10,22,10,10,10,10,22,12,12,12,22,22,12,22,22,12,12,4,12,4,22,12,12,12,12,12,22,12,12,22,1,2,2,22,4,22,22,22,22,22,4,20,4,4,12,3,3,20,12,12,22,12,10,4,22,22,22,22,11,11,10,4,12,12,4,4,12,4,22,4,22,12,22,6,7,8,9,9,4,22,4,12,4,22,4,
20,20,4,3,3,20,4,20,4,4,1,2,2,4,19,4,4,4,4,
20,18,20,1,2,2,
1,2,2,20,18,4,3,3,20,20,20,4,4,4,4,4,4,4,4,4,4,4,
1,2,18,
4,4,4,4,4,4,4,1,2,3,3,4,19,4,4,4,4,4,
10,22,10,22,22,22,10,10,10,12,10,10,11,11,10,12,12,22,22,22,15,16,14,13,12,22,22,1,2,2,20,3,3,20,4,12,10,10,5,6,7,8,9,9,4,
10,22,11,11,10,1,2,3,3,4,4,22,4,10,22,10,10,10,5,10,22,6,7,8,9,9,4,10,10,12,12,10,22,10,17,6,8,9,9,10,12,19,17,22,22,22,
1,2,3,3,4,5,19,4,
12,10,11,11,10,12,22,15,14,13,16,12,22,12,12,22,22,12,12,22,11,11,22,22,22,22,6,17,8,9,9,22,1,2,3,3,4,5,12,12,6,7,8,9,9,4,22,22,22,22,
10,10,12,10,1,2,3,3,4,16,14,13,15,12,5,10,11,11,10,6,7,8,9,9,4,10,
21,18,12,4,4,4,4,4,4,10,11,11,10,4,4,4,4,4,4,4,4,4,10,5,6,7,8,9,9,4,10,10,10,4,4,4,4,1,2,2,20,4,4,3,3,20,4,12,4,4,4,4,4,12,12,
4,4,4,4,4,4,4,4,4,4,4,4,1,2,3,3,4,18,4,
4,4,4,20,4,4,4,4,20,4,4,18,4,1,2,2,20,3,3,20,
1,2,18,
4,4,4,18,4,1,2,2,20,3,3,20,4,4,4,4,
12,12,10,10,12,12,12,22,22,4,22,12,10,22,22,11,11,10,22,4,22,22,1,2,2,22,22,22,22,20,19,17,22,5,22,22,3,3,20,7,6,10,8,9,9,4,10,22,10,10,10,10,4,22,
10,10,10,17,19,10,1,2,3,3,4,5,7,6,8,9,9,4,10,17,6,8,9,9,10,10,10,
4,4,19,4,1,2,3,3,4,
18,20,20,1,2,2,20,20,
4,4,4,4,1,2,4,3,3,4,4,4,4,4,4,4,4,4,4,4,4,4,19,4,4,4,4,4,4,4,4,4,
17,6,22,8,9,9,12,22,4,10,22,1,2,3,3,10,12,5,11,11,22,14,13,15,16,12,7,6,8,9,9,4,10,17,6,8,9,9,10,10,11,11,10,12,
4,4,4,4,22,22,22,6,17,8,9,9,10,10,5,10,10,10,1,2,2,4,4,22,6,7,8,9,9,4,12,12,12,12,12,12,22,10,22,22,11,11,10,10,22,6,17,8,9,9,10,12,10,10,4,20,22,22,3,3,20,18,21,12,4,4,10,
10,11,11,10,4,4,12,10,10,10,4,4,10,10,10,10,10,10,10,4,1,2,2,10,10,22,10,22,5,20,7,6,8,9,9,4,3,3,20,17,6,8,9,9,10,10,10,12,12,
1,2,18,
18,20,1,2,2,20,
1,2,18,
1,2,18,
1,2,18,
1,2,18,
1,2,2,20,18,20,
4,4,18,4,1,2,2,20,3,3,20,4,
1,2,18,
1,2,18,
20,3,3,20,4,18,4,1,2,2,
5,6,7,8,9,9,4,22,14,15,16,13,22,10,10,12,12,22,22,22,22,10,11,11,10,10,6,17,8,9,9,10,10,10,10,10,10,10,10,10,12,22,22,1,2,3,3,4,
10,10,10,10,10,17,19,10,4,4,5,10,6,7,8,9,9,4,10,10,10,10,10,20,3,3,20,10,10,4,4,4,1,2,2,
20,18,20,1,2,2,
22,6,7,8,9,9,4,22,22,22,22,12,12,22,12,12,1,2,3,3,22,22,22,22,22,22,12,22,22,22,10,11,11,10,18,21,12,12,22,22,12,4,12,12,12,12,22,5,
4,4,4,4,1,2,4,3,3,4,4,18,4,4,4,4,4,4,4,
10,12,22,22,22,22,22,22,22,22,15,14,16,13,22,10,4,1,2,3,3,10,11,11,10,5,10,7,6,8,9,9,4,12,12,22,22,10,4,4,22,
20,1,2,2,18,20,
10,1,2,2,17,6,8,9,9,10,4,22,5,7,6,8,9,9,4,12,12,20,22,22,10,22,12,17,6,8,9,9,10,10,3,3,20,10,15,14,13,16,12,10,22,10,10,11,11,10,12,4,4,22,22,
1,2,2,20,18,20,
1,2,18,
20,18,20,1,2,2,
20,18,20,1,2,2,
10,4,17,19,10,5,6,7,8,9,9,4,10,17,6,8,9,9,10,10,17,6,8,9,9,10,10,17,6,8,9,9,10,10,10,1,2,3,3,
12,22,22,22,1,2,2,22,4,22,20,3,3,20,5,10,7,6,8,9,9,4,11,11,10,10,17,6,8,9,9,10,22,12,22,17,6,8,9,9,12,22,16,14,13,15,22,12,12,22,22,
1,2,2,20,20,20,18,20,
1,2,18,
1,2,18,
1,2,2,20,18,20,
10,10,10,10,10,10,10,1,2,3,3,4,4,4,5,6,7,8,9,9,4,10,10,10,10,10,10,17,6,8,9,9,10,10,10,
1,2,18,
1,2,18,
20,18,20,1,2,2,
1,2,18,
1,2,2,20,18,20,
23,1,2,2,23,23,23,18,
22,10,10,22,10,11,11,10,12,12,10,10,22,22,22,1,2,2,20,3,3,20,12,4,22,22,22,5,7,6,8,9,9,4,10,10,22,21,18,22,
18,4,1,2,3,3,4,
5,12,7,6,8,9,9,4,10,10,10,10,15,14,13,16,12,10,11,11,10,1,2,3,3,4,10,4,6,17,8,9,9,10,4,4,4,
22,22,22,22,22,22,12,22,22,5,22,6,7,8,9,9,4,10,22,10,22,22,22,22,22,12,22,21,18,22,22,22,22,22,10,11,11,10,22,22,22,22,22,22,12,1,2,2,22,22,20,3,3,20,22,22,22,22,12,12,4,22,
6,7,8,9,9,4,4,4,10,17,19,10,1,2,3,3,4,4,4,5,
1,2,18,
12,5,6,7,8,9,9,4,16,13,14,15,12,10,10,17,6,8,9,9,10,10,10,10,10,6,17,8,9,9,10,1,2,3,3,10,10,10,11,11,10,4,4,4,
10,10,11,11,10,21,18,12,1,2,3,3,10,10,4,4,4,10,10,12,5,7,6,8,9,9,4,10,
4,4,4,4,4,4,4,4,4,4,4,4,4,4,4,1,2,3,3,4,4,4,4,4,4,4,4,4,4,4,19,4,4,4,4,4,
22,12,10,11,11,10,22,22,22,22,22,22,22,22,22,22,22,22,22,22,22,22,22,22,12,22,22,22,22,22,22,1,2,22,3,3,4,22,22,22,22,22,12,12,22,5,12,7,6,8,9,9,4,22,10,22,22,12,12,10,22,22,22,22,22,15,14,16,13,12,22,22,22,11,11,22,22,22,22,22,22,22,22,12,22,22,22,22,17,6,22,8,9,9,22,22,22,22,22,12,17,6,8,9,9,22,22,22,22,22,22,
4,4,10,11,11,10,12,4,20,3,3,16,15,13,14,20,12,5,1,2,2,6,7,8,9,9,4,10,6,17,8,9,9,10,10,10,
4,4,4,4,4,4,4,4,4,4,4,4,4,4,4,4,4,19,4,4,4,4,4,1,2,3,3,4,4,4,
20,18,20,20,20,1,2,2,
10,1,2,3,3,4,10,4,4,10,5,7,6,8,9,9,4,10,10,10,10,10,10,10,10,10,17,19,10,10,4,10,4,
4,4,1,2,3,3,5,4,4,10,11,11,10,7,6,8,9,9,4,10,12,6,17,8,9,9,10,10,18,21,12,10,4,4,4,
15,16,14,13,12,4,12,10,4,10,4,1,2,2,12,10,11,11,10,20,4,4,5,3,3,20,7,6,8,9,9,4,20,10,17,6,8,9,9,10,20,12,
1,2,18,
4,10,10,5,6,7,8,9,9,4,10,6,17,8,9,9,10,1,2,3,3,10,17,6,8,9,9,12,22,11,11,22,12,14,13,15,16,12,10,10,11,11,10,12,
5,15,14,13,16,12,7,6,8,9,9,4,10,10,4,4,12,4,4,1,2,3,3,10,4,10,10,11,11,10,
10,22,22,12,4,22,4,4,4,15,14,13,16,12,22,10,11,11,10,10,4,17,6,12,8,9,9,22,12,12,10,12,22,22,22,5,1,2,22,3,3,22,22,22,22,12,6,7,8,9,9,4,22,22,22,4,4,12,22,22,10,22,12,12,12,12,22,10,10,6,17,8,9,9,10,22,10,12,11,11,22,
1,2,18,
1,2,2,20,18,20,
10,6,7,8,9,9,4,10,4,10,4,4,4,10,10,10,10,10,19,17,10,1,2,3,3,10,10,10,10,4,10,5,
4,4,10,10,10,10,4,10,5,10,10,10,7,6,8,9,9,4,10,10,10,10,17,6,8,9,9,10,10,1,2,2,4,10,4,10,17,19,20,3,3,20,10,10,10,10,10,
12,5,22,6,7,8,9,9,4,10,17,6,8,9,9,10,22,10,21,18,12,17,6,8,9,9,10,10,4,4,22,22,10,4,4,4,22,22,4,12,22,22,10,22,10,4,4,10,11,11,10,10,10,1,2,3,3,22,4,4,22,22,22,4,22,22,12,12,22,4,22,4,
4,5,18,4,4,4,1,2,3,3,4,4,
4,12,5,10,12,6,7,8,9,9,4,10,10,12,10,12,21,18,12,10,10,12,1,2,3,3,12,10,10,12,10,11,11,10,
4,4,4,1,2,2,4,19,4,20,3,3,20,4,
4,1,2,3,3,4,5,10,11,11,10,7,6,8,9,9,4,10,10,10,10,12,21,18,12,4,
1,2,2,20,18,20,
1,2,18,
1,2,2,20,18,20,
4,4,5,6,7,8,9,9,4,4,4,4,16,15,13,14,12,4,10,11,11,10,4,4,4,1,2,12,3,3,
1,2,18,
10,11,11,10,12,1,2,2,5,6,7,8,9,9,4,20,3,3,20,12,12,12,4,12,15,13,14,16,12,
18,4,1,2,2,20,20,20,3,3,20,4,
10,10,1,2,4,3,3,10,19,17,10,4,4,5,6,7,8,9,9,4,10,6,17,8,9,9,10,10,10,10,10,10,10,10,10,
22,22,22,22,4,1,2,2,22,22,4,22,10,12,22,10,22,22,22,12,12,4,22,22,5,20,22,22,6,7,8,9,9,4,10,22,10,22,22,21,18,12,12,22,22,3,3,20,22,22,22,22,22,22,10,22,22,11,11,10,22,
10,10,4,4,4,4,4,4,5,4,4,4,6,7,8,9,9,4,10,10,10,10,1,2,2,4,10,4,10,4,4,4,4,4,4,4,10,19,17,10,20,4,3,3,20,10,4,10,4,4,10,10,4,10,
4,18,4,1,2,2,20,3,3,20,
1,2,2,20,3,3,20,4,18,4,
1,2,18,
4,4,4,4,4,4,4,4,4,4,4,4,1,2,2,4,4,4,4,4,4,20,3,3,20,4,4,4,19,4,
4,4,4,4,4,4,4,20,20,4,20,3,3,20,4,4,4,4,4,4,4,10,4,4,10,4,4,4,4,10,4,10,10,10,4,4,4,4,4,4,4,4,4,4,4,10,4,10,4,4,4,10,10,10,5,10,4,6,7,8,9,9,4,10,10,10,4,10,10,4,4,10,19,17,4,4,10,1,2,2,10,10,4,4,10,20,20,20,10,4,4,10,4,10,
3,3,4,4,4,5,6,7,8,9,9,4,10,11,11,10,12,15,13,14,16,12,1,2,
1,2,18,
4,4,12,12,4,5,22,1,2,2,6,7,8,9,9,4,10,10,10,6,17,8,9,9,12,22,15,14,13,16,22,17,6,8,9,9,10,10,10,10,6,17,8,9,9,10,10,10,10,10,12,12,22,22,22,20,10,11,11,10,3,3,20,22,22,22,
10,10,10,10,10,10,10,10,10,10,10,10,10,10,1,2,3,3,10,4,5,7,6,8,9,9,4,10,17,19,10,10,10,10,10,
1,2,18,
12,22,22,22,15,13,14,16,12,22,22,22,22,1,2,3,3,4,5,6,7,8,9,9,4,10,11,11,10,12,12,12,
10,10,10,10,6,7,8,9,9,4,10,10,10,19,17,10,10,10,10,10,10,4,10,10,10,1,2,3,3,4,4,5,
20,20,20,18,20,1,2,2,
1,2,18,
20,20,20,18,20,1,2,2,
10,10,10,10,10,1,2,3,3,10,10,6,7,8,9,9,4,10,10,10,10,4,4,10,17,19,10,10,4,10,5,
1,2,18,
1,2,18,
1,2,2,20,18,20,
20,1,2,2,18,20,
6,7,19,17,22,22,22,8,9,9,4,22,10,22,17,6,8,9,9,10,22,22,22,22,22,22,22,22,22,22,22,22,22,22,22,22,22,22,22,1,2,22,3,3,22,12,22,22,22,22,22,10,22,10,6,17,8,9,9,10,22,10,4,10,11,11,10,12,12,22,5,22,22,
1,2,2,20,18,20,
10,11,11,10,12,1,2,3,3,4,12,5,6,7,8,9,9,4,10,10,14,15,13,16,12,12,
10,4,5,10,10,10,10,10,10,10,10,6,7,8,9,9,4,10,10,10,1,2,2,10,4,10,10,4,10,20,3,3,20,10,10,10,10,4,17,19,10,10,4,10,10,10,4,4,
10,11,11,10,12,10,6,17,8,9,9,10,1,2,2,10,20,10,3,3,20,4,21,18,12,5,6,7,8,9,9,4,
1,2,18,
1,2,2,20,18,20,
1,2,2,20,18,20,
1,2,18,
1,2,3,3,4,4,4,18,4,
1,2,18,
1,2,18,
1,2,18,
1,2,18,
4,4,6,7,8,9,9,4,4,12,22,22,10,11,11,10,10,4,10,4,22,22,1,2,2,20,3,3,20,4,22,5,12,10,10,15,16,14,13,12,12,12,4,
1,2,18,
6,7,8,9,9,4,10,4,1,4,2,3,3,22,22,12,12,22,10,11,11,10,10,12,12,12,4,12,21,18,12,22,22,5,
1,2,2,20,18,20,
1,2,18,
10,10,10,10,1,2,3,3,10,17,19,10,4,10,10,5,6,7,8,9,9,4,10,10,10,10,
1,2,18,
1,2,18,
10,11,11,10,12,12,12,1,2,3,3,4,4,4,4,4,5,6,7,8,9,9,4,10,16,13,15,14,12,10,
20,18,20,1,2,2,
1,2,3,3,22,12,12,18,21,22,22,22,12,12,4,22,22,12,22,22,22,12,5,22,10,11,11,10,6,7,8,9,9,4,10,10,22,22,22,
1,2,18,
4,10,10,10,10,10,4,10,10,4,4,1,2,2,5,17,6,8,9,9,10,20,10,6,7,8,9,9,4,10,10,3,3,20,10,10,4,4,10,4,4,10,10,4,
1,2,2,20,18,20,
1,2,18,
4,19,4,1,2,3,3,
10,10,10,10,10,10,10,17,6,8,9,9,10,10,10,4,10,10,10,10,5,1,2,3,3,6,7,8,9,9,4,10,10,10,10,
4,4,1,2,2,4,20,3,3,20,18,4,
19,4,1,2,3,3,4,
1,2,18,
1,2,18,
1,2,2,20,3,3,20,4,18,4,
1,2,2,20,20,20,18,20,
1,2,2,20,18,20,
10,16,14,15,13,12,10,10,10,10,10,11,11,10,12,1,2,3,3,4,5,6,7,8,9,9,4,10,
1,2,18,
1,2,2,20,20,20,18,20,
1,2,18,
4,4,19,4,1,2,4,3,3,4,5,4,4,4,
1,2,18,
1,2,2,20,18,20,
10,16,14,13,15,12,12,22,22,1,2,2,20,3,3,20,4,12,12,5,7,6,8,9,9,4,22,22,22,22,12,10,11,11,10,12,12,22,10,10,17,6,8,9,9,10,10,10,
4,4,10,4,1,2,3,3,10,4,10,10,4,10,10,5,6,7,8,9,9,4,19,10,17,10,10,
10,10,4,4,4,4,4,5,6,7,8,9,9,4,1,2,3,3,12,10,11,11,10,15,16,14,13,12,
1,2,18,
12,12,10,11,11,10,4,5,22,7,6,8,9,9,4,12,22,22,22,22,1,2,3,3,22,22,17,19,22,
1,2,18,
4,19,4,1,2,3,3,
1,2,18,
4,10,11,11,10,22,22,13,14,16,15,12,12,12,12,22,22,22,22,22,22,22,22,22,6,17,8,9,9,22,22,22,23,22,23,23,23,23,10,22,22,22,22,22,10,4,22,4,4,4,5,4,12,6,7,8,9,9,4,22,22,22,11,11,22,22,12,10,4,4,10,10,1,2,3,3,10,10,12,22,10,12,12,12,22,4,
4,4,4,20,18,4,1,2,2,3,3,20,
20,18,20,1,2,2,
20,18,20,1,2,2,
1,2,2,20,18,20,
22,22,1,2,3,3,22,22,4,4,4,18,21,22,5,22,6,7,8,9,9,4,12,12,10,11,11,10,22,22,12,
20,18,20,1,2,2,
18,4,1,2,2,20,3,3,20,4,
22,7,6,8,9,9,4,12,22,22,12,12,22,22,22,22,22,10,10,4,10,10,22,22,4,22,22,22,1,2,12,3,3,10,22,11,11,10,22,22,22,10,10,4,22,22,22,22,22,22,5,21,18,12,
1,2,18,
4,10,11,11,10,4,4,4,12,10,5,6,7,8,9,9,4,10,4,4,12,4,4,12,21,18,12,10,10,4,4,4,4,4,4,4,4,1,2,3,3,4,4,4,4,4,
22,22,4,4,4,12,22,22,4,4,12,12,10,5,11,11,10,12,6,7,8,9,9,4,22,20,3,3,20,22,22,22,20,22,4,10,4,20,10,4,4,1,2,2,16,13,15,14,12,
4,10,4,10,5,4,10,10,10,6,7,8,9,9,4,19,17,10,4,10,10,10,10,1,2,3,3,4,
12,12,1,2,3,3,14,15,13,16,12,5,6,7,8,9,9,4,10,10,12,4,4,4,4,4,10,11,11,10,
4,19,4,4,4,1,2,4,4,3,3,4,4,4,4,4,4,4,4,4,4,4,4,4,4,4,4,4,4,4,4,4,4,4,4,4,4,4,4,
20,20,20,1,2,2,20,18,20,20,
22,12,22,12,12,22,17,6,8,9,9,22,11,11,22,22,10,11,11,10,4,12,4,12,4,22,1,2,22,3,3,22,22,22,5,6,7,8,9,9,4,15,14,16,13,12,22,22,22,22,12,12,
3,3,20,4,4,4,4,4,4,4,4,1,2,2,4,4,4,4,4,19,4,4,20,
1,2,18,
10,10,20,6,17,8,9,9,10,3,3,20,12,12,4,22,10,11,11,10,10,10,22,22,22,4,4,22,5,7,6,8,9,9,4,22,10,1,2,2,6,17,8,9,9,10,22,10,22,19,17,22,22,22,10,10,12,10,10,10,10,10,17,6,8,9,9,10,10,22,10,22,22,22,22,
7,6,8,9,9,4,12,10,10,20,10,20,17,6,8,9,9,10,10,10,4,4,12,22,11,11,22,10,11,11,10,1,2,2,12,17,6,8,9,9,12,22,22,22,22,22,4,22,10,20,3,3,20,12,14,15,13,16,12,10,5,
4,20,4,4,4,4,4,4,4,4,20,4,4,3,3,20,4,4,4,4,4,4,20,4,19,4,4,4,1,2,2,
22,22,22,10,11,11,10,22,22,22,22,4,22,5,7,6,8,9,9,4,10,10,10,6,17,8,9,9,22,10,22,22,22,22,19,17,22,10,22,17,6,8,9,9,10,22,22,22,22,22,22,12,12,12,4,22,22,1,2,22,22,22,22,3,3,22,4,
1,2,18,
10,10,5,10,10,10,7,6,8,9,9,4,19,17,10,10,10,6,17,8,9,9,10,10,10,10,1,2,3,3,10,10,10,4,10,10,10,10,10,10,10,
1,2,3,3,10,10,4,21,18,12,10,11,11,10,5,6,7,8,9,9,4,4,4,12,
4,20,3,3,20,19,4,1,2,2,
10,10,22,22,22,22,10,12,22,22,10,12,12,4,4,4,4,12,12,12,12,12,12,4,12,5,1,2,10,3,3,10,7,6,8,9,9,4,22,10,10,10,11,11,10,15,13,16,14,12,
4,4,4,4,1,2,2,4,4,12,10,11,11,10,4,5,10,7,6,8,9,9,4,10,10,10,20,21,18,12,3,3,20,
1,2,18,
1,2,18,
1,2,18,
10,10,10,10,10,6,17,8,9,9,10,10,1,2,2,10,10,10,10,20,10,3,3,20,10,10,11,11,10,4,10,10,10,5,7,6,8,9,9,4,4,4,
22,10,22,22,10,22,22,22,22,1,2,22,22,3,3,4,22,22,22,22,5,12,12,22,22,22,7,6,8,9,9,4,10,11,11,10,22,12,22,12,12,22,22,22,22,12,18,21,12,22,22,22,22,22,
4,4,4,4,4,4,4,4,4,4,4,4,4,4,4,4,4,4,4,20,4,3,3,20,4,4,4,4,1,2,2,4,4,4,4,4,4,4,4,19,4,4,4,4,4,4,4,4,4,4,4,
1,2,2,20,18,20,
4,19,4,20,1,2,2,3,3,20,
20,3,3,20,22,22,22,22,22,10,10,22,22,22,12,12,22,22,4,22,22,22,22,22,22,4,22,22,4,5,22,7,6,8,9,9,4,10,22,10,12,22,12,12,22,12,12,12,12,12,12,22,22,22,22,22,22,22,12,12,12,22,12,12,22,12,22,22,22,12,22,22,22,22,10,11,11,10,12,12,22,22,22,22,22,1,2,2,22,22,22,22,
1,2,2,20,18,20,
12,12,4,4,4,4,4,4,4,14,15,16,13,12,10,10,4,10,11,11,1,10,2,2,4,12,12,5,20,3,3,20,7,6,8,9,9,4,4,4,12,
7,6,8,9,9,4,10,10,4,4,4,4,10,10,10,10,10,10,10,10,10,10,10,10,19,17,10,10,10,10,4,20,4,4,3,3,20,10,10,4,4,5,1,2,2,
4,4,18,4,20,3,3,20,4,1,2,2,
1,2,18,
4,10,4,10,1,2,2,10,10,10,4,12,5,12,6,7,8,9,9,4,20,12,10,3,3,11,11,10,20,13,14,16,15,12,4,4,10,
1,2,3,3,4,4,4,4,4,19,4,4,4,4,4,
8,9,9,4,10,10,4,4,10,1,2,3,3,10,10,10,4,10,17,19,5,7,6,
12,4,1,2,5,3,3,6,7,8,9,9,4,10,10,10,10,10,11,11,10,21,18,12,
4,4,12,4,4,4,22,22,10,11,11,10,5,4,22,7,6,8,9,9,4,22,4,22,12,10,10,1,2,3,3,12,12,12,10,12,22,10,12,4,10,4,10,10,12,12,22,12,12,6,17,8,9,9,10,12,18,21,12,
1,2,18,
1,2,18,
4,4,1,2,3,3,10,10,10,10,10,10,4,4,4,4,4,4,4,5,7,6,8,9,9,4,10,19,17,10,10,4,4,
4,4,5,4,10,6,7,8,9,9,4,10,17,6,8,9,9,10,10,10,1,2,3,3,10,4,4,10,19,17,10,4,4,4,4,
1,2,2,20,18,20,
4,4,4,4,4,4,4,4,4,10,5,10,4,7,6,8,9,9,4,10,4,4,4,4,10,10,10,10,10,4,4,10,4,4,10,4,4,4,4,4,4,4,1,4,2,3,3,4,10,4,4,19,17,10,10,10,
18,20,1,2,2,20,
10,4,5,10,10,10,10,10,6,7,8,9,9,4,10,10,10,10,11,11,10,12,10,10,10,21,18,12,1,2,3,3,
4,5,10,4,4,10,10,10,10,10,7,6,8,9,9,4,10,6,17,8,9,9,10,10,6,17,8,9,9,10,1,2,3,3,10,10,10,17,19,10,
1,2,18,
20,3,3,20,4,5,21,18,12,6,7,8,9,9,4,10,17,6,8,9,9,10,10,11,11,10,12,1,2,2,
1,2,2,10,10,10,11,11,10,4,20,10,3,3,20,10,5,10,7,6,8,9,9,4,10,12,16,14,13,15,12,
1,2,10,3,3,10,12,12,4,4,4,10,11,11,10,10,12,5,10,12,7,6,8,9,9,4,10,17,6,8,9,9,10,17,6,8,9,9,12,22,11,11,22,4,12,4,15,14,13,16,12,12,
22,12,12,22,12,12,22,22,12,22,22,1,2,3,3,4,12,12,12,5,22,7,6,8,9,9,4,22,12,22,22,10,22,22,10,22,22,22,22,22,22,22,22,22,22,22,22,12,12,22,22,22,22,22,22,22,22,10,22,22,22,10,10,11,11,10,22,22,
12,1,2,3,3,16,14,13,15,12,4,4,10,5,11,11,10,7,6,8,9,9,4,4,
4,5,6,7,8,9,9,4,10,17,6,8,9,9,10,10,10,12,10,11,11,10,1,2,3,3,15,13,14,16,12,10,10,
1,2,18,
20,3,3,20,4,4,4,4,4,18,4,1,2,2,4,4,
10,10,12,12,4,5,7,6,8,9,9,4,12,12,10,11,11,10,15,14,16,13,12,22,22,22,22,22,10,10,1,2,3,3,
4,19,4,1,2,3,3,
22,22,1,2,2,20,3,3,20,4,22,15,13,14,16,12,5,22,12,22,7,6,8,9,9,4,12,12,12,22,22,22,22,22,22,22,10,11,11,10,22,12,22,22,12,22,12,22,22,22,22,22,12,12,12,12,22,
4,4,4,1,2,3,3,4,19,4,4,4,4,4,
4,22,22,22,22,22,12,10,12,5,4,4,10,22,6,7,8,9,9,4,16,14,13,15,12,1,2,3,3,22,22,22,10,11,11,10,12,12,22,22,
4,10,5,7,6,8,9,9,4,10,10,19,17,10,20,3,3,20,1,2,2,20,20,
10,10,10,17,19,10,1,2,3,3,4,5,7,6,8,9,9,4,
22,22,22,10,12,22,10,22,22,22,15,13,14,16,12,10,11,11,10,22,22,22,22,12,12,22,22,22,1,2,3,3,22,4,22,22,22,22,22,5,6,7,8,9,9,4,10,10,12,22,
4,4,4,4,4,4,4,4,4,4,4,4,4,4,20,4,4,4,3,3,20,4,4,4,4,4,4,4,4,4,4,4,4,4,4,4,4,4,4,19,4,1,2,2,4,4,4,4,4,
19,4,20,3,3,20,4,4,4,4,4,1,2,2,
16,14,15,13,12,22,22,1,2,2,20,22,3,3,20,4,22,22,22,22,12,12,5,12,12,7,6,8,9,9,4,12,22,22,22,22,12,22,12,22,22,10,11,11,10,22,22,
20,1,2,2,18,20,
20,3,3,20,20,20,1,2,2,4,10,19,17,10,5,6,7,8,9,9,4,
20,18,20,1,2,2,
1,2,18,
1,2,18,
4,4,4,18,4,1,2,3,3,
1,2,18,
10,10,10,4,10,5,1,2,3,3,6,7,8,9,9,4,10,6,17,8,9,9,10,10,10,10,10,10,10,4,4,4,4,10,19,17,10,4,4,10,
1,2,2,20,10,10,20,10,20,20,20,17,19,10,3,3,20,4,10,10,5,6,7,8,9,9,4,10,17,6,8,9,9,10,10,10,10,10,
15,16,14,13,12,10,1,2,3,3,10,4,5,10,12,11,11,10,6,7,8,9,9,4,10,10,12,12,
4,5,12,12,6,7,8,9,9,4,10,10,11,11,10,10,10,1,2,3,3,10,10,10,12,12,4,21,18,12,4,12,4,4,4,4,10,10,
18,4,1,2,3,3,4,
12,12,10,10,10,11,11,10,4,10,10,5,4,4,7,6,8,9,9,4,12,1,2,3,3,4,4,4,4,4,4,18,21,12,
10,22,12,10,22,22,10,4,10,5,14,15,13,16,12,6,7,8,9,9,4,10,12,10,10,17,6,8,9,9,10,10,6,17,8,9,9,10,10,22,10,22,22,4,4,4,4,22,12,22,22,22,12,22,22,10,4,22,4,10,10,11,11,10,22,22,1,2,10,3,3,4,4,10,12,12,
20,18,20,1,2,2,
10,11,11,10,22,17,6,8,9,9,22,22,1,2,3,3,22,22,10,4,22,10,22,22,12,12,22,5,10,22,10,6,7,8,9,9,4,10,22,22,17,6,8,9,9,10,10,6,17,8,9,9,10,22,10,22,17,6,8,9,9,22,10,10,17,19,22,10,12,
10,10,22,22,22,12,4,10,5,7,6,8,9,9,4,1,2,3,3,22,4,12,10,10,11,11,10,10,22,22,22,4,22,22,13,14,15,16,12,12,12,10,
1,2,18,
10,4,10,10,5,10,10,10,10,19,17,10,10,6,7,8,9,9,4,1,2,10,10,3,3,10,10,10,
7,6,8,9,9,4,19,17,10,1,2,3,3,4,4,4,10,5,
4,4,4,5,7,6,8,9,9,4,10,17,6,8,9,9,10,10,4,4,10,10,10,10,10,10,10,4,10,4,10,10,10,19,17,4,10,10,4,4,4,1,2,10,3,3,
4,4,4,18,4,20,1,2,2,3,3,20,
1,2,18,
4,4,1,2,3,3,4,4,4,4,4,4,4,4,4,4,4,4,4,4,4,4,19,4,4,4,4,4,4,4,
10,10,10,10,10,10,10,10,10,10,10,10,4,1,2,3,3,10,17,19,5,10,7,6,8,9,9,4,10,10,10,
1,2,18,
1,2,2,20,3,3,20,20,4,4,4,20,18,4,
18,20,1,2,2,20,
20,18,20,1,2,2,
10,10,10,10,10,1,2,3,3,4,10,4,19,17,10,4,5,10,6,7,8,9,9,4,10,10,10,10,
1,2,18,
4,4,4,4,4,4,4,4,4,4,4,4,4,4,19,4,4,4,4,4,4,4,1,2,3,3,
10,15,16,13,14,12,12,12,10,10,10,5,7,6,8,9,9,4,12,22,22,22,1,2,3,3,22,10,10,22,22,10,11,11,10,22,12,4,
4,10,5,4,4,4,7,6,8,9,9,4,10,10,10,10,10,10,10,10,10,10,10,10,10,10,10,4,10,4,10,17,19,4,1,2,3,3,10,10,10,10,10,
10,10,19,17,10,10,10,4,4,20,4,20,20,10,10,4,4,5,6,7,8,9,9,4,1,2,2,3,3,20,4,4,4,4,10,
4,10,10,1,2,10,3,3,10,10,10,10,10,10,10,10,10,10,19,17,10,10,10,10,10,5,4,4,10,4,10,4,6,7,8,9,9,4,
4,22,22,11,11,22,12,22,5,22,22,22,22,6,7,8,9,9,4,4,22,22,22,22,22,12,4,12,6,17,8,9,9,12,12,22,15,13,16,14,12,22,10,11,11,10,1,2,3,3,22,22,22,
5,7,6,8,9,9,4,1,2,3,3,10,17,19,10,4,
20,18,20,20,20,20,20,1,2,2,
1,2,2,20,18,20,
19,17,22,3,3,20,4,1,2,2,10,11,11,10,4,12,12,4,4,4,5,7,6,8,9,9,10,4,10,12,22,20,
20,18,20,1,2,2,
12,4,16,15,13,14,12,20,3,3,20,5,7,6,8,9,9,4,12,12,1,2,2,10,11,11,10,22,22,12,22,
10,10,10,10,10,20,12,3,3,20,10,21,18,12,10,11,11,10,10,6,17,8,9,9,10,10,10,1,2,2,4,10,10,10,10,5,7,6,8,9,9,4,
22,22,22,22,22,1,2,3,3,12,12,15,16,14,13,12,4,22,22,22,22,5,7,6,8,9,9,4,22,22,10,11,11,10,22,12,12,22,22,22,
22,21,18,22,4,22,22,5,12,1,2,3,3,10,10,7,6,8,9,9,4,22,10,10,10,11,11,10,22,4,12,12,4,
4,4,1,2,2,4,20,19,4,3,3,20,
7,6,8,9,9,4,22,22,22,12,12,12,22,22,22,22,12,22,22,22,22,12,22,22,22,22,12,22,22,12,12,22,12,12,12,15,16,14,13,12,10,11,11,10,22,12,22,1,2,3,3,12,12,4,22,12,22,12,22,5,
22,22,10,22,12,12,12,10,12,22,22,11,11,10,12,12,12,12,12,12,5,12,12,22,7,6,8,9,9,4,10,12,22,22,22,10,22,22,22,12,12,22,12,22,22,12,15,13,14,16,12,12,22,12,22,22,12,22,12,12,22,1,2,2,20,12,12,3,3,20,12,4,22,22,22,22,10,22,22,22,22,
1,2,2,20,18,20,
1,2,18,
4,1,2,2,18,4,20,3,3,20,4,4,
4,4,4,4,4,1,2,3,3,4,4,4,4,4,4,4,19,4,4,4,
4,10,11,11,10,4,4,10,12,12,4,4,10,5,22,22,7,6,8,9,9,4,22,1,2,3,3,12,15,16,14,13,12,12,
18,4,1,2,2,20,3,3,20,4,4,4,
4,5,10,7,6,8,9,9,4,10,10,10,10,10,19,17,10,10,1,2,3,3,
6,7,8,9,9,4,22,4,22,22,4,22,12,12,22,22,22,12,12,12,12,13,15,14,16,12,12,10,11,11,10,22,22,22,1,2,3,3,4,5,
4,12,5,7,6,8,9,9,4,15,14,16,13,12,10,11,11,10,1,2,3,3,
1,2,18,
12,22,12,1,2,3,3,22,12,12,12,22,4,15,13,16,14,12,5,6,7,8,9,9,4,10,10,10,11,11,10,22,22,12,
18,4,4,4,4,4,4,1,2,4,3,3,4,4,4,4,4,4,4,4,4,4,4,4,4,
20,18,20,1,2,2,
20,18,20,1,2,2,
1,2,2,20,18,20,
4,4,5,10,10,7,6,8,9,9,4,10,10,10,10,1,2,3,3,10,10,10,17,19,4,
4,19,4,1,2,3,3,
22,22,10,22,4,22,10,4,4,22,22,22,22,5,22,22,10,11,11,10,22,22,22,22,7,6,8,9,9,4,10,6,17,8,9,9,10,12,22,10,22,12,22,4,4,22,22,22,10,22,22,22,22,20,22,22,4,3,3,20,1,2,2,17,6,8,9,9,12,22,12,12,13,14,15,16,22,4,22,22,22,
1,2,10,11,11,10,3,3,12,22,22,15,14,13,16,12,4,10,10,22,5,22,7,6,8,9,9,4,12,22,22,22,12,12,
1,2,18,
15,13,14,16,22,10,10,10,4,1,2,10,3,3,10,11,11,10,5,6,7,8,9,9,4,10,6,17,8,9,9,10,10,12,10,4,4,6,17,8,9,9,12,22,
4,1,2,3,3,19,4,
1,2,18,
11,11,10,5,22,19,17,22,6,7,8,9,9,4,10,22,22,22,22,22,10,22,22,1,2,3,3,12,12,22,12,12,12,12,22,4,4,12,4,10,22,4,10,4,10,
4,4,4,4,4,4,4,19,4,4,4,1,2,2,4,4,20,4,3,3,20,4,
4,4,4,4,4,4,4,4,4,4,4,4,4,19,4,4,1,2,3,3,4,4,4,
1,2,18,
1,2,18,
1,2,3,3,12,22,22,12,12,12,12,12,22,22,14,15,16,13,12,22,4,10,12,10,5,22,10,6,7,8,9,9,4,10,10,10,22,10,22,11,11,10,22,12,
4,4,4,12,4,5,10,7,6,8,9,9,4,15,13,14,16,12,1,2,3,3,10,10,10,4,4,12,12,10,11,11,4,10,
4,5,6,7,8,9,9,4,12,10,11,11,10,21,18,12,1,2,3,3,
1,2,18,
4,4,4,4,4,4,4,4,4,4,4,4,4,4,1,2,3,3,4,4,19,4,4,4,
4,10,4,10,10,17,6,8,9,9,10,10,10,10,5,10,4,10,10,10,4,10,6,7,8,9,9,4,4,4,4,4,4,4,4,1,2,2,10,4,10,4,20,4,3,3,20,4,
6,7,8,9,9,4,10,10,10,10,1,2,3,3,10,10,10,17,19,10,4,5,
11,11,10,1,2,2,10,4,10,10,6,17,8,9,9,10,4,10,10,12,10,10,12,12,12,12,22,22,22,22,4,4,5,22,6,7,8,9,9,4,10,12,17,6,8,9,9,10,22,22,10,13,14,16,15,12,22,10,10,10,22,12,4,12,20,3,3,20,10,
1,2,2,4,4,4,4,4,10,10,10,10,5,6,7,8,9,9,4,10,10,17,6,8,9,9,10,10,10,10,10,10,10,17,19,10,4,4,10,4,10,4,20,10,3,3,20,
1,2,18,
18,20,1,2,2,20,
10,4,17,19,10,5,1,2,3,3,7,6,8,9,9,4,10,17,6,8,9,9,10,10,6,17,8,9,9,10,10,10,10,6,17,8,9,9,10,10,10,
10,10,5,4,6,7,8,9,9,4,10,10,10,1,2,3,3,10,10,10,10,4,10,10,10,10,17,19,10,10,17,6,8,9,9,10,10,4,4,4,
4,4,4,4,4,4,4,4,4,4,4,4,4,4,4,1,2,4,3,3,4,4,4,4,4,4,4,4,4,4,19,4,4,4,4,4,
1,2,18,
10,10,4,4,10,10,10,10,1,2,3,3,10,19,17,4,10,5,7,6,8,9,9,10,4,10,10,10,10,
1,2,18,
10,10,11,11,10,10,10,12,12,14,16,15,13,12,10,10,4,12,5,6,7,8,9,9,4,1,2,10,3,3,
12,10,11,11,10,4,21,18,12,4,4,4,5,4,7,6,8,9,9,4,10,1,2,3,3,10,10,10,4,4,
5,7,6,8,9,9,4,10,10,10,4,10,4,4,4,10,10,4,10,1,2,10,4,3,3,10,4,10,
1,2,18,
4,10,10,10,4,10,4,10,4,10,10,10,4,10,10,10,4,10,10,4,10,10,17,19,10,10,5,7,6,8,9,9,4,10,10,10,4,10,4,1,2,3,3,
10,10,1,2,3,3,12,12,10,11,11,10,16,13,15,14,12,12,4,5,7,6,8,9,9,4,
1,2,18,
22,22,22,12,12,22,11,11,22,22,14,13,15,16,12,10,22,22,22,22,12,1,2,22,3,3,22,22,22,22,22,5,22,22,10,22,11,11,6,7,10,8,9,9,4,22,22,22,22,22,12,22,22,10,22,22,4,12,10,22,22,22,22,22,12,22,12,22,22,22,22,22,12,22,6,17,8,9,9,12,22,10,22,12,22,
1,2,18,
10,11,11,10,10,4,12,10,21,18,12,5,7,6,8,9,9,4,1,2,3,3,
1,2,3,3,22,4,4,4,22,22,10,5,22,10,22,12,22,7,6,8,9,9,4,12,10,11,11,10,15,14,13,16,12,4,4,22,22,12,12,22,
10,14,16,13,15,12,10,10,10,10,10,11,11,10,4,4,5,4,4,7,6,8,9,9,4,4,12,1,2,3,3,10,
1,2,18,
20,3,3,20,5,1,2,2,22,22,6,7,8,9,9,4,10,10,22,12,12,10,10,15,14,13,16,12,10,11,11,10,12,12,10,10,12,22,22,4,22,12,22,
10,17,6,8,9,9,10,10,10,10,1,2,3,3,10,10,10,10,10,10,4,10,10,10,5,10,10,10,10,10,6,7,8,9,9,4,10,
20,4,3,3,20,1,2,2,18,4,
10,10,10,10,10,10,10,1,2,3,3,10,17,19,4,10,10,5,6,7,8,9,9,4,10,
10,10,12,22,22,12,22,12,12,12,22,22,12,12,22,15,14,13,16,12,22,22,11,11,22,12,12,22,22,22,12,12,12,10,11,11,10,12,12,12,12,22,22,22,22,22,22,22,22,12,10,12,12,1,2,12,3,3,10,12,4,17,6,8,9,9,12,22,22,22,5,12,22,6,7,8,9,9,4,22,22,
4,19,4,1,2,3,3,
1,2,18,
1,2,18,
1,2,18,
10,4,6,7,8,9,9,4,10,17,6,8,9,9,10,10,12,10,10,1,2,3,3,10,11,11,10,15,13,14,16,12,4,4,5,
1,2,18,
1,2,18,
4,4,4,4,4,4,4,5,6,7,8,9,9,4,1,2,3,3,10,17,19,10,4,4,4,4,
20,20,20,3,3,20,4,5,7,6,8,9,9,4,10,10,1,2,2,10,19,17,10,
1,2,18,
20,20,20,18,20,1,2,2,
4,4,4,4,4,4,4,4,4,4,4,4,4,4,4,4,4,4,19,4,4,1,2,4,3,3,4,4,4,4,4,4,
20,18,20,1,2,2,
1,2,3,3,4,19,4,
1,2,2,20,18,20,
1,2,2,20,18,20,
4,5,7,6,8,9,9,4,10,10,1,2,3,3,10,10,19,17,10,10,10,
1,2,18,
5,6,7,8,9,9,4,10,6,17,8,9,9,10,10,10,10,10,10,10,17,19,10,1,2,2,20,3,3,20,4,10,
1,2,3,3,4,5,10,6,7,8,9,9,4,19,17,10,
1,2,3,3,4,5,18,4,
1,2,2,20,18,20,
22,12,12,10,22,22,22,22,22,10,12,12,12,12,10,10,12,1,2,3,3,12,4,22,22,10,22,22,11,11,10,5,7,6,8,9,9,4,22,22,10,22,14,15,13,16,12,22,22,22,12,10,12,12,12,12,10,10,
10,4,4,10,10,10,17,6,8,9,9,10,10,10,10,10,4,10,10,10,5,7,6,8,9,9,4,10,20,10,3,3,20,10,1,2,2,4,10,4,10,10,10,10,4,4,10,10,
20,18,20,1,2,2,
10,1,2,3,3,18,21,12,10,11,11,10,4,12,5,6,7,8,9,9,4,10,4,4,10,10,
1,2,2,20,18,20,
4,10,11,11,10,15,14,13,16,12,4,1,2,3,3,4,4,4,4,4,5,7,6,8,9,9,4,10,17,6,8,9,9,10,10,10,12,
10,17,19,10,4,10,10,4,4,1,2,3,3,5,6,7,8,9,9,4,10,10,6,17,8,9,9,10,10,10,10,
4,4,4,4,4,4,4,4,4,4,4,4,4,4,4,4,4,4,4,4,4,4,4,4,4,4,4,4,4,19,1,2,3,3,4,4,
1,2,18,
10,10,10,4,5,6,7,8,9,9,4,10,10,10,10,10,10,19,17,10,1,2,10,3,3,10,10,10,10,10,10,
5,4,4,4,19,4,4,4,4,4,4,1,2,3,3,4,4,4,
10,19,17,10,4,4,4,4,4,5,10,7,6,8,9,9,4,10,1,2,2,20,3,3,20,
18,21,12,4,5,4,6,7,8,9,9,4,10,4,10,10,10,12,10,10,11,11,10,10,1,2,3,3,
1,2,18,
1,2,18,
1,2,3,3,10,10,4,10,11,11,10,5,12,6,7,8,9,9,4,10,17,6,8,9,9,10,10,18,21,12,10,
4,4,18,4,1,2,3,3,4,
1,2,18,
4,4,4,4,4,4,4,4,1,2,2,4,4,4,18,4,20,3,3,20,
4,19,4,1,2,3,3,
12,1,2,10,3,3,10,21,18,12,10,10,10,10,11,11,10,4,5,7,6,8,9,9,4,10,17,6,8,9,9,10,10,
1,2,2,20,18,20,
1,2,2,23,23,23,23,23,18,23,
4,4,4,4,4,4,4,4,4,4,4,4,19,4,4,1,2,2,5,20,20,3,3,20,20,
18,21,12,4,10,5,7,6,10,8,9,9,4,12,12,10,10,22,22,1,2,3,3,12,10,11,11,10,12,22,22,22,
22,22,22,22,22,12,22,12,22,16,14,13,15,12,22,1,2,3,3,4,5,22,7,6,8,9,9,4,10,11,11,10,12,12,
1,2,3,3,4,4,4,4,19,4,4,
1,2,3,3,18,4,4,
1,2,18,
1,2,2,20,18,20,
1,2,18,
12,4,4,4,4,1,2,3,3,4,4,15,13,16,14,12,4,10,4,5,10,11,11,10,4,10,7,6,8,9,9,4,10,10,4,4,
18,20,1,2,2,20,
20,18,20,1,2,2,
1,2,18,
1,2,18,
1,2,18,
1,2,18,
1,2,2,20,18,20,
18,4,1,2,2,20,3,3,20,4,
12,22,22,10,10,11,11,10,12,12,22,22,10,19,17,22,12,22,22,22,22,22,22,4,12,12,22,4,12,12,20,22,22,22,12,12,3,3,20,22,12,22,22,22,22,22,22,22,22,22,12,22,22,22,22,12,22,22,22,22,12,22,12,22,4,22,22,22,12,22,22,5,22,1,2,2,22,22,10,7,6,8,9,9,4,10,
4,4,4,4,4,19,4,4,4,4,4,4,4,1,2,3,3,
1,2,18,
1,2,2,20,3,3,20,4,18,4,
1,2,2,20,18,20,
4,4,1,2,2,4,4,20,3,3,20,4,19,
10,10,10,10,10,10,10,10,10,10,1,2,10,3,3,4,10,10,5,10,10,6,7,8,9,9,4,10,10,10,17,19,10,10,10,10,10,10,10,10,10,10,10,
1,2,18,
10,10,10,10,1,2,3,3,4,4,4,10,19,17,5,6,7,8,9,9,4,
22,22,22,12,12,12,12,12,10,11,11,10,22,12,15,16,13,14,12,22,12,22,1,2,3,3,22,4,22,22,22,22,22,22,5,7,6,8,9,9,4,12,12,12,12,22,
1,2,2,20,18,20,
1,2,2,20,18,20,
4,4,4,18,4,1,2,3,3,
4,18,4,20,3,3,1,2,2,20,
5,6,7,8,9,9,4,10,10,10,10,11,11,10,12,10,18,21,12,4,4,4,1,2,3,3,
12,10,11,11,10,15,14,16,13,12,4,20,3,3,20,4,4,5,7,6,8,9,9,4,10,17,6,8,9,9,10,10,10,1,2,2,
1,2,2,20,3,3,20,4,10,4,4,5,10,6,7,8,9,9,4,10,10,10,10,10,6,17,8,9,9,10,10,10,10,10,10,10,10,17,6,8,9,9,10,10,10,10,10,10,10,10,10,10,10,
1,2,2,20,18,20,
1,2,18,
1,2,18,
6,7,8,9,9,4,10,6,17,8,9,9,10,10,15,13,14,16,12,10,12,10,10,10,11,11,10,10,6,17,8,9,9,10,10,10,1,2,2,20,3,3,20,4,5,
22,10,11,11,10,12,12,22,22,22,22,22,22,22,10,22,10,22,22,12,22,22,12,12,22,22,22,22,12,22,22,14,15,16,13,12,22,12,22,1,2,3,3,4,5,22,6,7,8,9,9,4,
1,2,3,3,4,5,6,7,8,9,9,4,10,10,10,12,10,10,11,11,10,15,14,13,16,12,
10,13,14,15,16,12,10,10,1,2,3,3,4,10,10,11,11,10,5,12,7,6,8,9,9,4,10,10,
12,12,3,3,4,13,15,14,16,10,12,10,5,12,12,10,12,10,6,7,8,9,9,4,10,10,12,12,10,10,10,10,12,10,12,10,10,12,11,11,10,12,12,12,12,12,12,12,12,10,10,12,1,2,
10,1,2,3,3,10,10,4,10,5,10,7,6,8,9,9,4,10,10,10,10,10,10,10,10,10,10,10,10,17,19,10,10,10,10,10,10,10,10,
1,2,3,3,4,4,4,4,4,4,4,4,4,19,
1,2,18,
4,4,1,2,3,3,4,4,4,4,19,4,4,
4,22,22,22,22,22,22,5,12,22,22,10,11,11,10,6,7,8,9,9,4,1,2,3,3,12,22,12,12,12,21,18,12,12,12,22,22,22,
10,10,10,10,10,1,2,2,20,3,3,20,4,4,4,4,4,5,6,7,8,9,9,4,10,10,10,11,11,10,12,12,10,10,12,12,10,12,15,13,14,16,12,
20,18,20,1,2,2,
4,12,5,10,10,18,21,12,6,7,8,9,9,4,10,10,11,11,10,10,10,1,2,3,3,10,10,10,
17,6,8,9,9,12,5,22,11,11,22,22,12,13,15,14,16,12,6,7,8,9,9,4,10,6,17,8,9,9,10,20,22,3,3,20,22,10,22,22,22,12,12,4,11,11,10,22,22,4,12,12,22,22,22,12,22,22,12,22,22,22,1,2,2,22,22,12,4,
1,2,18,
18,4,1,2,3,3,4,4,4,5,
20,18,20,1,2,2,
1,2,18,
3,3,20,10,11,11,10,10,10,10,4,10,4,10,10,10,10,21,18,12,4,4,4,4,4,4,4,5,20,20,4,1,2,2,7,6,8,9,9,4,10,17,6,8,9,9,10,10,10,10,4,4,4,12,10,20,
1,2,2,20,18,20,
1,2,3,3,4,4,12,4,15,16,14,13,12,10,11,11,10,5,6,7,8,9,9,4,
1,2,18,
4,4,4,19,4,1,2,3,3,
1,2,18,
4,1,2,3,3,4,4,4,4,4,4,4,4,4,4,4,4,4,4,4,4,19,4,4,4,4,4,
20,3,3,20,4,18,4,4,1,2,2,4,4,4,4,4,4,4,4,4,
1,2,18,
1,2,18,
20,3,3,20,12,15,16,14,13,12,4,1,2,2,5,6,7,8,9,9,4,10,11,11,10,
4,18,4,1,2,3,3,
12,10,17,6,8,9,9,10,10,10,4,10,10,10,11,11,10,10,10,5,6,7,8,9,9,4,12,12,1,2,3,3,10,10,16,14,15,13,12,
1,2,18,
10,4,10,20,3,3,20,4,10,10,10,6,17,8,9,9,10,10,10,1,2,2,4,10,11,11,10,10,5,6,17,8,9,9,10,10,6,7,8,9,9,4,10,
12,1,2,10,10,3,3,4,10,11,11,10,14,13,16,15,12,5,6,7,8,9,9,4,
4,10,11,11,10,5,6,7,8,9,9,4,10,10,20,20,12,20,1,2,2,18,21,12,20,20,3,3,20,
1,2,2,5,6,7,8,9,9,4,10,11,11,10,10,12,20,20,20,12,12,20,20,3,3,20,10,12,12,12,10,12,4,10,12,12,12,12,16,14,13,15,12,10,10,
10,10,1,2,3,3,4,12,5,10,7,6,8,9,9,4,11,11,10,15,13,14,16,12,10,10,
10,22,10,10,10,10,10,10,10,10,11,11,10,12,1,2,10,3,3,4,15,14,13,16,12,22,5,12,22,6,7,8,9,9,4,10,10,10,22,10,10,22,22,22,12,12,
12,12,4,5,10,11,11,10,22,22,12,12,7,6,8,9,9,4,22,12,12,13,15,14,16,12,1,2,3,3,
22,22,12,12,1,2,3,3,22,22,4,22,22,22,22,22,22,12,22,22,22,22,5,22,22,6,7,8,9,9,4,10,10,22,22,22,22,22,22,22,22,22,22,22,22,22,12,12,22,22,22,22,22,22,22,22,12,22,22,22,22,22,12,22,22,22,22,22,22,22,22,22,10,22,22,11,11,10,22,22,22,22,22,12,12,22,22,22,12,22,22,22,22,22,22,22,22,22,12,12,22,22,22,22,22,22,22,
1,2,3,3,4,4,4,19,4,4,4,4,
20,20,20,4,4,3,3,4,20,18,4,4,4,4,1,2,2,4,4,4,4,4,4,4,4,4,4,4,4,4,
10,10,4,10,5,1,2,3,3,10,7,6,8,9,9,4,10,10,10,10,10,10,19,17,10,
20,3,3,20,10,10,1,2,2,10,10,10,10,4,4,10,10,4,4,10,17,19,4,5,6,7,8,9,9,4,10,10,
17,6,8,9,9,10,10,10,4,4,10,10,15,14,16,13,12,1,2,3,3,4,10,11,11,10,4,4,4,12,10,4,4,4,10,5,6,7,8,9,9,4,10,
10,10,11,11,10,10,10,10,10,12,10,1,2,3,3,4,5,6,7,8,9,9,4,10,10,15,13,14,16,12,
15,14,13,16,12,10,11,11,10,10,6,17,8,9,9,4,10,1,2,3,3,5,6,7,8,9,9,4,10,10,12,10,10,
1,2,18,
4,20,3,3,20,18,4,1,2,2,
1,2,18,
1,2,18,
1,2,18,
10,10,1,2,3,3,4,10,5,10,6,7,8,9,9,4,10,10,10,19,17,10,
1,2,18,
1,2,3,3,4,10,4,19,17,10,4,5,6,7,8,9,9,4,10,10,10,10,
1,2,18,
1,2,18,
4,4,1,2,4,3,3,19,4,
20,21,18,12,3,3,20,10,11,11,10,4,4,4,12,5,10,6,7,8,9,9,4,10,10,10,1,2,2,4,4,
1,2,18,
1,2,18,
1,2,2,20,18,20,
1,2,18,
1,2,18,
22,22,22,22,10,12,12,10,22,10,11,11,10,22,12,22,1,2,2,20,12,3,3,20,4,5,7,6,8,9,9,4,13,15,14,16,12,
1,2,18,
1,2,2,20,18,20,
10,11,11,10,10,10,22,22,22,10,22,21,18,12,22,22,12,12,10,22,22,10,22,22,22,22,22,22,22,22,12,12,12,22,22,4,22,22,22,4,22,4,22,22,4,4,12,22,22,22,10,5,10,10,10,22,22,22,22,22,22,1,2,22,3,3,22,22,22,6,7,8,9,9,4,22,22,10,22,22,22,4,4,12,
5,6,7,8,9,9,4,10,19,17,10,4,1,2,3,3,
1,2,18,
4,12,5,10,10,1,2,3,3,10,10,6,7,8,9,9,4,10,10,21,18,12,10,11,11,10,12,12,
4,4,5,20,20,6,7,8,9,9,4,10,4,10,4,1,2,2,20,3,3,20,14,15,16,13,12,10,11,11,10,12,4,4,4,
20,18,20,1,2,2,
4,4,5,4,18,4,20,3,3,20,1,2,2,4,4,
5,10,10,7,6,8,9,9,4,10,10,10,6,17,8,9,9,10,10,10,18,21,12,12,10,10,1,2,10,3,3,4,10,10,11,11,10,
1,2,3,3,4,12,5,6,7,8,9,9,4,10,12,22,10,4,4,22,10,11,11,10,15,14,16,13,12,10,10,22,22,22,22,22,12,12,
1,2,3,3,10,4,4,4,11,11,18,21,10,12,5,6,7,8,9,9,4,10,10,12,
1,2,18,
1,2,18,
4,4,4,4,1,2,2,20,4,4,20,20,3,3,20,4,19,4,4,4,4,
1,2,2,20,18,20,
1,2,2,20,18,20,
20,18,20,1,2,2,20,20,
1,2,2,20,18,20,
1,2,18,
19,4,1,2,2,4,20,4,3,3,20,4,
1,2,18,
1,2,18,
20,3,3,20,4,4,4,4,4,4,4,4,1,2,2,4,4,4,4,4,4,4,4,4,19,4,4,4,4,4,4,4,4,
1,2,18,
20,18,20,1,2,2,
18,1,2,
1,2,18,
4,1,2,3,3,4,4,19,4,
1,2,3,3,4,4,4,18,4,
15,14,13,16,12,4,4,4,1,2,3,3,4,4,4,12,10,4,10,10,4,5,11,11,10,6,7,4,8,9,9,4,10,10,
1,2,18,
20,18,20,1,2,2,
1,2,2,4,4,20,4,18,4,4,4,4,4,20,20,3,3,20,
12,12,12,22,10,22,22,22,22,22,22,22,22,22,22,1,2,22,3,3,4,22,22,22,12,12,22,10,11,11,10,12,22,4,4,22,5,6,7,8,9,9,4,10,17,6,8,9,9,10,10,10,10,22,22,10,17,19,22,22,22,22,22,22,12,12,22,22,22,22,22,22,22,22,22,22,22,22,22,22,22,22,22,10,22,22,
5,10,11,11,10,6,7,8,9,9,4,10,14,15,13,16,12,10,12,22,11,11,22,12,1,2,22,3,3,22,22,6,17,8,9,9,22,22,22,22,12,12,22,22,22,4,
1,2,3,3,4,5,6,7,8,9,9,4,10,10,10,10,10,19,17,10,
1,2,18,
1,2,18,
1,2,18,
1,2,18,
4,4,4,4,4,4,4,4,4,4,4,5,19,4,4,1,2,3,3,4,
20,18,20,1,2,2,
1,2,18,
1,2,2,21,18,12,10,20,3,3,20,10,4,5,6,7,8,9,9,4,10,10,10,12,10,10,11,11,10,
10,10,1,2,3,3,10,10,10,10,4,10,10,10,10,10,10,10,10,10,10,4,10,4,5,10,10,7,6,8,9,9,4,10,10,10,10,10,19,17,4,10,4,4,10,4,4,4,4,4,10,10,10,
4,10,11,11,10,5,1,2,3,3,10,6,7,10,8,9,9,4,10,10,12,15,16,14,13,12,
4,4,4,4,1,2,2,4,4,4,4,4,4,4,20,4,19,4,4,4,3,3,4,20,4,4,4,4,4,4,4,4,4,
10,10,10,4,10,10,10,10,10,10,10,4,21,18,10,1,2,3,3,4,4,5,7,6,8,9,9,4,10,6,17,8,9,9,10,10,10,4,10,
1,2,18,
22,22,22,12,12,4,4,12,12,22,22,22,22,10,5,12,11,11,10,12,1,2,7,6,8,9,9,4,3,3,10,22,12,12,12,12,12,12,12,22,22,12,22,22,22,22,22,10,12,12,22,22,22,22,12,12,22,22,12,22,12,14,15,16,13,12,22,22,22,12,12,12,12,22,22,4,
1,2,2,23,18,23,23,23,23,23,
12,22,22,6,17,8,9,9,22,22,22,22,10,19,17,22,10,17,6,8,9,9,10,10,22,22,22,6,17,8,9,9,22,10,11,11,10,10,10,10,10,22,1,2,3,3,22,10,10,10,22,6,17,8,9,9,10,12,12,4,10,22,5,22,7,6,22,22,8,9,9,4,10,
1,2,18,
1,2,18,
1,2,3,3,4,14,15,13,16,12,5,6,7,8,9,9,4,10,10,10,11,11,10,12,10,10,12,12,12,12,12,12,
14,15,13,16,12,1,2,3,3,4,5,7,6,8,9,9,4,12,10,11,11,10,
22,17,6,8,9,9,22,4,22,22,4,4,22,11,11,22,12,5,12,6,7,8,9,9,4,10,10,1,2,22,3,3,22,10,11,11,10,22,22,14,15,16,13,12,12,12,22,22,12,22,22,12,12,22,22,22,17,6,8,9,9,22,22,
4,4,4,12,5,22,22,22,10,6,7,8,9,9,4,12,12,10,22,10,10,12,10,1,2,3,3,11,11,10,12,22,16,13,15,14,12,22,22,4,22,4,22,12,
1,2,18,
1,2,18,
1,2,18,
1,2,18,
4,4,1,2,3,3,4,4,4,4,4,4,4,18,4,4,4,4,4,4,4,
6,7,8,9,9,4,4,4,10,10,11,11,10,12,12,12,12,12,12,1,2,3,3,10,12,15,13,16,14,12,12,4,4,4,22,22,5,22,
4,1,2,3,3,19,4,
1,2,18,
1,2,18,
4,4,12,4,4,4,13,16,14,15,12,5,7,6,8,9,9,4,10,10,11,11,10,10,1,2,3,3,
1,2,18,
10,19,17,10,10,10,10,10,10,4,10,5,10,6,7,8,9,9,4,10,10,10,10,1,2,10,10,3,3,10,10,10,10,10,
1,2,2,20,18,20,
4,4,4,1,2,3,3,19,4,4,4,
20,20,20,4,20,12,20,20,20,20,3,3,20,5,7,6,8,9,9,4,4,10,10,10,10,4,18,21,12,1,2,2,4,10,4,10,20,20,20,10,11,11,10,
3,3,20,1,2,2,4,18,4,20,
4,4,4,4,4,4,4,4,4,18,4,4,4,4,4,1,2,2,4,4,4,4,4,4,4,4,20,3,3,20,4,4,4,4,4,4,4,4,4,4,
4,18,4,1,2,2,20,3,3,20,
1,2,18,
20,20,20,18,20,1,2,2,
22,1,2,2,20,3,3,20,4,5,22,6,7,15,14,13,16,22,8,9,9,4,10,22,10,22,10,12,12,10,10,11,11,10,12,22,
4,10,12,4,4,4,4,4,5,10,6,7,8,9,9,4,12,12,17,6,8,9,9,10,1,2,3,3,10,11,11,10,22,17,19,22,10,10,10,10,4,4,4,10,
1,2,18,
1,2,3,3,4,4,4,4,4,4,4,19,4,4,4,4,4,4,
10,10,10,6,7,8,9,9,4,10,10,10,1,2,3,3,10,10,10,4,10,10,10,10,4,10,10,10,11,11,10,4,10,5,
10,10,1,2,3,3,4,4,12,10,10,10,11,11,10,4,15,14,16,13,12,5,7,6,8,9,9,4,
4,4,4,4,4,4,4,4,1,2,3,3,4,4,4,4,4,4,4,4,4,19,4,4,4,4,4,4,
1,2,2,20,18,20,
1,2,2,20,18,20,
1,2,2,20,18,20,
10,22,11,11,10,12,21,18,22,1,2,3,3,4,4,4,4,4,5,7,6,8,9,9,4,10,12,12,6,17,8,9,9,10,10,10,
18,20,1,2,2,20,
12,14,15,16,13,12,5,7,6,8,9,9,4,10,10,22,22,12,12,22,22,22,12,12,12,12,17,6,8,9,9,12,22,22,11,11,22,22,1,2,3,3,4,10,4,11,11,10,10,4,4,22,22,10,4,
1,2,2,20,18,20,
20,18,20,1,2,2,
1,2,18,
1,2,18,
1,2,18,
1,2,3,3,4,18,4,
10,10,10,10,10,10,5,10,10,10,10,10,10,10,6,7,8,9,9,4,10,17,6,8,9,9,10,10,10,10,10,10,1,2,3,3,4,4,10,10,4,4,10,10,10,10,4,10,10,
1,2,18,
4,10,4,10,12,14,15,13,16,12,10,10,4,1,2,4,3,3,10,11,11,10,4,5,7,6,8,9,9,4,4,10,4,6,17,8,9,9,10,10,10,
1,2,18,
1,2,18,
5,4,1,2,2,22,22,10,10,4,6,7,8,9,9,4,4,22,22,20,12,3,3,20,10,11,11,10,15,13,14,16,12,10,12,10,4,4,22,22,22,4,4,4,12,12,4,
1,2,2,20,18,20,
4,4,1,2,2,20,3,3,20,4,18,4,
1,2,2,4,20,20,18,4,20,3,3,20,
12,10,6,17,8,9,9,12,22,10,15,16,14,13,22,10,10,10,10,11,11,10,1,2,3,3,4,5,7,6,8,9,9,4,10,17,6,8,9,9,10,10,
6,7,8,9,9,4,10,19,17,10,4,4,10,10,4,4,4,4,4,4,4,4,4,4,4,4,4,1,2,10,3,3,5,10,
10,1,2,3,3,10,10,4,10,17,19,10,10,5,7,6,8,9,9,4,10,
10,12,1,2,3,3,4,10,11,11,10,18,21,12,5,6,7,8,9,9,4,10,6,17,8,9,9,10,10,10,10,10,10,
4,4,4,4,4,4,4,4,4,4,4,4,1,2,4,3,3,4,4,4,4,4,4,4,4,4,4,4,4,4,4,4,4,4,4,4,4,4,4,4,4,4,4,4,19,4,4,4,4,
4,4,1,2,3,3,4,19,4,
1,2,18,
10,12,22,16,14,15,13,12,11,11,10,12,12,12,22,22,22,22,22,22,22,10,22,22,22,22,22,22,1,2,2,20,10,3,3,20,4,22,5,7,6,8,9,9,4,10,10,
4,4,4,5,6,7,8,9,9,4,10,10,4,4,10,19,17,10,4,4,1,2,4,4,3,3,4,4,4,4,
1,2,4,3,3,5,6,7,8,9,9,4,10,19,17,10,
1,2,18,
1,2,18,
1,2,18,
4,20,4,4,4,3,3,20,18,4,4,4,1,2,2,4,4,4,4,4,4,4,4,4,
4,4,10,19,17,10,4,1,2,3,3,5,6,7,8,9,9,4,10,10,
12,12,12,12,12,22,22,22,22,22,22,22,12,12,15,14,13,16,12,12,22,12,4,22,22,4,12,12,22,4,22,10,4,4,1,2,3,3,10,10,5,7,6,8,9,9,4,10,10,17,6,8,9,9,10,10,12,12,10,11,11,10,10,
20,18,20,1,2,2,
1,2,18,
1,2,3,3,4,5,12,6,7,8,9,9,4,12,12,10,12,10,11,11,10,10,12,15,13,16,14,12,
5,6,7,8,9,9,4,1,2,3,3,10,10,10,17,19,10,4,
4,4,4,4,4,4,4,4,4,4,4,4,4,4,4,4,4,1,2,3,3,4,4,4,4,4,4,4,4,19,4,4,4,4,4,4,
1,2,18,
10,10,10,10,10,10,10,10,1,2,3,3,4,10,5,7,6,8,9,9,4,10,10,10,10,10,10,10,10,10,10,19,17,10,10,
1,2,18,
1,2,18,
4,4,4,4,4,4,4,4,4,4,4,4,4,4,4,4,4,4,4,4,4,19,4,4,1,2,3,3,4,4,4,4,4,4,4,4,
5,6,7,8,9,9,4,10,10,1,2,3,3,10,11,11,10,4,4,12,21,18,12,4,
10,10,10,17,19,10,10,1,2,3,3,4,5,6,7,8,9,9,4,10,10,10,10,10,
1,2,3,3,4,18,4,4,4,
1,2,2,20,18,20,
1,2,18,
4,4,4,19,4,4,4,4,4,4,4,4,4,4,4,4,1,2,3,3,4,4,4,4,4,4,4,4,4,4,4,
1,2,18,
10,10,10,10,10,1,2,3,3,4,10,10,10,10,17,19,10,5,7,6,8,9,9,4,10,17,6,8,9,9,10,
1,2,2,20,18,20,
20,20,20,18,20,1,2,2,
4,4,4,4,1,2,3,3,4,4,4,4,4,4,4,4,4,4,19,4,4,4,4,4,4,4,4,
1,2,3,3,4,4,4,5,6,7,8,9,9,4,10,10,10,17,19,10,
20,18,20,1,2,2,
1,2,18,
1,2,18,
1,2,18,
1,2,18,
20,18,20,1,2,2,
1,2,3,3,22,22,22,22,22,10,10,12,22,10,10,22,12,12,12,21,18,12,10,10,12,10,10,4,5,10,12,10,11,11,10,6,7,8,9,9,4,10,10,10,
4,4,1,2,3,3,4,4,4,4,4,4,4,4,4,19,4,4,
12,4,1,2,3,3,5,10,11,11,10,14,15,16,13,12,6,7,8,9,9,4,
1,2,18,
10,22,4,22,12,4,10,12,12,10,10,10,10,5,10,12,10,12,22,22,6,7,8,9,9,4,10,17,6,8,9,9,10,10,10,11,11,10,12,6,17,8,9,9,10,22,22,22,22,17,6,8,9,9,12,22,15,14,13,16,22,22,12,12,1,2,22,22,3,3,22,22,22,22,22,12,4,22,22,
1,2,18,
4,4,22,22,4,4,4,4,22,22,4,22,12,12,12,12,22,4,4,4,1,2,22,3,3,4,5,10,11,11,10,7,6,8,9,9,4,12,12,14,16,13,15,12,12,12,
4,12,4,10,4,10,5,10,11,11,10,6,7,8,9,9,4,10,10,14,15,16,13,12,1,2,3,3,
1,2,18,
4,4,4,19,4,4,4,4,4,1,2,3,3,4,4,4,4,4,4,4,4,4,4,4,4,
1,2,18,
1,2,18,
1,2,18,
20,20,20,3,3,20,4,5,7,6,8,9,9,4,10,10,10,10,10,10,1,2,2,20,10,19,17,20,10,10,20,20,
1,2,18,
1,2,18,
5,4,6,7,8,9,9,4,4,10,17,19,10,4,4,1,2,3,3,4,
1,2,18,
1,2,18,
1,2,18,
1,2,18,
1,2,18,
1,2,18,
12,10,18,21,12,4,10,10,17,6,8,9,9,10,10,4,4,5,10,6,7,8,9,9,4,1,2,3,3,10,11,11,10,10,10,
18,4,1,2,3,3,4,4,4,
1,2,18,
1,2,18,
6,7,8,9,9,4,10,10,10,10,1,2,2,10,10,10,10,10,10,17,19,10,4,20,3,3,20,5,
1,2,2,20,18,20,
20,20,20,20,20,20,20,18,20,1,2,2,
1,2,2,20,18,20,
20,1,2,2,18,20,
4,4,4,4,1,2,4,3,3,19,4,4,4,4,4,4,4,4,4,4,4,4,4,4,4,4,4,4,4,
20,1,2,2,18,20,
5,7,6,8,9,9,4,4,10,4,10,10,18,21,10,1,2,3,3,4,
4,4,4,4,4,4,4,4,4,4,4,4,4,4,4,4,4,4,1,2,3,3,4,4,19,4,4,4,4,4,4,4,4,4,4,4,4,4,4,4,4,4,
1,2,2,20,20,20,3,3,20,4,10,10,5,6,7,8,9,9,4,10,10,10,17,6,8,9,9,10,10,10,17,6,8,9,9,10,10,10,10,10,10,10,19,17,10,10,10,
7,6,8,9,9,4,10,10,11,11,10,1,2,2,12,20,18,21,12,10,3,3,20,5,4,
20,1,2,2,18,20,20,20,
3,3,20,4,10,11,11,10,4,1,2,2,12,20,4,21,18,12,5,6,7,8,9,9,4,
1,2,18,
1,2,18,
5,7,6,8,9,9,4,10,10,4,4,4,4,4,4,4,4,1,2,3,3,4,10,4,10,10,19,17,10,4,10,4,4,4,4,
4,4,4,4,4,18,4,1,2,3,3,
10,10,4,5,6,7,8,9,9,4,1,2,3,3,10,19,17,10,
10,10,10,10,10,10,17,19,10,10,1,2,3,3,4,10,10,5,7,6,8,9,9,4,10,10,
1,2,18,
10,10,10,10,10,10,10,10,10,10,10,10,10,10,10,10,10,10,17,19,10,1,2,3,3,4,5,6,7,8,9,9,4,10,10,
4,4,4,4,4,4,4,19,4,4,4,4,1,2,3,3,4,
1,2,2,20,3,3,20,4,18,4,4,4,
1,2,18,
10,10,1,2,2,20,3,3,20,4,5,6,7,8,9,9,4,10,19,17,10,
4,4,4,18,4,1,2,3,3,4,4,4,4,4,4,
22,10,10,22,22,22,22,21,18,12,22,22,22,22,22,22,22,22,1,2,3,3,10,10,10,11,11,10,10,10,12,12,12,12,4,12,12,22,4,4,4,22,5,22,22,22,22,7,6,8,9,9,4,10,22,10,12,12,12,
1,2,2,20,18,20,
4,4,4,4,1,2,3,3,4,4,4,4,18,4,4,
10,10,10,10,1,2,10,3,3,4,10,4,4,5,10,19,17,7,6,8,9,9,4,
1,2,18,
4,4,4,4,4,4,4,4,4,4,4,4,4,4,19,4,1,2,3,3,4,
4,1,2,3,3,5,10,10,10,4,7,6,8,9,9,4,17,6,8,9,9,10,10,10,10,10,10,10,10,10,10,10,10,10,10,10,10,10,4,10,10,
10,1,2,2,12,12,12,12,12,22,22,22,22,22,10,11,11,10,22,20,22,22,3,3,20,22,22,22,22,4,4,4,5,22,22,22,6,7,8,9,9,4,10,15,14,16,13,12,10,12,10,
22,5,22,22,22,22,12,12,12,12,1,2,3,3,7,6,8,9,9,4,22,22,10,11,11,10,12,12,12,14,15,16,13,12,12,22,22,22,4,12,
4,4,4,18,4,4,1,2,3,3,4,4,4,
1,2,2,20,18,20,
10,5,7,6,8,9,9,4,10,17,6,8,9,9,10,10,10,10,10,10,10,10,10,10,10,10,10,10,10,1,2,10,19,17,3,3,4,4,4,4,4,10,
1,2,3,3,22,22,22,22,22,22,17,19,22,22,10,11,11,10,12,22,22,10,10,22,4,4,4,22,22,5,22,6,7,8,9,9,4,22,22,6,17,8,9,9,22,22,22,12,12,22,
6,7,8,9,9,4,1,2,2,20,20,10,19,17,10,20,3,3,20,4,5,
1,2,2,20,18,20,
4,4,4,4,4,4,4,4,4,4,4,4,4,4,4,1,2,3,3,4,4,4,4,4,4,4,19,4,4,4,4,4,
1,2,18,
10,10,10,22,10,1,2,3,3,22,22,10,10,4,22,12,22,4,10,4,22,12,17,6,8,9,9,10,10,12,12,4,12,12,10,10,11,11,10,4,4,5,12,4,22,7,6,8,9,9,4,21,18,22,10,10,22,22,
1,2,2,20,20,20,20,20,18,20,
1,2,2,20,20,20,18,20,
1,2,2,20,18,20,
1,2,2,20,18,20,
15,14,13,16,12,4,4,4,4,1,2,2,4,5,7,6,8,9,9,4,10,20,10,10,11,11,10,20,20,3,3,20,10,12,10,
1,2,18,
10,10,10,10,4,4,10,10,10,10,10,10,10,10,1,2,2,20,3,3,20,4,5,10,6,7,8,9,9,4,10,17,6,8,9,9,10,10,17,19,10,10,
4,4,4,4,4,4,19,4,4,4,4,4,1,2,4,4,3,3,4,4,4,
4,1,2,2,20,20,20,3,3,20,18,4,
4,4,4,4,4,4,4,4,4,4,4,4,4,4,4,4,1,2,2,4,4,4,4,4,4,4,4,4,19,4,4,20,3,3,20,
22,12,22,22,22,22,12,22,22,22,15,14,13,16,12,10,11,11,10,22,22,12,22,12,12,12,12,22,22,22,12,22,22,22,22,22,22,22,22,22,22,12,22,1,2,3,3,4,5,22,22,22,12,22,7,6,8,9,9,4,10,10,22,22,22,22,10,22,22,22,22,22,22,22,22,22,10,12,12,22,
1,2,18,
1,2,18,
10,4,4,4,4,10,11,11,10,1,2,12,3,3,4,5,6,7,8,9,9,4,10,10,14,15,13,16,12,10,10,10,10,10,
1,2,2,20,18,20,
1,2,18,
20,18,20,1,2,2,
10,10,10,1,2,2,10,20,3,3,20,4,10,10,10,10,10,10,5,10,17,19,10,6,7,8,9,9,4,
6,7,8,9,9,4,10,12,10,10,18,21,12,17,6,8,9,9,10,1,2,2,20,10,20,20,3,3,20,11,11,4,10,4,4,5,
10,10,10,17,6,8,9,9,10,10,18,21,10,4,1,2,3,3,5,6,7,8,9,9,4,10,17,6,8,9,9,10,10,10,
10,4,4,4,19,17,10,4,10,10,10,1,2,3,3,4,5,6,7,8,9,9,4,10,17,6,8,9,9,10,10,
18,20,1,2,2,20,
4,4,4,4,4,4,4,19,4,1,2,3,3,
4,4,4,4,4,1,2,10,3,3,4,4,10,10,4,10,10,4,4,5,7,6,8,9,9,4,21,18,10,10,10,4,
1,2,2,20,18,20,
4,4,4,4,4,4,4,4,4,4,4,4,4,4,4,4,4,4,4,4,4,4,4,4,4,1,2,3,3,4,4,4,4,4,4,4,19,4,4,4,4,4,4,4,4,4,
1,2,2,20,18,20,
1,2,3,3,12,4,12,10,11,11,10,6,17,8,9,9,12,10,22,13,15,16,14,22,10,5,7,6,8,9,9,4,10,6,17,8,9,9,10,10,10,10,12,10,12,22,22,22,22,22,12,22,22,22,22,12,12,22,22,22,12,12,
20,18,20,1,2,2,
1,2,18,
1,2,18,
1,2,2,20,18,20,
1,2,3,3,4,19,4,
22,22,4,12,22,5,15,13,14,16,12,7,6,8,9,9,4,1,2,3,3,12,12,10,22,10,10,10,10,17,6,8,9,9,10,10,11,11,10,22,12,
1,2,2,20,18,20,
1,2,18,
20,1,2,2,18,20,
1,2,18,
1,2,18,
1,2,18,
1,2,18,
1,2,18,
4,10,10,10,10,10,17,6,8,9,9,10,10,10,10,10,5,6,7,8,9,9,4,10,10,1,2,3,3,4,10,10,4,
1,2,18,
4,20,4,3,3,20,10,17,19,10,4,4,4,1,2,2,5,20,20,7,6,8,9,9,4,10,10,4,4,
1,2,18,
1,2,18,
1,2,18,
1,2,2,20,18,20,
4,4,4,4,4,4,4,4,4,4,4,1,2,4,3,3,4,4,4,4,4,4,4,4,4,19,4,4,4,4,4,4,
4,4,4,18,4,1,2,2,4,4,4,4,20,3,3,20,4,4,4,4,
10,4,10,4,10,10,10,5,10,7,6,8,9,9,4,10,10,10,10,10,1,2,3,3,10,10,10,10,10,10,10,10,19,17,10,10,10,10,4,
4,10,10,10,10,10,10,4,10,4,10,20,5,3,3,20,6,7,8,9,9,4,10,1,2,2,10,10,4,4,10,10,19,17,10,10,10,10,
1,2,18,
4,1,2,3,3,19,4,
1,2,3,3,4,4,4,5,19,4,
4,20,20,18,4,20,3,3,20,1,2,2,
1,2,2,4,19,4,4,20,3,3,20,4,
4,4,4,4,4,1,2,2,4,4,4,4,4,4,4,4,4,4,4,4,19,20,3,3,20,
1,2,18,
18,21,12,1,2,3,3,10,4,4,10,10,11,11,10,4,5,7,6,8,9,9,4,10,10,12,
1,2,2,20,18,20,
1,2,2,20,18,20,
4,1,2,3,3,5,6,7,8,9,9,4,10,10,10,19,17,10,
1,2,18,
10,10,10,10,10,4,1,2,2,4,4,10,5,10,10,7,6,8,9,9,4,10,10,17,19,4,10,20,4,3,3,20,
5,10,10,10,4,10,7,6,8,9,9,4,10,17,6,8,9,9,10,10,10,1,2,2,10,10,4,10,10,10,17,19,4,4,4,10,4,4,4,4,4,10,4,10,4,20,4,10,3,3,20,
10,22,22,22,22,22,1,2,3,3,22,22,12,12,12,12,22,10,11,11,10,22,12,16,13,14,15,12,4,12,5,7,6,8,9,9,4,10,
12,12,4,10,11,11,10,22,17,19,22,5,1,2,3,3,7,6,8,9,9,4,10,22,22,22,22,10,12,12,12,12,12,12,12,
10,11,11,10,12,1,2,3,3,18,21,4,12,5,6,7,8,9,9,4,
1,2,18,
1,2,2,20,3,3,20,4,4,4,18,4,
1,2,3,3,4,18,4,
4,4,4,18,4,1,2,2,20,3,3,20,
4,4,1,2,4,3,3,4,4,4,4,4,4,10,4,17,19,10,4,5,7,6,8,9,9,4,4,4,4,4,4,4,4,4,
22,12,12,17,6,8,9,9,22,1,2,3,3,4,22,22,22,22,22,22,22,22,22,5,22,22,22,22,12,6,7,8,9,9,4,22,10,11,11,10,12,12,22,22,11,11,22,22,12,22,22,22,22,22,12,22,22,22,22,22,15,14,13,16,12,22,22,22,22,22,22,22,22,22,22,22,22,22,
12,12,10,5,22,21,18,22,22,6,7,8,9,9,4,10,10,22,10,1,2,3,3,22,12,22,22,22,22,22,22,22,22,22,22,10,22,22,4,10,22,10,11,11,10,22,22,
1,2,3,3,4,4,4,19,4,4,4,4,4,
20,18,20,1,2,2,
6,7,8,9,9,4,10,6,17,8,9,9,10,10,6,17,8,9,9,10,10,17,6,8,9,9,10,10,4,10,5,4,10,10,10,4,4,17,19,10,1,2,3,3,4,10,4,10,4,4,4,
10,10,10,10,11,11,10,10,4,12,12,5,7,6,8,9,9,4,12,1,2,3,3,14,15,16,13,12,
5,6,7,8,9,9,4,19,17,10,1,2,3,3,4,10,
1,2,18,
1,2,18,
4,19,4,4,4,4,4,1,2,3,3,
4,18,4,1,2,3,3,
20,18,20,1,2,2,
1,2,18,
1,2,18,
10,10,5,6,7,8,9,9,4,10,10,1,2,3,3,10,18,21,10,4,10,10,
10,10,10,10,4,10,4,4,10,10,5,1,2,3,3,10,6,7,8,9,9,4,10,10,10,10,10,10,
4,4,10,10,10,4,4,10,10,10,10,1,2,3,3,10,10,10,4,4,10,4,4,10,10,4,4,10,4,4,10,4,4,5,6,7,8,9,9,4,10,4,
10,4,10,4,4,5,6,7,8,9,9,4,10,12,12,17,6,8,9,9,10,12,10,11,11,10,1,2,2,10,10,10,14,15,13,16,12,10,10,10,20,4,4,17,6,8,9,9,10,4,4,3,3,20,10,
1,2,18,
1,2,18,
1,2,18,
1,2,18,
4,12,22,1,2,2,22,12,5,12,7,6,8,9,9,4,22,22,22,12,12,12,15,13,14,16,12,10,11,11,10,22,12,22,22,12,10,22,22,20,3,3,20,10,10,12,12,10,22,12,22,4,22,22,22,4,12,
1,2,3,3,4,4,4,18,4,
22,22,1,2,2,10,12,12,22,22,20,12,22,3,3,20,4,12,10,10,22,22,12,11,11,22,10,22,12,22,17,6,8,9,9,10,22,22,22,22,11,11,10,12,22,22,17,6,8,9,9,22,22,12,22,12,22,15,14,13,16,12,5,6,7,8,9,9,4,10,12,22,22,22,12,22,22,10,22,12,12,22,
12,10,22,6,17,8,9,9,10,1,2,22,22,3,3,22,4,10,12,22,15,16,14,13,12,10,5,10,11,11,10,7,6,8,9,9,4,10,12,12,10,
4,18,4,1,2,3,3,4,4,
1,2,2,20,18,20,
4,4,10,10,10,4,10,10,10,12,12,12,10,20,20,1,2,2,20,20,20,20,20,3,3,20,4,4,5,6,7,8,9,9,4,10,18,21,12,10,10,10,4,10,4,10,10,11,11,10,10,
4,4,22,22,22,12,4,22,4,22,12,12,10,11,11,10,12,4,12,4,4,4,4,4,15,13,14,16,12,12,5,4,1,2,3,3,7,6,8,9,9,4,4,4,12,12,22,4,22,4,4,22,4,22,
1,2,18,
1,2,18,
5,7,6,8,9,9,4,10,18,21,10,10,10,1,2,3,3,4,
1,2,18,
1,2,2,20,18,20,
4,4,1,2,3,3,12,4,12,5,22,4,6,7,8,9,9,4,10,4,11,11,10,12,22,12,22,22,12,12,22,15,16,13,14,12,
1,2,18,
1,2,18,
4,4,4,18,4,20,1,2,2,3,3,20,4,4,4,4,4,4,
10,10,12,10,12,10,15,13,14,16,12,1,2,3,3,22,22,22,12,12,12,22,22,10,11,11,10,4,12,4,4,12,10,12,5,12,12,12,12,6,7,8,9,9,4,17,6,8,9,9,10,10,10,
22,22,10,22,22,12,22,22,22,22,22,10,10,11,11,10,22,22,10,22,22,22,22,10,22,1,2,2,20,3,3,20,22,22,22,22,22,22,22,22,22,22,22,22,12,12,12,12,4,22,12,5,7,6,8,9,9,4,10,6,17,8,9,9,10,22,10,22,15,13,14,16,12,10,22,22,22,22,
20,18,20,1,2,2,
1,2,18,
10,11,11,10,6,17,8,9,9,10,10,10,10,12,10,13,15,16,14,12,4,4,1,2,3,3,4,4,4,4,4,5,6,7,8,9,9,4,10,
22,22,12,22,12,22,12,22,12,12,12,10,12,12,12,12,10,12,15,16,13,14,12,10,11,11,10,12,22,22,22,22,10,12,11,11,22,12,12,10,1,2,3,3,4,22,22,22,22,22,6,17,8,9,9,12,5,7,6,8,9,9,4,10,10,22,22,22,22,
4,4,19,4,4,20,3,3,20,1,2,2,
6,7,8,9,9,4,10,10,4,4,14,15,16,13,12,20,20,20,20,10,20,11,11,10,3,3,20,20,20,4,1,2,2,4,4,5,12,
4,18,4,4,20,3,3,20,4,1,2,2,
13,15,14,16,22,12,4,22,10,22,22,4,11,11,10,22,20,22,3,3,20,22,22,22,4,22,22,12,4,4,12,22,22,4,22,4,4,4,4,4,5,4,4,6,17,8,9,9,22,4,22,22,4,4,12,12,12,12,4,12,22,22,1,2,2,7,6,22,8,9,9,4,22,22,22,
1,2,2,20,18,20,
1,2,18,
1,2,18,
1,2,3,3,4,18,4,
1,2,18,
4,4,4,4,4,4,5,19,4,4,4,1,2,3,3,4,
4,1,2,2,20,3,3,20,18,4,
1,2,18,
1,2,18,
18,4,4,4,1,2,3,3,4,4,4,
22,10,11,11,10,12,12,10,22,10,22,22,22,1,2,3,3,22,12,12,12,22,22,22,22,22,22,4,22,22,4,22,4,22,22,22,22,5,22,12,22,6,7,22,8,9,9,4,15,16,13,14,22,22,22,
4,4,4,4,4,4,4,4,4,4,4,4,4,4,4,4,4,4,4,1,2,2,4,4,4,4,20,3,3,20,4,4,18,4,4,4,4,4,4,4,4,4,
4,4,4,19,4,1,2,3,3,
1,2,18,
4,12,20,3,3,20,12,12,10,10,5,10,18,21,12,7,6,8,9,9,4,12,12,12,10,22,22,22,22,12,12,22,22,22,22,22,1,2,2,10,11,11,10,
4,15,13,14,16,22,10,4,4,10,11,11,10,4,4,12,5,12,6,7,8,9,9,4,10,22,22,17,6,8,9,9,10,10,22,12,12,10,10,10,22,22,22,22,22,10,22,10,10,10,10,12,10,6,17,1,2,10,8,9,9,12,12,3,3,22,
12,12,10,11,11,10,1,2,3,3,14,13,15,16,12,4,5,12,6,7,8,9,9,4,10,10,
4,4,4,4,4,1,2,2,20,3,3,20,4,4,4,4,18,4,4,4,
4,4,5,6,7,8,9,9,4,10,17,6,8,9,9,10,10,10,1,2,2,21,18,10,20,3,3,20,4,10,10,10,
1,2,2,20,18,20,
5,4,4,4,4,10,7,6,8,9,9,4,10,6,17,8,9,9,10,10,10,10,10,1,2,2,10,10,4,4,10,20,10,3,3,20,10,10,10,10,10,10,10,20,4,10,4,10,10,10,4,10,20,10,4,4,10,10,4,10,4,4,10,4,4,4,
1,2,18,
1,2,18,
1,2,2,20,18,20,
1,2,2,20,18,20,
20,18,20,1,2,2,
6,7,8,9,9,4,12,10,22,22,10,6,17,8,9,9,12,22,22,12,22,14,13,15,16,12,10,10,10,11,11,10,22,1,2,3,3,22,4,22,5,22,11,11,22,
1,2,2,4,4,4,4,4,4,4,4,4,4,4,20,4,20,4,4,20,3,3,20,4,4,4,19,4,4,4,4,4,4,
17,19,10,1,2,3,3,4,5,6,7,8,9,9,4,10,10,10,
4,4,4,4,4,10,10,5,10,10,7,6,8,9,9,4,4,4,10,4,19,17,10,1,2,3,3,10,10,4,
10,10,10,10,18,21,10,1,2,3,3,4,5,7,6,8,9,9,4,10,17,6,8,9,9,10,10,
1,2,2,20,18,20,
1,2,18,
18,4,1,2,3,3,4,4,4,4,4,4,4,
1,2,18,
1,2,2,20,18,20,
20,18,20,20,1,2,2,20,
10,10,19,17,22,20,3,3,20,22,22,22,22,4,12,12,12,22,12,4,22,10,11,11,10,10,10,4,22,22,12,12,4,22,12,22,22,22,12,12,4,1,2,2,22,22,5,22,22,6,7,8,9,9,4,22,10,10,
4,4,4,4,5,4,4,4,4,19,4,1,2,3,3,4,4,4,
4,4,4,4,4,19,4,4,4,1,2,3,3,
1,2,2,20,20,20,18,20,
1,2,2,20,18,20,
1,2,18,
4,4,4,18,4,1,2,3,3,
20,18,20,1,2,2,
1,2,18,
22,5,7,6,8,9,9,4,22,22,22,22,22,22,13,16,15,14,12,22,10,12,12,10,11,11,10,22,20,3,3,20,12,12,12,12,4,22,12,1,2,2,4,22,22,4,4,22,22,22,22,22,22,22,22,12,12,10,12,12,22,4,4,4,10,22,10,
1,2,3,3,4,18,4,
8,9,9,4,10,17,6,8,9,9,10,10,10,10,10,12,10,11,11,10,20,18,21,12,20,20,3,3,20,1,2,2,4,10,10,5,6,7,
20,20,20,18,20,1,2,2,
5,7,6,8,9,9,4,10,12,12,10,22,22,22,22,22,22,22,22,22,12,22,22,1,2,2,10,20,3,3,20,12,4,10,11,11,10,15,14,13,16,12,10,
4,4,1,2,4,3,3,19,4,
1,2,2,20,18,20,
4,4,4,12,4,4,4,4,4,4,4,4,1,2,2,10,10,20,22,4,3,3,20,22,4,22,4,4,22,22,4,21,18,22,4,4,4,4,4,4,4,4,4,12,12,10,11,11,10,4,5,6,7,8,9,9,4,22,4,22,
20,1,2,2,3,3,20,4,18,4,
3,3,20,4,20,1,2,2,4,18,4,4,
1,2,18,
1,2,18,
4,1,2,3,3,4,4,4,4,19,4,4,4,4,4,4,4,4,4,4,4,4,
1,2,2,20,18,20,
4,10,10,5,10,7,6,8,9,9,4,10,10,10,10,10,10,10,10,10,1,2,3,3,10,19,17,
4,5,10,6,7,8,9,9,4,10,6,17,8,9,9,10,19,17,10,1,2,3,3,
4,4,1,2,3,3,4,4,4,19,4,4,4,
1,2,3,3,4,4,4,4,4,4,19,4,4,4,
20,18,20,1,2,2,
1,2,18,
10,20,3,3,20,4,4,10,4,5,7,6,8,9,9,4,10,10,10,10,1,2,2,10,19,17,10,10,10,
1,2,18,
5,10,7,6,8,9,9,4,12,10,10,10,10,10,18,21,12,10,10,11,11,10,10,10,10,4,1,2,3,3,10,10,
18,1,2,
1,2,18,
4,12,7,6,8,9,9,4,12,12,10,12,10,1,2,3,3,4,16,14,15,13,12,10,11,11,10,5,10,10,4,12,10,10,12,12,
20,18,20,1,2,2,
4,21,18,12,5,6,7,8,9,9,4,10,17,6,8,9,9,10,10,10,11,11,10,12,1,2,3,3,10,10,10,
10,10,10,10,10,10,10,10,10,1,2,3,3,12,12,4,10,11,11,10,5,17,6,8,9,9,12,22,6,7,15,13,16,14,22,8,9,9,4,10,6,17,8,9,9,10,12,10,
20,18,20,1,2,2,
1,2,18,
10,10,4,10,10,5,7,6,8,9,9,4,10,10,1,2,3,3,4,10,4,4,4,17,19,10,10,10,
5,7,6,8,9,9,4,10,10,10,10,10,4,10,4,10,10,4,4,10,10,10,10,20,4,4,10,10,3,3,20,4,4,10,1,2,2,10,10,4,10,10,10,
4,4,4,4,4,4,4,4,4,4,4,4,4,4,4,4,4,4,4,4,4,4,4,4,19,4,4,4,1,2,3,3,
20,18,20,1,2,2,
1,2,18,
1,2,18,
1,2,18,
10,10,4,4,1,2,4,3,3,4,4,6,17,8,9,9,12,10,4,4,4,4,4,13,15,14,16,12,4,10,11,11,10,4,4,5,6,7,8,9,9,4,10,
1,2,18,
1,2,22,3,3,5,22,22,22,22,7,6,8,9,9,4,10,12,10,22,22,22,22,22,4,4,22,12,12,10,11,11,10,4,4,22,22,4,4,4,4,4,4,12,4,14,13,15,16,12,22,22,
1,2,18,
20,1,2,2,18,20,
1,2,18,
1,2,2,20,18,20,
4,4,1,2,3,3,4,4,4,4,4,19,4,
1,2,2,20,18,20,
4,5,7,6,8,9,9,4,22,22,12,12,22,12,10,11,11,10,14,15,16,13,12,12,1,2,3,3,
4,10,10,4,1,2,2,4,10,4,4,10,5,10,7,6,8,9,9,4,10,4,10,10,10,4,4,4,10,10,10,20,3,3,20,4,4,10,10,
1,2,2,20,18,20,
1,2,18,
10,10,1,2,2,10,10,6,17,8,9,9,10,10,10,10,10,10,10,10,10,4,5,6,7,8,9,9,4,4,20,10,3,3,20,10,10,4,
1,2,18,
4,4,4,4,4,1,2,3,3,4,4,18,4,4,4,
21,18,12,10,11,11,10,12,1,2,3,3,4,5,7,6,8,9,9,4,10,10,
3,3,4,4,4,4,4,4,4,4,4,4,4,4,4,19,4,4,4,4,4,4,1,2,
1,2,18,
10,4,10,10,11,11,10,5,7,6,8,9,9,4,10,17,6,8,9,9,10,10,10,12,21,18,12,1,2,2,20,3,3,20,
4,4,4,4,4,1,2,4,3,3,4,4,4,4,4,4,4,4,4,4,4,4,4,4,4,19,4,4,4,4,4,4,4,4,
22,22,4,12,4,12,12,4,4,22,22,12,12,4,22,22,17,19,22,22,22,22,22,22,5,22,7,6,8,9,9,4,12,1,2,10,3,3,4,4,4,4,10,11,11,10,17,6,8,9,9,10,22,4,4,12,22,12,22,22,
1,2,3,3,4,4,5,19,4,4,4,4,4,4,4,4,
12,12,12,4,4,4,4,12,10,4,10,4,1,2,3,3,4,12,4,4,4,4,10,10,11,11,10,12,10,12,12,5,6,7,8,9,9,4,4,22,22,4,4,4,4,4,22,14,15,16,13,12,22,22,
5,18,4,1,2,2,20,3,3,20,4,
18,20,1,2,2,20,
22,10,11,11,10,22,6,17,8,9,9,22,22,22,22,22,22,22,15,16,13,14,12,22,22,22,12,12,4,10,6,17,8,9,9,22,22,22,4,10,4,12,22,1,2,2,22,22,22,5,22,22,22,12,22,6,7,8,9,9,4,10,4,17,6,8,9,9,10,4,17,6,8,9,9,22,10,10,12,20,22,22,22,3,3,20,11,11,22,12,
12,4,22,4,4,5,10,11,11,10,6,7,8,9,9,4,22,22,10,10,10,12,22,22,10,13,14,16,15,12,22,22,22,22,22,12,12,1,2,3,3,10,22,10,
4,5,6,7,8,9,9,4,10,10,10,10,10,4,10,10,4,10,10,10,10,10,4,4,10,10,1,2,3,3,
4,4,4,4,4,4,4,4,4,4,4,4,4,4,4,4,4,4,4,4,4,4,4,4,4,4,4,19,4,4,4,4,4,4,4,1,2,4,4,3,3,4,
1,2,18,
20,3,3,20,4,4,4,4,4,1,2,2,19,4,4,4,
1,2,18,
10,10,10,11,11,10,12,4,18,21,12,10,10,10,10,5,7,6,8,9,9,4,10,10,1,2,3,3,
4,10,1,2,3,3,4,4,10,10,4,5,6,7,8,9,9,4,10,10,10,4,
10,10,10,10,10,10,10,10,20,12,12,12,3,3,20,22,22,22,1,2,2,4,10,11,11,10,12,5,16,14,13,15,12,22,7,6,8,9,9,4,22,
1,2,18,
1,2,18,
17,6,8,9,9,10,1,2,2,12,3,3,20,22,22,22,12,10,10,12,12,12,15,13,16,14,12,12,12,22,4,22,22,22,4,22,22,10,12,12,22,10,12,22,22,22,4,12,12,12,22,22,22,22,10,11,11,10,12,5,22,22,6,7,8,9,9,4,10,20,
1,2,18,
20,18,20,1,2,2,
1,2,3,3,4,19,4,4,4,
22,10,12,12,22,10,6,7,8,9,9,4,10,10,12,12,12,10,17,6,8,9,9,10,10,17,6,8,9,9,10,10,22,22,10,12,12,22,10,22,1,2,22,3,3,22,22,12,12,12,10,11,11,10,12,12,4,12,10,10,12,12,15,16,13,14,12,5,22,22,22,10,
4,10,4,4,1,2,3,3,4,10,4,4,4,4,5,6,7,8,9,9,4,10,19,17,10,4,
1,2,18,
19,4,20,3,3,20,1,2,2,4,
4,4,4,4,4,4,4,4,4,4,4,10,4,10,10,10,5,10,10,4,4,7,6,8,9,9,4,4,4,4,4,4,4,4,1,2,3,3,4,4,4,4,4,4,4,4,
1,2,3,3,4,10,10,17,19,10,10,10,4,10,10,10,10,10,10,4,10,5,10,6,7,8,9,9,4,10,
4,1,2,18,4,3,3,
4,5,7,6,8,9,9,4,1,2,3,3,10,19,17,10,
12,12,16,13,15,14,12,10,10,4,5,10,10,22,22,22,6,7,8,9,9,4,10,22,17,6,8,9,9,10,10,11,11,10,12,12,22,4,22,4,20,1,2,2,3,3,20,22,
1,2,18,
22,4,22,12,12,4,12,6,7,8,9,9,4,10,22,22,6,17,8,9,9,10,10,22,22,22,10,22,22,22,22,22,22,22,1,2,10,22,3,3,22,10,11,11,10,10,12,4,6,17,8,9,9,22,22,4,22,17,6,8,9,9,22,22,12,22,6,17,8,9,9,22,12,22,22,4,22,22,11,11,22,15,14,13,16,12,22,5,12,12,12,
10,10,10,10,4,5,7,6,8,9,9,4,10,10,10,10,10,10,10,10,10,10,10,10,10,10,10,10,10,10,1,2,10,3,3,10,10,10,
22,22,22,22,4,12,22,22,4,22,22,4,4,20,22,3,3,20,12,4,22,12,12,22,12,12,5,16,15,13,14,12,12,6,7,8,9,9,4,10,10,10,10,4,4,10,11,11,10,1,2,2,22,
20,18,20,1,2,2,
22,4,10,12,10,22,10,12,12,12,10,17,6,8,9,9,10,10,10,10,10,13,15,16,14,12,10,10,12,12,4,4,20,12,10,3,3,20,11,11,10,22,22,22,12,12,12,12,22,22,10,10,22,22,4,4,22,10,22,22,22,4,12,22,4,4,5,10,6,7,8,9,9,4,10,10,1,10,2,2,22,22,22,4,10,22,10,10,22,10,22,22,
19,4,4,20,3,3,20,4,4,4,1,2,2,4,4,4,
4,4,4,4,4,4,4,4,4,4,4,4,4,4,4,4,4,4,19,4,4,4,4,4,4,1,2,3,3,4,4,4,
22,22,22,22,12,12,22,22,12,22,22,12,22,22,10,4,10,10,22,22,22,10,4,1,2,2,12,12,22,4,4,5,6,7,4,4,22,8,9,9,4,20,22,3,3,20,22,22,22,22,22,22,22,4,22,22,10,11,11,10,22,22,
1,2,18,
1,2,18,
1,2,18,
4,18,4,20,3,3,20,1,2,2,
20,18,20,1,2,2,
1,2,18,
1,2,18,
4,10,10,1,2,2,10,5,6,17,8,9,9,10,10,10,20,3,3,20,7,6,8,9,9,4,10,10,10,10,10,10,10,10,
15,13,14,16,12,10,10,11,11,10,4,4,17,6,8,9,9,10,4,4,10,5,10,4,7,6,8,9,9,4,10,6,17,8,9,9,10,1,2,3,3,12,10,10,
10,10,10,10,10,10,10,10,10,10,10,10,4,10,5,6,7,8,9,9,4,1,2,3,3,10,10,10,
1,2,3,3,5,6,7,8,9,9,4,10,6,17,8,9,9,10,10,10,10,10,10,10,4,4,4,10,10,10,10,10,10,
1,2,18,
18,21,12,10,10,4,4,4,4,4,4,10,4,4,11,11,10,4,4,4,10,12,1,2,5,3,3,10,10,10,12,12,7,6,8,9,9,4,10,10,
1,2,2,20,18,20,
1,2,18,
1,2,18,
1,2,2,4,12,4,4,12,14,13,15,16,12,5,22,6,7,8,9,9,4,12,22,10,22,10,20,22,3,3,20,22,22,12,22,22,22,10,11,11,10,12,12,12,12,
1,2,18,
1,2,18,
1,2,18,
1,2,18,
1,2,2,20,18,20,
4,4,4,4,4,4,1,2,2,4,4,20,3,3,20,4,4,4,19,4,4,4,4,4,4,4,4,
20,18,20,1,2,2,
1,2,18,
1,2,18,
1,2,2,20,18,20,
1,2,2,20,18,20,
1,2,18,
18,4,4,4,1,2,3,3,4,
20,20,20,1,2,2,18,20,
20,18,20,20,1,2,2,20,
20,20,20,18,20,20,1,2,2,20,
12,12,22,14,15,13,16,12,10,10,4,10,11,11,10,12,5,22,22,22,6,7,8,9,9,4,22,22,10,10,10,17,6,8,9,9,10,10,10,10,10,10,22,22,10,22,12,20,1,2,2,3,3,20,10,10,
18,20,1,2,2,20,
20,18,20,1,2,2,
1,2,18,
1,2,18,
1,2,3,3,4,19,4,
1,2,3,3,4,4,4,4,4,4,4,4,
1,2,18,
15,14,16,13,12,1,2,3,3,4,5,6,7,8,9,9,4,10,11,11,10,12,
1,2,18,
6,7,8,9,9,4,10,10,10,10,12,12,22,10,11,11,10,12,12,12,10,1,2,22,3,3,4,22,10,10,10,10,10,22,22,22,10,10,22,22,22,22,22,22,22,12,12,12,12,12,12,12,12,22,22,22,12,22,5,12,
1,2,18,
10,19,17,10,4,1,2,3,3,5,6,7,8,9,9,4,10,10,
4,4,4,4,1,2,3,3,4,4,4,4,4,4,
10,10,10,10,10,10,4,1,2,3,3,4,4,5,6,7,8,9,9,4,10,10,10,19,17,10,
1,2,2,4,20,3,3,20,18,4,
7,6,8,9,9,4,10,12,17,6,8,9,9,10,22,22,22,12,10,15,14,16,13,12,10,22,22,22,10,11,11,10,12,12,1,2,3,3,22,4,5,
1,2,18,
1,2,18,
1,2,18,
22,22,22,22,22,12,10,1,2,2,10,22,12,22,20,3,3,20,22,22,22,22,12,12,12,22,22,10,10,22,12,14,15,13,16,12,22,10,11,11,10,22,22,22,22,22,12,22,22,22,22,22,22,22,22,4,10,22,22,5,10,7,6,8,9,9,4,12,12,
10,10,10,1,2,3,3,10,11,11,10,16,13,14,15,12,12,10,10,10,4,10,5,6,7,8,9,9,4,10,17,6,8,9,9,10,10,4,10,10,4,6,17,8,9,9,10,10,
4,4,4,4,4,1,2,3,3,4,4,4,4,4,4,4,4,4,4,4,
18,4,4,4,1,2,2,20,20,4,20,3,3,20,
1,2,18,
10,10,18,21,20,12,20,10,3,3,20,11,11,10,1,2,2,4,20,12,5,6,7,8,9,9,4,
1,2,18,
1,2,18,
4,4,19,4,1,2,3,3,4,
10,10,20,3,3,20,4,5,10,6,17,8,9,9,10,10,10,6,7,8,9,9,4,10,12,11,11,10,18,21,12,10,10,1,2,2,
4,1,2,4,3,3,4,4,18,4,4,
4,4,4,4,18,4,4,4,4,4,1,2,2,4,4,4,4,4,4,4,4,4,4,20,4,4,4,4,4,3,3,20,
18,20,1,2,2,20,
4,4,4,4,4,4,4,4,4,1,2,2,4,4,4,18,4,20,3,3,20,4,
22,22,12,22,15,13,16,14,12,10,12,12,22,22,4,10,10,10,10,10,10,10,5,12,1,2,12,3,3,7,6,8,9,9,4,10,17,6,8,9,9,10,12,12,22,12,22,22,22,4,22,4,10,22,11,11,10,
4,4,4,4,4,1,2,4,3,3,4,4,
3,3,20,4,4,19,4,4,1,2,2,20,
1,2,18,
10,10,4,5,10,6,7,8,9,9,4,10,10,10,10,17,6,8,9,9,10,10,10,10,10,10,10,10,10,10,10,10,10,10,19,17,10,1,2,3,3,
20,18,20,1,2,2,
1,2,18,
1,2,2,20,18,20,
1,2,3,3,17,6,8,9,9,10,10,10,10,10,10,10,4,10,10,10,10,4,5,4,6,7,8,9,9,4,10,10,10,10,10,10,10,10,10,
4,4,1,2,10,3,3,10,10,10,10,10,10,10,10,4,4,4,5,7,6,8,9,9,4,10,6,17,8,9,9,10,10,
4,10,4,5,10,4,7,6,8,9,9,4,1,2,3,3,4,4,4,4,10,10,
4,5,19,4,1,2,3,3,
22,22,10,10,10,10,4,10,22,22,10,10,10,22,11,11,10,1,2,5,3,3,7,6,8,9,9,10,4,10,10,10,12,12,10,10,10,10,10,10,10,22,12,
18,21,12,10,11,11,10,1,2,3,3,4,22,5,7,6,8,9,9,4,22,22,22,12,12,22,12,12,
4,4,4,4,4,4,4,4,4,4,1,2,3,3,19,4,4,
1,2,18,
4,4,4,4,4,4,4,19,4,4,4,4,4,4,4,1,2,3,3,4,4,4,4,
1,2,18,
1,2,18,
20,18,20,20,20,1,2,2,
20,20,20,18,20,1,2,2,
1,2,2,23,18,23,23,23,
3,3,20,4,1,2,2,20,17,6,8,9,9,12,22,22,12,22,11,11,22,20,20,20,20,20,20,12,20,20,5,16,13,14,15,12,6,7,8,9,9,4,22,10,10,22,10,11,11,10,20,10,20,20,20,20,10,22,10,22,22,20,22,10,
14,16,15,13,12,1,10,2,10,3,3,4,5,7,6,8,9,9,4,10,10,10,11,11,10,12,10,10,10,10,
4,4,4,4,4,4,4,4,4,4,4,4,4,4,4,1,2,3,3,4,4,4,4,19,4,4,4,
20,18,20,1,2,2,
20,18,20,1,2,2,
1,2,18,
1,2,18,
20,18,20,1,2,2,
1,2,18,
1,2,18,
20,18,20,1,2,2,
1,2,18,
12,12,12,18,21,12,10,10,10,11,11,10,12,12,10,12,4,10,4,4,5,7,6,8,9,9,4,10,10,4,12,4,1,2,3,3,10,10,
1,2,18,
1,2,18,
20,18,20,1,2,2,
1,2,18,
4,18,21,12,10,1,2,2,10,10,10,20,10,3,3,20,10,10,11,11,10,4,4,4,4,4,12,5,12,12,6,7,4,8,9,9,4,
4,4,4,4,4,4,4,4,4,4,4,4,4,4,1,2,3,3,4,4,4,19,4,4,4,4,4,4,4,4,4,4,4,4,4,4,4,4,4,4,4,
20,1,2,2,20,20,20,20,20,20,18,20,
10,10,10,10,10,10,4,10,11,11,10,12,12,5,6,7,8,9,9,4,10,1,2,3,3,22,12,22,22,22,10,22,22,22,22,22,12,15,14,13,16,12,
4,10,10,4,22,4,4,22,1,2,22,3,3,4,4,12,18,21,22,4,5,4,7,6,8,9,9,4,10,10,4,10,4,10,11,11,10,10,12,12,22,22,4,4,4,4,4,12,12,
1,2,2,20,3,3,20,4,19,4,
22,22,22,20,12,12,22,22,22,10,11,11,10,12,3,3,20,16,15,13,14,12,4,12,1,2,2,10,5,10,6,7,8,9,9,4,22,
20,18,20,1,2,2,
4,18,4,1,2,3,3,
20,20,20,18,20,1,2,2,
1,2,18,
1,2,18,
18,4,4,4,4,4,4,4,4,4,4,4,20,4,4,3,3,20,4,1,2,2,
1,2,2,20,18,20,
1,2,2,4,4,20,4,4,4,4,4,19,4,20,20,3,3,20,
1,2,18,
4,4,12,10,22,22,22,10,1,2,22,3,3,12,12,22,22,22,12,10,11,11,10,12,22,4,15,14,16,13,12,4,22,22,4,4,22,22,22,4,12,12,5,22,7,6,8,9,9,4,4,22,4,22,22,4,22,4,4,4,
22,22,22,22,22,22,1,2,3,3,12,12,22,12,10,11,11,10,22,12,22,22,12,22,4,4,12,22,12,12,4,12,17,6,8,9,9,12,22,5,15,16,14,13,12,6,7,8,9,9,4,10,10,22,11,11,22,22,22,
1,2,18,
5,12,6,7,8,9,9,4,10,10,11,11,10,10,1,2,2,20,10,10,10,10,12,12,20,20,3,3,20,4,18,21,12,
10,19,17,10,10,10,4,5,1,2,2,6,7,8,9,9,4,20,20,20,3,3,20,
10,10,11,11,10,10,22,22,22,22,22,22,22,22,12,12,22,12,22,22,22,22,12,12,22,22,22,4,22,1,2,3,3,22,12,22,22,22,22,5,17,19,22,7,6,8,9,9,4,10,10,10,10,
1,2,2,20,18,20,
1,2,18,
10,12,10,15,14,16,13,12,12,12,12,12,4,4,4,10,12,22,22,10,10,11,11,10,5,22,12,12,1,2,3,3,7,6,8,9,9,4,
1,2,18,
20,20,1,2,2,18,20,20,20,20,20,20,
12,12,22,22,15,13,14,16,12,22,22,22,22,22,4,22,22,22,1,2,22,3,3,22,22,12,5,12,6,7,8,9,9,4,10,10,12,22,12,22,22,22,10,11,11,10,22,22,22,22,22,22,12,22,12,12,
1,2,2,20,18,20,
1,2,18,
18,20,1,2,2,20,20,20,20,20,20,20,
1,2,18,
1,2,18,
20,20,20,20,20,18,20,1,2,2,
1,2,3,3,10,6,7,8,9,9,4,10,6,17,8,9,9,10,10,10,10,4,10,10,4,10,10,4,5,
1,2,18,
10,1,2,3,3,4,17,19,10,5,6,7,8,9,9,4,4,4,4,4,
22,22,22,1,2,3,3,12,12,22,22,12,22,22,22,22,22,22,22,12,10,12,22,12,22,22,12,4,22,22,22,5,22,12,12,12,12,22,22,22,6,7,8,9,9,4,10,17,6,8,9,9,10,10,10,10,10,11,11,10,22,22,12,12,12,12,12,22,
12,22,22,22,1,2,3,3,10,11,11,10,4,12,5,7,6,8,9,9,4,22,22,4,22,22,4,22,22,12,12,15,14,13,16,12,
17,6,8,9,9,10,10,10,4,4,1,2,3,3,4,5,6,7,8,9,9,4,10,10,10,
4,18,4,1,2,2,4,4,20,4,3,3,20,4,
20,20,18,20,1,2,2,20,
4,4,4,4,1,2,3,3,4,4,4,4,4,4,4,4,19,4,4,4,4,4,4,4,4,4,4,4,4,
10,10,10,10,10,10,10,10,10,17,19,10,10,10,10,10,10,10,1,2,2,20,3,3,20,4,10,10,10,5,10,7,6,8,9,9,4,10,10,
1,2,18,
14,13,15,16,12,10,10,20,10,10,11,11,10,3,3,20,12,4,22,22,4,22,4,4,4,22,5,12,7,6,8,9,9,4,12,12,10,10,10,12,10,22,12,1,2,2,10,
10,17,19,10,1,2,2,10,10,20,20,20,3,3,20,4,5,7,6,8,9,9,4,10,10,
4,10,1,2,10,3,3,10,5,10,10,6,7,8,9,9,4,10,10,10,10,17,19,10,10,10,10,10,10,10,
1,2,2,20,18,20,
1,2,18,
6,7,8,9,9,4,10,10,10,11,11,10,12,4,4,15,14,13,16,12,1,2,2,20,3,3,20,4,4,4,5,
1,2,18,
22,22,12,12,22,12,10,10,22,22,1,2,3,3,4,12,5,12,12,7,6,8,9,9,4,10,6,17,8,9,9,10,12,12,14,15,16,13,12,10,11,11,10,
20,18,20,1,2,2,
4,4,10,10,4,4,4,10,10,5,1,2,3,3,7,6,8,9,9,4,10,10,
1,2,18,
1,2,18,
12,22,22,22,22,12,4,22,4,22,22,12,22,4,12,12,12,12,22,22,10,22,4,10,22,22,20,4,3,3,20,12,12,5,22,22,6,7,8,9,9,4,10,22,10,22,12,12,1,2,2,12,12,12,12,12,10,11,11,10,22,12,15,14,16,13,12,
1,2,18,
1,2,2,20,18,20,
1,2,18,
4,1,2,2,18,4,20,3,3,20,
4,22,22,22,4,12,12,10,11,11,10,1,2,3,3,4,10,4,4,10,12,5,7,6,8,9,9,4,10,12,15,14,16,13,12,22,22,10,
12,12,22,5,22,10,12,7,6,8,9,9,4,22,10,10,12,21,18,22,1,2,3,3,10,10,12,12,12,10,4,10,11,11,10,
23,18,23,1,2,2,23,23,
1,2,18,
4,5,4,7,6,8,9,9,4,10,4,10,17,6,8,9,9,10,10,10,10,10,10,10,20,6,17,8,9,9,10,3,3,20,1,2,2,10,10,
1,2,2,20,20,18,20,20,
20,18,20,1,2,2,
1,2,2,20,20,3,3,20,4,4,4,19,4,20,
1,2,2,20,18,20,
1,2,2,20,18,20,
1,2,18,
18,20,20,1,2,2,
20,18,20,1,2,2,
1,2,18,
12,6,7,8,9,9,4,10,10,10,11,11,10,22,22,22,12,12,18,21,22,1,2,3,3,10,10,4,5,
20,20,18,20,20,1,2,2,
1,2,18,
22,22,22,1,2,22,3,3,4,5,6,7,8,9,9,4,22,10,11,11,10,22,12,12,22,22,12,22,12,22,15,13,14,16,12,22,22,22,22,22,22,22,
1,2,18,
4,18,4,4,4,4,4,4,4,4,4,4,4,1,2,3,3,
1,2,18,
4,10,5,6,7,8,9,9,4,10,10,10,17,19,10,10,10,10,1,2,3,3,
1,2,2,20,3,3,20,4,4,18,4,4,
1,2,12,3,3,4,16,14,13,15,12,4,4,5,10,11,11,10,6,7,8,9,9,4,
4,18,4,1,2,2,20,3,3,20,4,4,
1,2,18,
1,2,2,20,18,20,
1,2,18,
1,2,2,20,3,3,20,4,15,14,13,16,12,5,7,6,8,9,9,4,10,10,12,10,11,11,10,
1,2,18,
6,7,8,9,9,4,1,2,3,3,10,6,17,8,9,9,10,10,10,4,10,10,10,10,5,10,10,
1,2,2,20,3,3,20,4,18,4,
1,2,2,20,18,20,
1,2,18,
1,2,18,
1,2,3,3,4,5,4,19,4,4,
1,2,18,
12,12,10,10,10,10,10,10,1,2,2,20,3,3,20,4,4,22,10,10,5,10,11,11,10,22,10,10,7,6,8,9,9,4,4,10,10,10,10,22,22,12,
10,10,10,6,7,8,9,9,4,10,10,10,10,10,10,10,1,2,2,10,10,10,10,10,10,4,10,20,3,3,20,10,10,5,10,
1,2,2,20,18,20,
10,11,11,10,4,12,12,12,22,5,22,22,6,7,8,9,9,4,10,22,6,17,8,9,9,10,10,12,10,6,17,8,9,9,12,1,2,22,3,3,15,16,14,13,22,12,12,22,
12,16,14,13,15,12,10,11,11,10,1,2,3,3,4,5,6,7,8,9,9,4,10,10,
1,2,18,
4,4,19,4,1,2,3,3,4,
4,4,4,5,7,6,8,9,9,4,10,10,10,10,1,2,3,3,10,10,17,19,10,10,
1,2,18,
1,2,2,20,18,20,
6,7,8,9,9,4,22,10,22,22,10,22,22,22,12,10,11,11,10,22,22,22,22,12,22,22,1,2,22,22,3,3,22,22,22,22,22,22,22,22,4,22,22,22,22,22,22,22,17,19,22,22,22,12,12,22,12,4,12,12,12,4,5,
1,2,2,20,18,20,
12,16,14,13,15,12,12,4,5,12,7,6,8,9,9,4,10,10,11,11,10,1,2,10,3,3,
4,4,12,5,7,6,8,9,9,4,10,11,11,10,13,15,14,16,12,1,2,3,3,4,
1,2,18,
1,2,18,
1,2,3,3,4,19,4,
1,2,2,20,18,20,
7,6,8,9,9,4,10,11,11,10,1,2,2,20,3,3,20,4,4,4,12,15,13,14,16,12,4,4,4,4,5,
1,2,18,
22,4,22,22,3,3,20,4,6,7,8,9,9,4,22,22,22,12,4,4,4,22,22,4,22,12,12,22,22,22,22,10,11,11,10,22,22,22,10,22,10,1,2,2,4,4,10,17,6,8,9,9,10,10,10,10,10,4,4,20,6,17,8,9,9,22,4,5,
10,17,6,8,9,9,10,10,20,10,3,3,20,10,10,10,4,5,7,6,8,9,9,4,10,10,4,1,2,2,4,10,
20,18,20,1,2,2,
1,2,18,
1,2,18,
22,12,12,1,2,2,20,3,3,20,4,12,15,16,14,13,12,5,10,6,7,8,9,9,4,22,10,10,10,12,10,11,11,10,22,22,22,22,22,22,22,
4,4,1,2,3,3,4,18,4,4,4,
1,2,18,
1,2,18,
20,18,20,1,2,2,
20,10,3,3,20,17,19,10,4,4,4,10,10,5,6,7,8,9,9,4,10,10,10,1,2,2,10,4,4,4,4,4,4,
4,12,4,5,6,7,8,9,9,4,4,10,10,10,11,11,10,18,21,12,1,2,3,3,10,10,4,4,10,10,4,12,12,4,
20,3,3,20,4,19,4,1,2,2,
1,2,18,
20,18,20,1,2,2,
1,2,2,20,18,20,
1,2,18,
1,2,18,
20,18,20,1,2,2,
20,18,20,1,2,2,
1,2,18,
10,19,17,10,4,1,2,3,3,5,7,6,8,9,9,4,
5,7,6,8,9,9,4,10,10,10,10,10,12,17,6,8,9,9,10,16,15,13,14,12,1,2,3,3,4,10,11,11,10,
10,10,20,10,10,3,3,20,10,10,4,4,4,5,6,7,8,9,9,4,10,10,4,1,2,2,10,4,10,10,10,
12,10,1,2,3,3,4,5,7,6,8,9,9,4,10,10,10,11,11,10,21,18,12,10,
1,2,18,
19,4,1,2,3,3,4,
1,2,2,20,18,20,
20,18,20,1,2,2,
10,10,6,7,8,9,9,4,10,10,22,10,11,11,10,22,12,10,12,10,1,2,3,3,15,13,16,14,12,12,12,4,5,22,22,22,
4,10,5,17,19,10,6,7,8,9,9,4,1,2,3,3,
10,4,4,10,17,6,8,9,9,10,19,17,10,10,10,4,5,1,2,7,6,8,9,9,3,3,4,4,4,4,4,
4,4,5,6,7,8,9,9,4,10,10,10,10,10,10,10,18,21,12,11,11,10,10,10,10,1,2,3,3,10,4,12,
1,2,18,
20,20,20,18,20,1,2,2,
18,20,1,2,2,20,
20,18,20,1,2,2,
10,14,15,16,13,12,10,12,1,2,3,3,4,10,10,10,10,10,12,12,10,22,5,22,22,22,7,6,8,9,9,4,10,22,6,17,8,9,9,10,22,12,22,10,11,11,10,
4,5,6,7,8,9,9,4,1,2,3,3,12,4,4,4,10,4,14,13,15,16,12,11,11,10,
20,20,18,20,20,1,2,2,
1,2,18,
4,4,4,4,1,2,3,3,4,19,4,
10,10,1,2,2,20,3,3,20,4,5,22,22,12,6,7,8,9,9,4,10,10,10,10,22,22,10,11,11,10,15,14,13,16,12,22,12,12,12,22,22,22,22,22,22,
4,4,4,21,18,12,4,1,2,2,4,12,12,4,4,4,12,12,10,11,11,10,12,5,12,6,7,8,9,9,20,4,3,3,20,12,4,
1,2,18,
1,2,18,
1,2,18,
10,11,11,10,12,22,22,22,22,22,22,22,22,12,12,1,2,3,3,22,4,12,12,5,6,7,8,9,9,4,10,14,15,13,16,12,6,17,8,9,9,10,10,10,22,22,22,22,22,12,12,
1,2,18,
22,10,10,10,10,4,22,12,12,12,22,5,6,7,8,9,9,4,10,10,10,22,10,22,12,10,11,11,10,22,10,22,22,10,1,2,22,3,3,22,22,22,22,4,4,22,12,
20,18,20,1,2,2,
22,22,4,22,12,21,18,22,22,5,22,6,7,8,9,9,4,10,10,22,22,22,12,22,12,12,10,11,11,10,22,22,12,22,22,22,22,22,22,1,2,3,3,
20,20,20,18,20,1,2,2,
4,4,1,2,5,3,3,4,7,6,8,9,9,4,10,10,4,10,10,10,10,4,4,4,4,4,4,10,11,11,10,4,4,4,
4,4,4,4,4,4,4,1,2,2,4,4,4,4,4,4,4,4,4,4,20,20,20,3,3,20,4,4,4,4,4,
1,2,18,
1,2,18,
1,2,18,
22,22,22,22,22,22,22,22,22,22,22,22,10,22,22,4,22,22,12,10,10,4,11,11,10,22,4,22,5,4,4,7,6,8,9,9,4,20,10,3,3,20,10,10,22,10,22,1,2,2,4,22,4,12,12,22,22,22,
10,22,1,2,10,12,3,3,12,12,12,22,22,22,4,22,22,15,14,13,16,12,22,12,22,22,22,12,5,10,22,22,11,11,10,22,22,22,6,7,8,9,9,4,12,22,22,12,12,12,12,22,22,22,22,12,22,22,12,11,11,22,22,22,6,17,8,9,9,22,22,12,12,22,
12,1,2,3,3,4,15,16,13,14,12,4,4,5,6,7,8,9,9,4,10,10,10,11,11,10,
4,4,4,4,10,4,4,10,4,5,10,10,6,7,8,9,9,4,10,6,17,8,9,9,10,10,10,10,17,6,8,9,9,10,10,6,17,8,9,9,10,1,2,2,10,10,10,10,10,10,20,10,10,10,10,3,3,20,
11,11,10,10,10,4,10,18,21,12,5,12,6,7,12,8,9,9,4,1,2,10,10,10,3,3,12,12,12,10,10,10,
18,20,1,2,2,20,
1,2,2,20,18,20,
1,2,2,20,3,3,20,10,19,17,10,4,5,7,6,8,9,9,4,10,10,
1,2,2,20,18,20,
1,2,2,20,18,20,
4,4,4,4,4,4,4,4,4,4,1,2,3,3,4,4,4,4,4,4,4,4,4,4,
4,4,10,4,22,22,4,10,12,22,12,12,12,12,22,22,22,22,22,4,22,12,12,22,12,22,5,12,22,22,12,12,12,4,12,12,22,12,7,6,8,9,9,4,10,4,4,4,17,6,8,9,9,10,22,12,22,12,12,1,2,22,3,3,22,22,22,10,11,11,10,6,17,8,9,9,22,12,22,14,13,15,16,22,22,12,22,22,12,22,22,22,22,22,4,4,22,4,4,12,4,22,22,22,22,22,4,22,12,
1,2,18,
1,2,2,20,18,20,
1,2,18,
4,5,1,2,3,3,6,7,8,9,9,4,10,10,10,11,11,10,12,12,10,6,17,8,9,9,10,4,12,22,4,21,18,22,
1,2,18,
1,2,18,
1,2,18,
13,15,14,16,12,4,10,1,2,2,11,11,10,4,4,12,12,5,6,7,8,9,9,4,10,10,20,20,20,3,3,20,12,
1,2,18,
5,6,7,8,9,9,4,10,10,12,15,16,14,13,12,12,12,1,2,3,3,10,11,11,10,4,
1,2,18,
1,2,18,
4,4,4,4,4,10,10,4,4,1,2,2,5,6,7,8,9,9,4,4,4,10,4,10,4,4,20,3,3,10,4,20,10,
1,2,18,
22,22,11,11,22,22,12,12,22,22,22,22,12,22,22,17,6,22,8,9,9,22,22,10,4,1,2,3,3,4,22,22,22,12,10,22,22,22,4,5,22,22,12,12,6,7,8,9,9,4,10,4,10,4,10,11,11,10,4,4,4,4,4,4,12,12,13,15,14,16,12,22,12,22,4,4,4,4,
10,10,10,10,10,10,10,1,2,3,3,4,10,17,6,8,9,9,10,5,6,7,8,9,9,4,10,6,17,8,9,9,10,
1,2,2,20,18,20,
10,20,3,3,20,10,4,4,10,10,10,4,10,10,10,10,10,1,2,2,5,7,6,8,9,9,4,10,10,
22,22,7,6,8,9,9,4,10,22,22,22,22,10,10,22,12,10,12,12,12,12,22,22,12,12,10,11,11,10,12,22,12,12,12,12,15,14,16,13,12,12,12,22,12,12,22,12,22,22,12,22,12,22,22,22,22,12,12,12,12,22,1,2,2,20,12,12,3,3,20,4,22,22,22,22,22,22,12,22,22,22,22,22,5,
5,7,6,8,9,9,4,21,18,12,10,17,6,8,9,9,10,10,10,10,1,2,3,3,4,10,11,11,10,10,12,
1,2,2,4,4,4,4,18,4,20,3,3,20,4,
1,2,2,4,18,4,20,3,3,20,
1,2,18,
4,5,7,6,8,9,9,4,10,10,10,1,2,3,3,19,17,10,
1,2,18,
4,10,10,10,10,4,6,7,8,9,9,4,22,12,10,11,11,10,10,10,22,22,10,4,4,22,10,4,1,2,2,4,4,12,12,20,3,3,20,22,4,4,10,10,22,5,
10,10,10,10,4,4,5,4,6,7,8,9,9,4,10,10,4,10,4,10,20,10,10,3,3,20,10,1,2,2,10,
1,2,18,
1,2,3,3,4,4,4,4,4,4,
1,2,2,4,4,4,19,4,20,3,3,20,
5,7,6,8,9,9,4,4,4,1,2,3,3,10,10,10,10,10,10,10,4,10,
1,2,18,
22,4,4,4,4,4,5,6,7,8,9,9,4,10,10,10,12,12,1,2,3,3,10,10,17,6,8,9,9,10,10,10,11,11,10,10,10,10,12,10,6,17,8,9,9,10,15,13,14,16,12,12,22,22,
1,2,2,20,18,20,
12,21,18,12,4,1,2,2,5,4,7,6,8,9,9,4,10,10,4,4,12,4,4,4,4,12,10,20,11,11,10,3,3,20,4,4,4,4,4,4,4,
4,4,4,4,4,4,22,12,4,22,22,22,6,17,8,9,9,22,22,4,22,22,22,22,22,22,12,12,22,22,22,12,12,22,22,22,22,22,12,12,22,1,2,2,22,22,22,12,22,22,22,22,22,22,22,22,22,22,22,4,22,20,22,5,22,3,3,20,10,11,11,10,22,6,7,8,9,9,4,
4,18,4,1,2,2,20,3,3,20,
10,10,12,12,10,22,10,11,11,10,4,10,19,17,22,10,5,12,6,7,8,9,9,4,22,1,2,3,3,10,10,22,12,12,10,
4,4,4,4,4,4,4,4,18,21,12,10,10,4,4,10,11,11,10,4,1,2,3,3,4,12,4,4,10,10,4,10,4,4,10,5,7,6,8,9,9,4,
4,5,10,6,7,10,8,9,9,4,10,10,10,10,10,10,1,2,3,3,10,17,19,10,
1,2,3,3,10,7,6,8,9,9,4,10,10,4,10,10,10,10,10,10,5,10,10,10,
1,2,2,20,18,20,
1,2,18,
10,10,10,10,10,10,4,10,10,5,10,1,2,10,3,3,4,7,6,8,9,9,4,10,10,10,4,10,4,10,10,4,
10,10,10,10,10,10,10,10,17,6,8,9,9,10,10,10,10,10,4,4,4,1,2,3,3,10,10,10,10,10,10,10,10,5,6,7,8,9,9,4,10,10,10,
1,2,18,
1,2,18,
1,2,18,
20,3,3,20,4,4,4,1,2,2,4,4,18,4,
12,22,19,17,22,1,2,3,3,4,5,7,6,8,9,9,4,10,11,11,10,12,12,
20,18,20,1,2,2,
1,2,18,
10,22,12,22,22,12,22,22,4,5,10,7,6,8,9,9,4,10,12,10,10,11,11,10,10,12,12,12,12,12,4,4,12,22,12,12,22,1,2,3,3,12,22,21,18,12,22,22,22,22,10,22,22,12,
1,2,18,
1,2,3,3,4,12,12,22,22,22,22,22,22,22,22,22,22,12,22,22,22,22,22,15,13,14,16,12,10,11,11,10,22,22,12,12,22,12,5,7,6,8,9,9,4,10,12,10,22,22,22,22,22,22,22,22,
4,1,2,3,3,4,4,4,18,4,4,
1,2,18,
12,12,4,12,23,23,23,12,1,2,3,3,5,6,7,8,9,9,4,10,11,11,10,15,14,13,16,10,12,10,10,6,17,8,9,9,10,
4,19,4,4,1,2,3,3,4,4,4,4,4,
1,2,2,20,18,20,
1,2,18,
12,5,22,6,7,8,9,9,4,10,17,6,8,9,9,10,10,14,15,13,16,12,10,10,10,6,17,8,9,9,10,11,11,10,12,12,1,2,3,3,22,4,22,22,10,22,22,22,10,12,
1,2,18,
1,2,18,
12,1,2,3,3,10,11,11,10,16,15,13,14,12,4,5,6,7,8,9,9,4,10,10,12,12,
1,2,3,3,4,4,4,4,4,19,4,
1,2,2,4,4,4,4,4,4,4,18,4,20,20,20,3,3,20,
4,5,6,7,8,9,9,4,10,10,6,17,8,9,9,10,11,11,10,10,10,1,2,3,3,10,12,17,6,8,9,9,10,12,10,12,10,16,14,13,15,12,10,10,
4,4,4,4,4,1,2,3,3,4,19,4,4,4,4,
4,4,4,4,4,18,4,4,4,1,2,3,3,
12,5,4,4,21,18,12,4,7,6,8,9,9,4,4,10,11,11,10,4,10,4,10,10,10,1,2,3,3,4,
18,4,1,2,2,4,20,3,3,20,
4,12,12,4,14,13,16,15,12,4,10,5,7,6,8,9,9,4,11,11,10,1,2,3,3,12,10,10,
4,18,4,1,2,2,20,3,3,20,
1,2,2,4,4,20,3,3,20,4,4,4,4,4,4,4,4,4,19,4,
22,22,22,22,4,22,4,4,22,4,4,5,7,6,22,8,9,9,4,22,22,22,1,2,4,3,3,22,22,22,22,22,22,22,4,22,6,17,8,9,9,12,22,22,22,4,22,22,22,4,22,22,10,10,12,11,11,10,10,4,4,
1,2,2,20,18,20,
4,4,1,2,4,3,3,4,5,4,6,7,8,9,9,4,10,17,19,10,
1,2,18,
4,4,4,18,4,4,4,1,2,3,3,
4,5,6,7,8,9,9,4,10,17,19,10,1,2,3,3,
1,2,18,
1,2,2,20,18,20,
5,6,7,8,9,9,4,10,10,1,2,2,20,3,3,20,4,10,10,4,4,10,4,4,10,4,17,19,10,4,10,
20,4,3,3,20,1,2,2,18,4,
4,1,2,3,3,18,4,
4,12,12,12,5,6,7,8,9,9,4,15,14,13,16,12,20,3,3,20,4,4,22,22,22,22,22,22,22,22,22,1,2,2,12,10,11,11,10,4,12,4,12,
1,2,18,
7,6,8,9,9,4,10,10,17,6,8,9,9,10,10,22,22,10,10,12,12,12,22,22,22,4,4,12,12,12,4,22,12,4,22,12,12,12,22,22,22,22,22,22,12,12,12,12,10,11,11,10,12,12,22,12,10,14,15,13,16,4,12,1,2,3,3,10,5,
1,2,18,
1,2,18,
1,2,4,3,3,4,4,4,5,7,6,8,9,9,4,10,4,4,10,22,4,4,22,22,12,12,22,12,15,14,13,16,12,22,12,4,10,22,11,11,10,22,
1,2,18,
4,4,4,1,2,3,3,4,4,4,4,4,19,4,4,4,4,
10,10,10,10,10,10,10,1,2,2,20,10,20,20,3,3,20,4,10,10,10,10,5,6,7,8,9,9,4,10,10,10,10,
22,22,22,4,12,12,5,6,7,15,16,14,13,12,8,9,9,4,22,10,10,1,2,3,3,22,10,11,11,10,12,12,
10,12,22,4,4,15,13,14,16,22,4,10,20,3,3,20,5,1,2,2,7,6,8,9,9,4,10,10,12,12,10,11,11,10,
4,4,7,6,8,9,9,4,10,17,6,8,9,9,10,10,10,12,21,18,12,1,2,3,3,4,4,4,10,11,11,10,5,
4,4,4,4,4,4,4,4,4,4,4,4,4,4,4,4,4,1,2,3,3,4,4,4,
4,19,4,4,4,4,4,1,2,3,3,
1,2,2,4,4,4,4,4,20,3,3,20,4,4,4,4,18,4,4,4,
1,2,2,4,4,20,4,3,3,20,4,4,18,4,4,4,
1,2,18,
10,19,17,10,1,2,3,3,4,4,4,4,4,5,7,6,8,9,9,4,
1,2,2,20,18,20,
1,2,2,20,18,20,
1,2,18,
1,2,18,
1,2,18,
4,4,4,4,4,4,4,4,4,4,4,1,2,4,3,3,4,4,4,4,4,4,4,4,4,4,4,19,4,4,4,4,4,
4,4,1,2,2,18,4,4,4,4,4,4,20,3,3,20,
1,2,2,20,18,20,
1,2,18,
4,4,4,19,4,1,2,3,3,4,4,4,4,
1,2,18,
10,4,10,4,4,10,4,10,4,4,4,4,5,7,6,8,9,9,4,1,2,3,3,4,
1,2,18,
10,11,11,10,1,2,3,3,12,12,4,4,4,12,12,4,4,22,22,22,22,22,4,4,4,22,15,14,13,16,12,4,5,7,6,8,9,9,4,22,22,22,4,4,
4,1,2,3,3,4,10,5,10,10,7,6,8,9,9,4,10,6,17,8,9,9,10,10,10,10,4,4,4,
1,2,18,
5,10,1,2,6,7,8,9,9,4,3,3,12,19,17,12,4,10,10,4,4,10,4,4,10,4,4,10,10,11,11,10,
22,12,22,12,22,22,22,22,15,13,14,16,12,22,22,22,22,22,22,22,22,22,22,1,2,2,22,22,4,22,12,12,5,22,22,22,7,6,8,9,9,4,22,22,22,22,22,22,22,22,22,22,22,6,17,22,11,11,22,8,9,9,22,22,22,22,6,17,8,9,9,22,20,22,10,22,11,11,10,3,3,20,
4,4,4,4,4,4,4,4,4,4,4,4,1,2,4,3,3,4,4,4,4,4,4,4,4,4,
18,20,1,2,2,20,
10,17,19,10,10,4,5,1,2,3,3,7,6,8,9,9,4,10,
1,2,18,
10,10,4,10,10,10,4,4,10,10,10,10,10,4,1,2,3,3,5,6,7,8,9,9,4,10,4,10,
20,20,20,20,20,18,20,1,2,2,
4,4,4,19,4,1,2,3,3,
18,4,20,3,3,20,4,4,4,4,4,1,2,2,
18,21,12,4,4,4,5,7,6,8,9,9,4,10,10,10,10,10,10,12,1,2,10,3,3,11,11,10,
1,2,2,20,18,20,
1,2,18,
1,2,18,
20,20,20,18,20,1,2,2,
20,18,20,1,2,2,
4,4,4,4,4,4,4,4,4,4,4,4,20,3,3,20,4,4,4,4,4,4,4,18,4,4,4,4,4,4,4,4,1,2,2,4,
1,2,2,20,18,20,
1,2,18,
1,2,18,
1,2,18,
4,18,4,20,3,3,20,1,2,2,4,4,
1,2,18,
20,18,20,1,2,2,
22,22,22,22,22,12,1,2,3,3,4,22,22,22,12,12,5,6,7,12,8,9,9,4,10,11,11,10,12,12,12,22,22,15,13,14,16,12,12,22,12,22,22,22,22,22,22,22,22,12,12,12,12,22,22,12,12,12,12,22,22,22,11,11,22,22,22,22,17,6,8,9,9,22,22,22,
20,18,20,1,2,2,
1,2,2,20,18,20,
1,2,3,3,4,12,4,12,12,12,12,10,11,11,10,12,12,4,12,14,15,16,13,12,5,7,6,8,9,9,4,12,
4,4,4,4,4,1,2,2,18,4,20,3,3,20,
1,2,18,
10,10,4,4,10,10,10,10,10,1,2,2,4,4,4,4,10,10,4,20,3,3,20,10,10,5,7,6,8,9,9,4,10,10,6,17,8,9,9,10,10,10,10,10,
1,2,2,20,18,20,
12,10,10,12,6,17,8,9,9,10,12,10,11,11,10,18,21,12,20,3,3,20,4,10,10,5,1,2,2,10,7,6,8,9,9,4,
1,2,2,20,18,20,
10,10,1,2,3,3,4,22,22,5,6,7,8,9,9,4,10,17,6,8,9,9,10,12,12,10,22,10,10,10,15,13,14,16,12,22,10,10,11,11,10,10,12,12,12,22,22,22,12,
1,2,18,
4,4,1,2,18,4,3,3,4,
10,10,10,10,10,1,2,2,10,10,10,10,10,10,10,10,10,10,20,3,3,20,10,4,5,7,6,8,9,9,4,
4,4,4,4,4,4,4,4,1,2,2,4,4,4,4,20,4,3,3,20,4,4,4,4,4,4,4,4,4,4,4,4,4,4,4,
4,4,4,4,1,2,3,3,4,19,4,
1,2,2,20,18,20,
1,2,2,20,18,20,
1,2,18,
1,2,18,
4,19,4,20,1,2,2,3,3,20,
4,5,7,6,8,9,9,4,10,10,10,10,10,10,10,19,17,10,20,3,3,20,10,10,1,2,2,
10,10,1,2,2,10,20,3,3,20,10,10,4,10,10,10,10,5,6,7,8,9,9,4,10,10,10,10,10,
1,2,2,20,18,20,
1,2,2,20,18,20,
20,1,2,2,20,18,20,20,
4,10,10,4,10,4,4,4,4,1,2,2,4,4,4,4,4,4,4,4,4,4,12,12,20,12,20,4,20,10,5,20,20,7,6,8,9,9,4,4,10,10,3,3,6,17,20,8,9,9,10,10,11,11,10,4,10,4,17,6,8,9,9,10,10,6,17,8,9,9,10,10,21,18,12,4,
1,2,18,
1,2,18,
4,4,4,4,4,1,2,3,3,4,
18,1,2,
1,2,3,3,18,4,4,
4,1,2,3,3,4,4,4,4,4,4,4,4,4,4,4,4,4,4,4,4,4,
10,1,2,10,3,3,10,12,12,10,4,10,11,11,10,22,10,22,4,22,22,10,22,4,12,12,12,5,6,7,8,9,9,4,10,6,17,8,9,9,10,10,18,21,10,12,12,
1,2,2,20,3,3,20,4,4,4,19,4,
1,2,2,20,18,20,
1,2,18,
12,13,15,14,16,12,12,12,20,4,3,3,20,1,2,2,5,6,7,8,9,9,4,10,11,11,10,
4,4,4,4,18,4,20,3,3,20,1,2,2,4,
1,2,3,3,4,18,4,
4,4,4,4,4,4,4,4,4,4,4,4,1,2,2,4,4,20,4,4,3,3,20,4,4,4,4,4,4,4,4,
4,4,4,4,4,4,4,4,4,4,4,19,4,1,2,3,3,4,4,4,4,4,4,
15,14,13,16,12,10,10,12,10,11,11,10,4,1,2,3,3,4,5,6,7,8,9,9,4,4,10,10,
4,4,4,4,4,4,4,4,4,4,4,4,4,4,4,4,4,1,2,4,3,3,4,4,4,4,4,4,4,4,
20,18,20,1,2,2,
1,2,18,
4,4,4,4,4,19,4,1,2,3,3,
20,3,3,20,12,4,12,12,5,6,7,8,9,9,4,10,6,17,8,9,9,10,10,10,11,11,10,10,12,12,14,15,13,16,12,1,2,2,
10,10,10,1,2,3,3,10,4,4,4,5,6,7,4,4,8,9,9,4,10,6,17,8,9,9,10,10,10,10,10,10,10,10,10,10,10,10,10,
1,2,18,
10,5,10,10,10,10,6,7,8,9,9,4,10,1,2,3,3,10,10,11,11,10,10,10,10,4,4,12,4,21,18,12,10,10,
4,4,4,4,4,4,4,4,4,4,4,4,4,4,4,4,4,4,1,2,3,3,4,4,4,4,4,4,4,4,4,4,
1,2,18,
1,2,18,
1,2,18,
1,2,18,
10,10,10,10,4,4,4,1,2,4,3,3,4,5,6,7,8,9,9,4,10,10,10,17,19,10,4,4,
10,10,10,4,4,4,10,12,10,5,10,7,6,8,9,9,4,10,1,2,10,3,3,10,10,10,10,10,11,11,10,21,18,12,10,10,
5,10,4,4,6,7,8,9,9,4,20,3,3,20,10,10,19,17,10,4,4,10,4,1,2,2,10,
4,4,10,10,4,5,10,17,19,10,6,7,8,9,9,4,10,10,1,2,3,3,
1,2,3,3,4,4,4,4,4,19,4,
4,4,1,2,3,3,4,4,4,4,4,4,4,4,4,4,
1,2,2,20,18,20,
15,14,16,13,12,10,11,11,10,4,4,4,4,4,4,4,10,12,12,4,4,10,5,7,6,8,9,9,4,12,1,2,3,3,
3,3,16,15,13,14,12,10,10,10,11,11,10,4,4,4,5,7,6,8,9,9,4,10,12,10,10,10,10,10,1,2,
1,2,4,3,3,4,4,4,4,4,4,4,4,4,4,4,4,4,4,4,4,4,4,4,
22,22,22,12,12,22,1,2,3,3,4,4,4,22,22,4,4,5,6,7,8,9,9,4,10,22,10,10,6,17,8,9,9,10,10,22,10,10,10,10,11,11,10,12,12,22,12,12,22,6,17,8,9,9,12,22,14,15,13,16,22,22,22,22,22,22,
4,4,1,2,3,3,4,4,4,4,4,4,4,4,4,4,4,4,4,4,4,4,
1,2,18,
1,2,18,
10,1,2,3,3,10,10,4,10,4,10,4,5,6,7,8,9,9,4,10,6,17,8,9,9,10,10,10,10,
4,1,2,3,3,18,4,4,4,
4,4,4,4,1,2,3,3,4,4,4,5,6,7,8,9,9,4,10,19,17,10,
1,2,18,
1,2,2,20,18,20,
4,4,4,1,2,3,3,4,4,19,4,
4,4,4,4,4,4,4,1,2,3,3,4,4,4,4,4,4,4,4,4,4,19,4,4,4,4,4,4,4,
1,2,18,
1,2,2,20,18,20,
18,20,1,2,2,20,
13,14,15,16,12,4,4,5,4,6,7,8,9,9,4,10,6,17,8,9,9,10,1,2,3,3,12,10,11,11,10,
13,14,16,15,22,10,22,22,22,10,4,4,1,2,3,3,12,12,4,12,22,5,10,11,11,12,10,7,6,8,9,9,4,10,17,6,8,9,9,10,4,4,12,12,22,22,4,4,17,6,22,8,9,9,12,22,
4,4,4,4,4,4,1,2,10,3,3,4,4,10,4,5,6,7,8,9,9,4,
7,6,8,9,9,4,4,10,10,10,10,10,10,10,1,2,3,3,4,4,4,4,4,4,5,10,
4,18,4,1,2,3,3,
1,2,18,
4,1,2,3,3,5,10,19,17,10,6,7,8,9,9,4,
10,17,19,10,4,4,4,1,2,3,3,10,10,5,7,6,8,9,9,4,10,10,4,4,
3,3,20,22,22,4,22,13,14,16,15,22,1,2,2,5,7,6,8,9,9,4,12,12,12,10,22,22,22,22,22,22,17,6,8,9,9,10,10,11,11,10,20,12,12,
1,2,2,20,18,20,
1,2,18,
1,2,18,
1,2,18,
12,1,2,3,3,12,12,4,12,10,14,15,16,13,12,11,11,10,5,7,6,8,9,9,4,10,17,6,8,9,9,10,12,
1,2,18,
10,1,2,2,5,10,7,6,8,9,9,4,10,10,4,4,4,10,20,10,3,3,20,
1,2,2,4,4,4,5,19,4,4,20,3,3,20,4,
4,20,20,4,3,3,20,4,4,20,4,4,4,4,4,19,4,1,2,2,
20,20,20,18,20,1,2,2,
10,10,10,10,10,10,10,4,20,5,20,6,7,8,9,9,4,10,20,3,3,20,10,1,2,2,10,
22,22,22,12,12,10,12,22,10,22,12,12,22,22,22,4,4,4,22,11,11,22,22,22,22,22,22,1,2,22,3,3,22,5,10,10,7,6,8,9,9,4,10,22,22,10,10,22,22,22,12,22,22,11,11,10,12,12,12,22,22,12,12,22,22,6,17,8,9,9,12,12,22,
4,4,4,4,18,4,1,2,2,20,3,3,20,4,
1,2,18,
1,2,2,20,18,20,
4,4,4,4,1,2,2,4,4,4,20,3,3,20,4,4,18,4,
1,2,2,20,18,20,
4,19,4,1,2,3,3,
22,22,4,4,22,10,11,11,10,4,22,22,22,12,12,10,14,15,13,16,12,22,22,22,10,4,12,12,22,5,22,22,22,7,6,8,9,9,4,22,22,12,22,22,22,22,10,22,22,1,2,10,3,3,12,12,22,22,22,4,22,
3,3,4,17,6,8,9,9,10,10,10,10,10,4,4,4,10,5,10,7,6,8,9,9,4,10,4,10,10,10,4,4,10,1,2,
1,2,2,20,18,20,
4,20,20,20,20,20,1,2,2,3,3,20,4,4,18,4,20,20,
4,4,10,10,4,5,10,10,7,6,8,9,9,4,10,10,10,10,1,2,3,3,10,10,
10,11,11,10,21,18,12,10,10,4,4,12,4,10,10,5,6,7,8,9,9,4,10,1,2,3,3,10,10,10,
4,1,2,3,3,5,7,6,8,9,9,4,12,10,11,11,10,15,16,14,13,12,
1,2,18,
1,2,18,
1,2,18,
1,2,18,
1,2,3,3,4,5,7,6,8,9,9,4,10,10,10,19,17,10,
11,11,10,12,10,10,10,10,10,10,1,2,3,3,4,10,5,15,14,16,13,12,10,6,7,8,9,9,4,10,10,10,
1,2,18,
4,4,4,4,19,4,4,1,2,3,3,
1,2,18,
1,2,18,
1,2,18,
1,2,2,20,18,20,
10,11,11,10,12,12,15,16,13,14,12,1,2,3,3,4,12,5,6,7,8,9,9,4,
1,2,2,20,18,20,
19,4,3,3,20,4,4,1,2,2,4,4,4,20,
1,2,18,
12,10,11,11,10,18,21,12,1,2,2,20,3,3,20,4,5,6,7,8,9,9,4,
4,5,10,11,11,10,10,6,7,8,9,9,4,10,1,2,3,3,6,17,8,9,9,10,10,10,10,12,12,12,10,10,12,12,6,17,8,9,9,12,22,15,16,14,13,22,
20,18,20,1,2,2,
18,4,20,3,3,20,1,2,2,4,4,4,4,4,
1,2,18,
18,1,2,
22,1,2,12,3,3,10,22,4,22,22,22,10,10,5,10,10,22,22,22,22,19,17,22,22,22,22,22,12,12,4,4,22,6,7,8,9,9,4,10,10,11,11,10,22,22,10,22,22,22,22,10,22,
1,2,18,
4,4,5,12,6,7,8,9,9,4,1,2,2,10,10,21,18,12,10,10,10,11,11,10,20,3,3,20,4,4,4,
3,3,4,4,4,4,4,4,4,4,4,4,4,4,4,4,4,4,4,4,4,1,2,4,
1,2,2,20,18,20,
1,2,18,
1,2,18,
20,18,20,1,2,2,
1,2,18,
20,18,20,1,2,2,
4,18,4,20,4,3,3,20,4,1,2,2,
1,2,18,
4,4,4,4,5,4,4,4,4,4,4,4,4,4,4,4,4,4,4,4,4,4,4,4,4,4,4,4,4,4,1,2,3,3,4,4,4,
1,2,18,
1,2,18,
18,4,1,2,2,20,3,3,20,4,
1,2,18,
10,10,1,2,3,3,4,10,10,12,5,6,7,8,9,9,4,10,10,11,11,10,10,14,15,13,16,12,
1,2,2,20,18,20,
4,4,4,4,4,4,1,2,3,3,4,4,4,4,4,4,4,4,4,4,4,4,4,4,4,4,
15,14,16,13,12,4,12,12,5,7,6,8,9,9,4,10,22,1,2,3,3,10,22,10,11,11,10,12,22,22,22,22,12,22,
1,2,2,20,18,20,
1,2,18,
20,18,20,1,2,2,
1,2,18,
20,18,20,1,2,2,
1,2,3,3,10,17,19,10,4,4,4,4,4,4,4,4,4,4,4,4,4,4,4,5,7,6,8,9,9,4,
10,10,12,4,5,12,10,11,11,10,6,7,8,9,9,4,22,22,1,2,2,22,22,10,22,10,22,20,20,20,3,3,20,12,12,12,12,10,15,14,16,13,12,22,22,22,10,10,10,
1,2,18,
1,2,2,20,18,20,
1,2,18,
12,12,12,4,4,4,4,22,4,5,6,7,8,9,9,4,12,12,10,11,11,10,14,15,13,16,12,4,1,2,3,3,4,22,22,22,22,22,10,10,22,22,22,12,
23,23,23,23,23,23,23,23,20,23,20,20,18,20,20,1,2,2,23,23,23,23,23,23,23,23,23,23,23,
23,23,23,23,23,20,18,20,23,23,20,20,20,20,20,23,23,1,2,2,23,23,23,23,23,23,23,23,23,
14,15,13,16,12,4,4,4,1,2,3,3,5,6,7,8,9,9,4,10,11,11,10,12,
10,11,11,10,4,4,4,4,4,12,5,6,7,8,9,9,4,19,17,12,10,10,1,2,3,3,
1,2,18,
1,2,18,
1,2,18,
1,2,2,20,20,20,18,20,
18,1,2,
4,5,1,2,3,3,10,10,10,7,6,8,9,9,10,4,10,10,10,10,10,17,6,8,9,9,10,10,10,10,10,10,10,
1,2,18,
1,2,18,
1,2,18,
1,2,18,
1,2,2,4,4,4,4,4,4,4,4,4,4,4,4,20,3,3,20,4,4,4,4,4,4,4,4,
10,10,4,1,2,3,3,5,6,7,8,9,9,4,10,10,10,10,
1,2,18,
10,10,10,10,10,19,17,10,1,2,3,3,4,5,6,7,8,9,9,4,
1,2,3,3,14,15,16,13,12,10,11,11,10,4,5,7,6,8,9,9,4,12,
20,18,20,1,2,2,
22,6,17,8,9,9,12,22,22,5,6,7,8,9,9,4,22,22,22,22,10,11,11,10,12,22,22,22,17,19,22,22,1,2,3,3,22,22,4,
4,4,20,4,3,3,20,1,2,2,4,4,4,4,4,4,4,4,4,4,4,4,4,4,4,4,4,4,4,4,4,4,4,4,4,
19,4,20,4,3,3,20,4,4,4,4,1,2,2,4,4,
5,7,6,8,9,9,4,20,10,4,10,20,20,3,3,20,4,18,21,12,1,2,2,12,10,11,11,10,4,
7,6,8,9,9,4,10,10,4,10,1,2,3,3,10,5,10,10,
22,22,22,7,6,8,9,9,4,15,16,14,13,22,12,12,22,22,10,11,11,10,22,22,22,22,22,12,12,22,22,22,22,22,22,22,22,22,22,22,22,1,2,3,3,4,22,22,22,22,12,12,12,5,22,22,22,22,
4,4,20,4,3,3,20,4,4,4,4,1,2,2,4,4,4,4,4,4,4,4,4,4,4,
22,15,14,13,16,12,22,22,12,11,11,22,12,12,12,12,12,12,12,22,22,22,22,22,22,22,22,22,1,2,3,3,10,11,11,10,4,22,22,22,17,6,8,9,9,12,4,4,22,12,22,4,4,5,12,12,12,10,6,7,8,9,9,4,12,10,22,12,12,12,22,
4,4,4,4,4,4,4,4,19,4,4,4,1,2,4,4,3,3,4,
10,4,5,6,7,8,9,9,4,10,17,19,10,4,4,1,2,3,3,10,
10,10,4,5,7,6,8,9,9,4,4,4,1,2,3,3,
4,4,4,4,4,19,4,4,1,2,3,3,4,4,4,
1,2,18,
10,11,11,10,10,10,10,10,17,6,8,9,9,10,10,10,10,1,2,3,3,4,5,6,7,8,9,9,4,
4,4,4,4,4,4,4,4,4,19,4,1,2,3,3,
20,3,3,20,4,5,7,6,8,9,9,4,10,12,10,18,21,10,12,11,11,10,1,2,2,4,4,
1,2,18,
1,2,18,
10,10,1,2,3,3,10,10,11,11,10,4,5,6,7,8,9,9,4,10,10,10,
12,1,2,3,3,4,22,22,5,12,12,7,6,8,9,9,4,10,22,22,22,22,12,10,12,10,12,12,10,11,11,10,12,12,12,12,17,19,22,12,10,10,10,
4,5,6,7,8,9,9,4,1,2,3,3,4,4,10,17,19,10,
18,4,1,2,2,20,3,3,20,4,
4,4,4,5,7,6,8,9,9,4,1,2,3,3,10,10,10,19,17,10,
20,18,20,1,2,2,
1,2,18,
1,2,18,
1,2,3,3,4,4,4,4,4,4,
4,12,5,22,6,7,8,9,9,4,10,12,12,10,1,2,10,10,3,3,10,11,11,10,22,4,4,
1,2,18,
12,13,16,14,15,12,4,1,2,3,3,4,4,10,11,11,10,4,4,5,6,7,8,9,9,4,4,4,
10,5,10,6,7,8,9,9,4,10,6,17,8,9,9,10,10,10,1,2,3,3,4,
1,2,18,
4,4,18,21,12,10,11,11,10,1,2,3,3,12,4,5,7,6,8,9,9,4,
12,22,12,4,22,22,22,22,12,22,5,12,12,22,22,22,6,7,8,9,9,4,10,10,22,22,22,22,22,22,22,22,11,11,22,12,22,10,11,11,10,12,22,1,2,22,3,3,22,22,22,22,12,12,6,17,8,9,9,22,14,15,13,16,12,22,22,22,
18,20,1,2,2,20,
1,2,18,
3,3,4,4,4,4,19,4,4,1,2,
8,9,9,4,10,10,10,11,11,10,1,2,3,3,12,15,14,16,13,12,4,5,7,6,
4,19,4,1,2,2,20,3,3,20,4,4,
20,20,3,3,20,12,4,10,4,10,12,4,4,15,16,14,13,12,1,2,2,4,4,10,20,11,11,10,4,4,4,4,12,4,4,4,4,5,4,7,6,8,9,9,4,
4,18,4,1,2,3,3,
1,2,18,
1,2,18,
4,4,4,1,2,3,3,4,10,11,11,10,10,10,10,10,10,10,4,4,5,4,6,7,8,9,9,4,
6,17,4,8,9,9,10,12,10,4,10,22,22,15,13,14,16,12,22,4,4,10,4,10,11,11,10,1,2,3,3,22,4,22,4,10,22,22,22,5,6,7,22,8,9,9,4,10,22,12,12,6,17,8,9,9,10,10,22,22,12,12,10,22,22,22,4,4,22,22,22,12,10,10,12,10,
20,3,3,20,18,4,1,2,2,4,
10,4,4,10,4,5,4,4,1,2,3,3,10,6,7,8,9,9,4,10,10,10,10,10,
1,2,18,
4,4,19,4,1,2,3,3,4,
4,1,2,3,3,10,10,4,4,4,4,4,10,10,10,10,4,10,10,10,10,5,10,4,7,6,8,9,9,4,10,4,19,17,10,17,6,8,9,9,10,
1,2,3,3,12,4,5,6,7,8,9,9,4,10,11,11,10,13,14,16,15,12,
22,22,12,12,20,3,3,20,22,22,22,1,2,2,4,12,12,21,18,12,22,4,4,5,22,6,7,8,9,9,4,10,11,11,10,
1,2,18,
20,18,20,1,2,2,
10,4,10,20,3,3,20,10,5,6,7,8,9,9,4,10,10,10,10,10,10,1,2,2,10,
10,4,5,6,7,8,9,9,4,1,2,3,3,10,10,10,10,10,10,4,4,4,4,4,4,4,4,10,
1,2,3,3,4,4,4,19,4,
20,18,20,1,2,2,
1,2,2,20,18,20,
1,2,3,3,4,19,4,
1,2,18,
17,19,10,1,2,3,3,4,5,6,7,8,9,9,4,10,
1,2,3,3,12,4,22,22,5,22,12,6,7,8,9,9,4,14,15,13,16,12,12,12,10,11,11,10,22,12,4,22,4,4,4,12,
1,2,3,3,4,4,4,4,4,10,5,10,6,7,8,9,9,4,4,4,10,10,10,10,4,4,4,4,4,4,
4,20,3,3,20,18,4,1,2,2,
4,4,4,4,4,4,20,3,3,20,4,1,2,2,18,4,
4,4,10,10,10,5,10,10,10,17,6,8,9,9,10,10,10,6,7,8,9,9,4,10,10,6,17,8,9,9,10,4,4,4,4,1,2,3,3,4,
1,2,18,
1,2,18,
1,2,18,
4,4,4,4,4,4,4,4,4,19,4,4,4,4,4,4,4,4,4,1,2,3,3,
1,2,18,
4,4,1,2,3,3,4,18,4,
4,4,4,4,14,15,13,16,12,5,10,6,7,8,9,9,4,10,10,11,11,10,10,12,10,1,2,3,3,4,
15,14,16,13,12,20,20,3,3,20,20,20,12,10,4,10,20,1,2,2,5,6,7,8,9,9,4,10,10,10,11,11,10,
20,20,20,18,20,1,2,2,
21,18,22,12,4,10,11,11,10,5,6,7,8,9,9,4,22,12,12,10,10,1,2,3,3,
1,2,18,
12,12,12,12,12,10,11,11,10,4,4,12,5,4,7,6,8,9,9,4,15,14,13,16,12,1,2,3,3,4,4,22,22,4,4,22,
4,4,4,1,2,3,3,4,4,4,4,4,19,4,4,
4,4,10,4,10,4,4,4,4,5,6,7,8,9,9,4,10,6,17,8,9,9,10,1,2,3,3,10,10,10,10,
10,11,11,10,12,20,5,12,12,22,22,12,6,7,8,9,9,4,10,22,22,10,22,12,3,3,20,10,12,12,1,2,2,12,12,13,14,16,15,12,10,22,22,4,12,
1,2,18,
1,2,18,
1,2,18,
5,15,14,13,16,12,6,7,8,9,9,4,10,10,10,10,10,11,11,10,1,2,3,3,12,4,4,10,4,10,
4,10,11,11,10,12,12,12,10,10,12,12,4,4,5,6,7,8,9,9,4,10,6,17,8,9,9,10,10,10,10,10,12,10,12,10,6,17,8,9,9,12,22,15,14,13,16,22,1,2,3,3,4,4,
13,14,16,15,12,4,10,10,12,4,1,2,3,3,10,11,11,10,5,7,6,8,9,9,4,4,
10,7,6,8,9,9,4,10,1,2,3,3,10,10,10,4,4,10,10,10,4,5,
1,2,18,
1,2,18,
1,2,18,
5,4,4,4,6,7,8,9,9,4,10,10,10,10,4,4,4,4,4,4,4,4,10,1,2,3,3,6,17,8,9,9,10,10,10,4,4,4,4,4,4,
1,2,18,
4,18,4,20,3,3,20,1,2,2,
19,17,10,4,10,10,5,6,7,8,9,9,4,10,10,10,4,4,10,20,3,3,20,4,4,1,2,2,10,
4,4,4,22,22,22,7,6,8,9,9,4,12,12,22,12,12,22,4,10,11,11,10,12,12,4,4,10,4,5,10,4,4,20,4,3,3,20,4,22,22,4,22,12,12,4,4,4,22,1,2,2,
1,2,2,20,18,20,
17,19,10,5,7,6,8,9,9,4,10,10,10,10,10,10,10,10,10,10,1,2,2,10,10,10,10,20,3,3,20,10,10,4,10,10,10,4,4,
1,2,18,
10,10,12,4,1,2,3,3,5,18,21,12,10,7,6,8,9,9,4,10,10,11,11,10,10,4,10,10,4,10,
1,2,18,
4,5,1,2,3,3,7,6,8,9,9,4,10,10,10,10,
1,2,3,3,4,4,19,4,4,
1,2,18,
1,2,2,20,18,20,
10,5,12,7,6,8,9,9,4,22,12,12,10,10,1,2,3,3,4,22,22,22,22,22,12,4,10,11,11,10,21,18,12,10,10,22,22,10,10,10,22,4,17,6,8,9,9,10,10,
1,2,18,
1,2,18,
1,2,18,
1,2,18,
1,2,18,
1,2,18,
10,4,4,4,10,4,4,5,7,6,8,9,9,4,10,10,10,10,1,2,3,3,10,4,10,4,4,4,
4,15,16,14,13,12,5,6,7,8,9,9,4,10,11,11,10,20,3,3,20,1,2,2,12,
4,4,20,3,3,20,4,4,18,4,4,1,2,2,4,4,
1,2,2,20,18,20,
12,12,22,22,4,12,4,22,10,11,11,10,22,4,4,12,4,4,4,4,4,4,4,22,22,4,22,5,12,12,7,6,8,9,9,4,1,2,3,3,12,4,15,14,16,13,12,12,
1,2,3,3,4,4,4,4,4,4,4,19,4,4,4,4,4,4,4,4,4,4,4,
1,2,2,20,18,20,
4,4,1,2,2,20,3,3,20,4,18,4,
1,2,18,
1,2,18,
1,2,2,4,4,20,4,3,3,20,18,4,
4,1,2,2,19,4,20,3,3,20,
4,18,4,1,2,2,20,3,3,20,
1,2,18,
22,10,22,4,4,22,22,5,17,6,8,9,9,10,10,22,22,10,7,6,8,9,9,4,1,2,12,12,3,3,22,12,12,22,12,22,22,12,22,10,11,11,10,12,12,4,
1,2,2,4,18,4,4,4,20,3,3,20,4,4,4,4,4,4,
23,23,23,18,23,23,23,1,2,2,
1,2,3,3,4,21,18,12,5,4,6,7,8,9,9,4,4,12,10,11,11,10,10,10,
10,11,11,10,1,2,2,12,10,10,13,14,16,15,12,4,5,20,6,7,8,9,9,4,3,3,20,
4,4,10,10,10,10,1,2,3,3,4,5,6,7,8,9,9,4,4,4,4,4,10,10,
1,2,2,20,18,20,
1,2,18,
1,2,18,
4,4,4,4,4,4,5,7,6,8,9,9,4,1,2,3,3,4,4,4,4,4,4,4,4,4,4,4,4,4,
10,10,10,22,22,22,10,11,11,10,22,12,12,10,10,12,12,12,12,12,22,22,22,22,22,22,15,16,14,13,12,22,4,22,1,2,3,3,22,22,22,22,4,4,22,22,5,12,22,22,22,22,22,6,7,8,9,9,4,10,
1,2,18,
1,2,18,
20,20,18,20,1,2,2,20,
1,2,18,
4,10,5,10,6,7,8,9,9,4,10,11,11,10,1,2,3,3,4,4,12,15,13,16,14,12,4,4,
1,2,18,
22,22,1,2,2,20,3,3,20,4,12,22,22,22,5,6,7,8,9,9,4,10,11,11,10,12,12,15,14,16,13,12,12,
12,13,14,15,16,12,12,1,2,3,3,4,10,11,11,10,5,6,7,8,9,9,4,12,
4,18,4,20,3,3,20,1,2,2,
1,2,18,
4,1,2,3,3,18,4,
4,18,4,20,3,3,20,1,2,2,
4,4,4,4,4,18,4,4,4,1,2,3,3,
1,2,3,3,4,4,22,22,22,12,4,5,6,7,8,9,9,4,12,22,22,12,12,10,11,11,10,15,13,14,16,12,
10,1,2,2,10,20,3,3,20,4,5,6,7,8,9,9,4,10,10,10,10,10,10,
12,14,15,13,16,12,1,2,3,3,10,4,12,12,5,6,7,8,9,9,4,22,22,10,10,11,11,10,22,12,
5,6,7,8,9,9,4,10,10,12,12,10,6,17,8,9,9,10,12,12,12,10,11,11,10,12,13,15,14,16,12,12,12,12,12,12,1,2,3,3,4,
1,2,18,
1,2,3,3,10,10,4,14,15,16,13,10,12,12,12,22,10,10,5,12,12,22,12,17,6,8,9,9,10,22,22,10,11,11,10,22,22,4,4,22,22,22,22,22,6,7,8,9,9,4,22,22,12,4,22,4,12,22,22,
1,2,2,20,18,20,
23,23,10,22,23,23,22,10,10,10,22,23,23,5,23,22,7,6,12,8,9,9,4,10,22,22,1,2,2,20,20,12,22,20,22,22,22,10,22,12,12,22,22,12,22,10,11,11,10,22,22,22,22,23,22,22,22,23,22,22,23,22,23,10,10,22,22,22,10,22,22,22,10,12,22,22,22,22,12,12,12,12,12,22,22,22,20,3,3,20,22,4,23,23,23,
4,4,4,4,4,4,1,2,2,4,4,4,20,20,4,4,4,4,4,4,4,4,4,4,4,20,4,4,4,4,3,3,20,4,4,4,4,4,4,4,4,4,4,4,4,4,4,4,4,4,4,4,4,4,4,
4,4,4,4,1,2,3,3,4,19,4,4,4,4,4,4,4,
4,4,4,4,4,10,10,1,2,2,4,4,10,10,4,4,20,10,3,3,20,5,17,19,10,4,4,4,6,7,8,9,9,4,4,
1,2,18,
1,2,18,
4,4,4,4,1,2,2,4,4,20,4,4,4,20,4,4,4,4,19,4,20,3,3,20,4,4,
4,4,4,4,4,4,4,4,1,2,3,3,4,4,4,4,4,4,4,4,4,4,
5,6,7,8,9,9,4,12,22,22,22,10,22,17,6,8,9,9,10,10,11,11,10,12,12,12,12,1,2,2,20,3,3,20,4,12,22,22,22,4,4,22,22,14,15,13,16,12,
4,4,18,4,1,2,4,3,3,
1,2,2,20,18,20,
12,12,12,1,2,3,3,4,10,10,5,6,7,8,9,9,4,15,13,14,16,12,4,10,11,11,10,4,
5,1,2,2,6,7,8,9,9,4,10,10,10,10,20,3,3,20,10,19,17,10,4,
1,2,18,
1,2,2,20,18,20,
15,14,13,16,12,12,10,1,2,3,3,10,4,10,11,11,10,5,6,7,8,9,9,4,10,10,
4,10,12,5,22,22,10,7,6,8,9,9,4,10,10,22,14,15,13,16,12,10,11,11,10,12,12,22,22,22,1,2,3,3,10,22,22,10,12,22,22,22,22,12,12,22,22,22,22,22,
22,12,4,4,4,22,12,22,5,6,7,8,9,9,4,4,12,12,22,22,4,22,22,10,11,11,10,12,1,2,3,3,22,22,22,22,12,10,10,12,12,
10,10,10,4,10,10,10,4,5,4,4,6,7,8,9,9,4,10,10,1,2,3,3,10,10,4,
1,2,2,20,18,20,
12,10,10,10,11,11,10,4,4,4,12,4,12,15,13,14,16,12,5,4,6,7,8,9,9,4,4,1,2,4,3,3,
10,11,11,10,12,12,4,12,23,23,23,5,7,6,8,9,9,4,12,4,4,4,4,20,1,2,2,16,14,15,13,12,3,3,20,
12,22,22,22,22,22,12,15,13,14,16,12,1,2,3,3,4,5,7,6,8,9,9,4,10,11,11,10,12,12,
4,4,4,4,4,4,4,4,4,20,18,4,1,2,2,3,3,20,
1,2,3,3,4,4,4,4,4,4,10,4,5,7,6,8,9,9,4,19,17,10,
1,2,3,3,4,5,7,6,8,9,9,4,14,15,13,16,12,10,11,11,10,12,
1,2,18,
4,4,1,2,3,3,4,4,4,19,4,
22,4,4,5,22,12,7,6,8,9,9,4,10,12,12,10,22,22,22,1,2,3,3,10,11,11,10,22,22,12,12,12,15,16,14,13,12,22,22,4,12,22,22,22,4,4,
4,4,4,1,2,3,3,19,4,
4,10,10,10,10,4,4,5,10,7,6,8,9,9,4,10,10,10,1,2,3,3,4,4,4,4,
4,19,4,1,2,3,3,
1,2,3,3,4,19,4,
1,2,3,3,4,4,4,19,4,
4,1,2,2,4,20,3,3,20,4,18,4,
5,10,7,6,8,9,9,4,10,17,19,10,10,10,10,1,2,2,4,20,3,3,20,
22,22,22,22,22,12,22,22,4,22,3,3,20,22,5,7,6,8,9,9,4,4,4,22,10,22,10,22,22,22,4,22,4,22,10,12,12,12,10,10,4,22,4,10,10,22,22,11,11,10,22,22,10,10,12,12,12,22,22,22,21,18,12,1,2,2,4,20,22,22,4,
4,1,2,3,3,4,4,19,4,
22,12,12,22,22,22,6,17,8,9,9,22,22,11,11,22,1,2,3,3,4,12,5,6,7,8,9,9,4,22,10,22,10,12,22,22,12,10,11,11,10,12,13,15,14,16,12,22,
1,2,18,
1,2,18,
1,2,18,
4,4,5,20,10,3,3,20,17,19,10,6,7,8,9,9,4,1,2,2,4,10,10,4,10,4,10,
4,4,4,4,4,4,4,4,1,2,3,3,4,4,4,18,4,
4,4,4,4,4,4,4,4,4,4,4,4,4,4,4,4,4,4,4,4,4,4,4,4,4,4,4,4,4,4,4,4,4,4,4,4,4,4,4,4,4,4,4,1,2,2,4,20,3,3,20,4,4,4,4,4,4,4,4,4,4,
1,2,18,
1,2,2,20,3,3,20,4,18,4,
1,2,3,3,4,18,4,
4,18,20,4,3,3,20,1,2,2,4,4,
4,4,4,4,4,4,4,4,4,1,2,3,3,4,5,4,4,4,4,4,4,4,4,4,4,4,4,4,4,4,4,4,4,4,4,4,4,
1,2,18,
1,2,18,
1,2,18,
1,2,18,
4,4,22,5,12,12,10,10,10,10,6,7,8,9,9,4,12,10,11,11,10,12,12,12,12,12,10,10,22,22,22,22,15,13,14,16,12,1,2,2,20,3,3,20,4,
1,2,18,
1,2,18,
4,4,4,4,19,4,1,2,3,3,4,4,4,
12,6,7,8,9,9,4,15,13,16,14,12,1,2,3,3,10,11,11,10,4,4,4,5,
10,10,10,1,2,3,3,10,10,10,4,5,10,17,19,10,6,7,8,9,9,4,4,4,4,4,
1,2,18,
10,22,10,4,4,4,12,4,10,22,22,10,22,22,1,2,3,3,12,12,4,22,5,22,22,22,7,6,8,9,9,4,22,22,10,10,22,10,11,11,10,
1,2,18,
4,18,4,1,2,3,3,
10,10,4,10,5,6,7,8,9,9,4,10,10,10,1,2,3,3,
4,4,4,4,5,21,18,12,20,7,6,8,9,9,4,10,3,3,20,10,10,10,10,11,11,10,12,1,2,2,4,
1,2,3,3,12,10,11,11,10,21,18,12,4,5,7,6,8,9,9,4,
1,2,18,
12,5,22,14,13,15,16,12,22,6,7,8,9,9,4,10,22,6,17,8,9,9,10,10,1,2,3,3,12,22,10,12,12,22,22,22,10,11,11,10,4,
22,22,22,22,12,14,13,15,16,12,22,22,12,12,12,22,22,12,12,12,12,22,22,22,22,12,22,1,2,3,3,4,22,4,4,12,12,22,22,22,5,12,22,12,6,7,8,9,9,4,10,22,10,10,11,11,10,22,22,22,
4,4,10,10,10,10,10,10,1,2,3,3,10,10,4,4,4,5,7,6,8,9,9,4,
10,10,12,12,12,10,11,11,10,10,4,14,15,13,16,12,10,5,6,7,8,9,9,4,1,2,4,3,3,4,
1,2,18,
12,1,2,3,3,12,10,11,11,10,4,12,12,13,14,16,15,12,5,7,6,8,9,9,4,10,10,12,
1,2,2,20,18,20,
10,22,12,12,1,2,2,22,10,11,11,22,10,20,10,3,3,20,4,10,5,7,6,8,9,9,4,10,10,22,22,12,21,18,12,22,22,12,22,22,10,
4,10,4,10,10,10,10,1,2,3,3,10,4,5,6,7,8,9,9,4,4,4,
15,13,14,16,12,6,7,8,9,9,4,12,4,4,12,1,2,3,3,10,4,11,11,10,5,12,
20,18,20,1,2,2,
1,2,3,3,12,10,11,11,10,4,15,14,13,16,12,10,5,6,7,8,9,9,4,10,10,10,10,10,
1,2,18,
1,2,18,
1,2,18,
4,4,4,4,4,1,2,2,20,20,20,3,3,20,4,4,4,4,4,4,4,4,4,4,4,4,4,
1,2,18,
1,2,18,
1,2,18,
1,2,18,
5,10,10,6,7,8,9,9,4,10,10,4,10,4,10,1,2,3,3,4,
10,5,4,6,7,8,9,9,4,10,10,4,4,1,2,3,3,10,19,17,10,10,4,4,
1,2,18,
4,12,12,5,7,6,8,9,9,4,10,13,14,16,15,12,10,10,11,11,10,12,12,12,12,1,2,3,3,22,22,22,12,12,12,12,
1,2,18,
10,4,10,4,4,4,10,4,5,10,7,6,8,9,9,4,10,10,10,11,11,10,4,4,1,2,3,3,4,4,4,4,4,4,
10,10,4,4,10,10,4,5,10,10,6,7,8,9,9,4,1,2,3,3,
5,7,6,8,9,9,4,10,4,10,4,12,12,12,1,2,2,20,3,3,20,4,14,16,13,15,12,4,10,4,10,10,10,10,11,11,10,10,10,
4,5,7,6,8,9,9,4,1,2,3,3,10,19,17,10,
1,2,2,20,18,20,
18,4,1,2,3,3,4,
4,10,11,11,10,5,6,7,8,9,9,4,10,10,1,2,3,3,12,18,21,12,
22,4,12,1,2,3,3,18,21,12,22,22,22,5,22,12,10,11,11,10,7,6,8,9,9,4,22,22,22,22,12,12,12,4,4,12,22,22,
4,4,4,4,4,18,4,1,2,2,20,3,3,20,
20,1,2,2,18,20,
1,2,18,
4,19,4,1,2,2,20,3,3,20,
1,2,2,20,18,20,
1,2,2,20,3,3,20,4,18,4,
5,6,7,8,9,9,4,10,11,11,10,4,1,2,3,3,4,12,15,14,16,13,12,4,
1,2,2,4,5,4,4,7,6,8,9,9,4,10,10,10,20,10,3,3,20,
1,2,2,20,18,20,
4,1,2,2,4,4,4,4,4,4,4,4,4,4,4,4,4,4,4,4,4,4,4,4,20,3,3,20,4,
22,22,22,1,2,3,3,22,22,22,12,12,12,22,22,4,4,14,15,16,13,12,4,12,5,10,11,11,10,6,7,8,9,9,4,22,22,22,
23,1,2,2,23,18,23,23,23,23,
5,6,7,8,9,9,4,12,1,2,3,3,10,11,11,10,21,18,12,4,10,10,4,4,
12,12,12,15,14,13,16,12,1,2,3,3,4,5,6,7,8,9,9,4,10,10,10,11,11,10,
1,2,2,20,18,20,
22,22,22,22,12,22,12,12,12,12,22,22,22,12,12,12,12,12,12,22,1,2,12,3,3,4,12,4,4,5,6,7,8,9,9,4,10,12,11,11,10,12,10,12,12,10,12,22,15,14,16,13,12,22,22,22,22,22,
10,10,16,13,15,14,12,10,11,11,10,1,2,3,3,4,12,5,7,6,8,9,9,4,
1,2,18,
10,11,11,10,15,14,16,13,12,1,2,2,10,4,4,4,4,4,10,10,5,7,6,8,9,9,4,10,10,12,10,20,3,3,20,
20,18,20,1,2,2,20,20,
4,4,4,5,6,7,8,9,9,4,10,4,4,17,19,10,1,2,3,3,4,4,4,4,
1,2,18,
1,2,18,
4,5,6,7,8,9,9,4,10,10,4,4,10,10,4,4,1,2,3,3,10,10,
10,12,22,12,10,10,14,15,13,16,12,22,4,4,10,10,10,22,22,22,12,12,4,4,4,5,7,6,8,9,9,4,10,11,11,10,1,2,12,3,3,12,
20,18,20,1,2,2,
6,7,8,9,9,4,12,10,11,11,10,18,21,12,4,4,4,4,4,1,2,3,3,5,
12,10,15,13,14,16,12,12,10,12,10,10,10,11,11,10,4,4,4,10,5,6,7,8,9,9,4,10,1,2,3,3,
23,20,1,2,2,20,20,20,23,23,23,20,20,18,20,23,23,23,23,
1,2,18,
18,20,1,2,2,20,
10,10,4,4,10,4,1,2,10,3,3,10,11,11,10,5,6,7,8,9,9,4,10,10,4,4,
22,22,4,22,22,12,12,10,12,10,12,4,22,4,22,22,12,22,4,4,22,12,12,12,5,22,12,22,12,10,7,6,8,9,9,4,10,10,12,12,10,22,1,2,2,12,12,22,22,10,4,4,12,22,22,10,22,4,22,22,22,4,10,11,11,10,20,12,22,22,12,22,22,12,22,22,22,12,12,22,3,3,22,20,6,17,8,9,9,12,22,12,22,22,
4,4,4,4,4,18,4,1,2,3,3,4,4,
1,2,3,3,4,4,4,4,4,4,4,4,4,4,4,18,4,
1,2,18,
1,2,18,
1,2,18,
1,2,18,
1,2,18,
4,4,5,19,4,4,4,4,4,1,2,3,3,4,4,4,4,4,4,4,4,4,4,4,
1,2,18,
1,2,3,3,4,5,6,7,8,9,9,4,10,10,10,10,10,10,
1,2,3,3,4,4,19,4,4,
1,2,2,20,18,20,
4,18,4,4,4,1,2,3,3,
5,19,4,1,2,3,3,4,
1,2,18,
22,4,10,11,11,10,13,15,14,16,22,5,4,4,7,6,8,9,9,4,10,10,10,10,4,4,4,4,12,12,12,12,10,10,12,1,2,3,3,
20,18,20,20,20,1,2,2,
18,4,1,2,3,3,4,4,4,
1,2,18,
1,2,18,
1,2,18,
10,10,10,10,4,10,5,4,6,7,8,9,9,4,10,4,10,10,4,1,2,3,3,4,
10,19,17,10,4,5,7,6,8,9,9,4,4,4,10,10,10,10,1,2,3,3,
1,2,18,
1,2,2,20,18,20,
1,2,18,
3,3,20,4,19,4,1,2,2,20,
3,3,20,7,6,8,9,9,4,4,10,12,10,11,11,10,12,10,12,22,22,12,12,22,12,22,22,22,12,12,22,12,12,12,12,22,22,12,12,22,21,18,12,4,12,12,4,12,22,22,22,5,22,1,2,2,20,
1,2,18,
22,12,12,12,13,14,15,16,12,22,22,22,1,2,22,12,3,3,12,4,5,22,7,6,8,9,9,4,10,4,10,4,22,22,22,12,12,12,12,12,22,22,22,22,10,11,11,10,
4,1,2,3,3,4,4,4,4,4,
12,12,22,4,22,22,12,4,4,22,4,14,15,16,13,12,4,4,5,12,10,6,7,8,9,9,4,11,11,10,4,4,4,4,22,22,22,22,22,1,2,3,3,4,12,22,12,22,
20,20,20,4,1,2,2,19,4,4,4,20,4,4,3,3,20,20,
1,2,18,
4,5,10,11,11,10,7,6,8,9,9,4,22,1,2,3,3,22,22,22,12,12,4,4,12,22,22,12,18,21,12,22,22,22,
20,10,10,4,4,20,4,4,1,2,2,4,5,20,3,3,20,10,7,6,8,9,9,4,10,10,10,10,10,
4,10,10,10,5,10,10,10,6,7,8,9,9,4,10,6,17,8,9,9,10,10,6,17,8,9,9,10,10,4,4,1,2,3,3,10,10,10,
4,4,21,18,10,5,10,10,7,6,8,9,9,4,10,17,6,8,9,9,10,10,10,10,1,2,3,3,4,
1,2,3,3,10,17,19,10,4,5,6,7,8,9,9,4,10,10,
20,1,2,2,20,20,18,20,
4,1,2,3,3,19,4,
1,2,18,
4,12,5,6,7,8,9,9,4,1,2,2,20,3,3,20,10,11,11,10,15,14,16,13,12,
4,1,2,3,3,18,4,
4,4,4,4,4,1,2,2,20,3,3,20,4,4,4,4,4,4,4,4,4,4,4,
20,18,20,1,2,2,
20,18,20,1,2,2,
1,2,3,3,10,10,4,4,4,5,6,7,8,9,9,4,10,10,
5,7,6,8,9,9,4,22,22,22,12,12,22,22,22,11,11,22,17,6,8,9,9,22,22,22,1,2,3,3,12,12,22,22,22,12,22,22,12,12,22,22,15,14,13,16,12,22,22,12,12,4,10,11,11,10,
1,2,18,
1,2,2,20,18,20,
4,4,1,2,3,3,4,4,4,4,4,4,4,4,4,19,4,4,4,4,4,
1,2,18,
20,18,20,1,2,2,
10,10,12,12,4,4,1,2,2,4,20,3,3,20,5,6,7,8,9,9,4,10,10,22,22,4,4,22,22,10,10,12,10,11,11,10,
4,20,4,3,3,20,4,18,4,1,2,2,
1,2,18,
4,10,5,10,7,6,8,9,9,4,10,10,6,17,8,9,9,10,10,10,10,1,2,3,3,4,4,
1,2,18,
1,2,18,
4,19,4,1,2,3,3,4,4,4,4,
1,2,18,
10,10,4,5,10,6,7,8,9,9,4,10,10,4,6,17,8,9,9,10,1,2,3,3,4,
20,7,6,8,9,9,4,12,17,6,8,9,9,10,12,12,12,3,3,20,12,12,12,10,15,13,14,16,12,11,11,10,12,4,12,5,10,12,6,17,8,9,9,10,12,12,4,12,10,10,12,12,10,12,12,4,1,2,2,
1,2,2,4,4,4,20,3,3,20,18,4,
1,2,18,
4,19,4,1,2,2,20,3,3,20,4,4,4,4,4,4,4,4,4,4,4,4,4,4,4,4,
4,4,1,2,4,3,3,4,4,4,4,4,4,19,4,4,4,
1,2,18,
12,22,22,12,12,13,16,15,14,12,10,11,11,10,22,4,12,4,4,22,22,4,4,5,1,2,3,3,7,6,8,9,9,4,10,10,
4,18,4,1,2,3,3,
1,2,2,20,20,20,18,20,
1,2,18,
1,2,18,
1,2,18,
20,18,20,1,2,2,
10,10,10,4,10,4,1,2,3,3,10,4,4,5,7,6,8,9,9,4,4,10,10,10,
1,2,18,
1,2,2,20,18,20,
1,2,18,
1,2,18,
10,4,5,6,7,8,9,9,4,10,10,10,11,11,10,12,15,13,14,16,12,1,2,3,3,10,17,6,8,9,9,10,10,
10,10,10,10,6,17,8,9,9,10,10,10,10,1,2,3,3,4,5,6,7,8,9,9,4,
5,4,6,7,8,9,9,4,10,10,4,4,4,4,10,4,4,4,4,10,10,4,4,4,4,4,10,4,4,4,10,10,4,4,10,1,2,10,3,3,
1,2,3,3,10,10,4,5,7,6,8,9,9,4,10,10,10,10,10,4,10,4,
1,2,2,4,18,4,20,3,3,20,
4,1,2,3,3,5,6,7,8,9,9,4,10,18,21,10,
12,12,10,4,12,12,1,2,3,3,5,7,6,8,9,9,4,22,10,22,22,21,18,22,22,10,11,11,10,22,12,
4,18,4,1,2,2,4,20,4,3,3,20,
1,2,18,
1,2,18,
3,3,20,1,2,2,4,4,20,4,18,4,
1,2,2,20,18,20,
10,10,4,4,4,5,6,7,8,9,9,4,1,2,2,20,3,3,20,10,10,11,11,10,10,
1,2,2,20,18,20,
4,1,2,3,3,4,5,10,10,6,7,8,9,9,4,10,10,4,
4,4,5,6,7,8,9,9,4,1,2,3,3,10,10,10,10,4,10,10,
1,2,18,
4,4,4,4,4,18,4,4,4,4,4,1,2,3,3,4,4,4,4,4,4,4,4,4,4,
1,2,3,3,4,4,4,18,4,4,4,
12,4,4,1,2,3,3,16,14,13,15,12,10,4,11,11,10,5,6,7,8,9,9,4,
1,2,2,20,18,20,
4,4,4,4,4,18,4,1,2,3,3,4,4,4,4,
1,2,18,
1,2,18,
1,2,3,3,4,5,10,6,7,8,9,9,4,10,10,10,10,10,
18,20,1,2,2,20,
10,11,11,10,12,12,10,1,2,3,3,12,12,10,12,4,22,5,18,21,22,6,7,8,9,9,4,
1,2,18,
4,10,10,4,10,10,17,6,8,9,9,10,10,10,4,4,4,1,2,3,3,5,10,4,6,7,8,9,9,10,4,10,4,17,6,8,9,9,10,10,
19,4,1,2,3,3,4,
1,2,18,
1,2,2,20,20,20,18,20,
1,2,18,
1,2,18,
1,2,18,
4,4,4,4,4,4,4,4,4,4,1,2,4,3,3,4,4,4,4,4,
4,19,4,1,2,3,3,
5,10,6,7,8,9,9,4,10,10,17,19,10,10,10,1,2,3,3,4,
1,2,18,
1,2,2,20,18,20,
4,18,4,1,2,3,3,
4,4,4,4,4,4,4,4,4,4,4,4,4,4,4,1,2,4,3,3,4,4,4,4,
1,2,18,
1,2,18,
1,2,18,
4,4,4,4,4,4,4,4,4,4,4,4,4,4,4,4,4,4,1,2,2,20,3,3,20,
1,2,18,
12,12,22,22,22,22,22,22,4,4,4,4,12,4,22,15,14,13,16,12,1,2,3,3,12,22,22,4,4,10,4,22,22,10,10,10,22,4,4,10,11,11,10,4,22,22,5,7,6,8,9,9,4,4,4,10,22,10,10,6,17,8,9,9,10,10,10,10,10,
10,11,11,10,10,22,12,10,14,13,15,16,22,4,4,1,2,3,3,10,17,6,8,9,9,10,4,10,5,10,12,12,6,7,8,9,9,4,
1,2,2,20,3,3,20,4,4,4,19,4,
1,2,18,
4,5,7,6,8,9,9,4,1,2,3,3,10,17,19,10,
1,2,18,
1,2,18,
1,2,18,
22,22,22,22,12,22,10,11,11,10,4,22,12,5,1,2,3,3,6,7,8,9,9,4,4,4,22,15,13,14,16,22,22,22,22,12,12,12,12,22,22,22,22,22,22,22,22,22,22,
12,10,5,10,6,7,8,9,9,4,22,10,10,10,10,10,10,12,22,22,22,1,2,3,3,4,12,12,10,11,11,10,22,12,
1,2,18,
5,6,7,8,9,9,4,10,12,10,11,11,10,10,4,4,4,1,2,14,15,13,16,3,3,12,
1,2,12,3,3,4,22,22,22,22,12,22,5,22,22,22,22,6,7,8,9,9,4,10,10,10,10,11,11,10,10,12,22,12,21,18,12,22,22,12,12,4,22,4,
1,2,18,
1,2,18,
4,19,4,20,3,3,20,1,2,2,
1,2,18,
1,2,3,3,12,12,12,23,23,4,23,12,4,4,10,11,11,10,4,15,14,13,16,12,4,4,4,4,4,4,5,7,6,8,9,9,4,4,
5,1,2,3,3,7,6,8,9,9,4,10,6,17,8,9,9,10,12,17,6,8,9,9,12,22,15,14,16,13,22,12,12,10,4,11,11,10,
10,10,1,2,2,20,3,3,20,4,5,6,7,8,9,9,4,10,10,10,10,
4,4,4,21,18,1,2,12,3,3,4,12,12,22,10,11,11,10,4,12,12,5,6,7,8,9,9,4,22,22,22,22,
1,2,18,
4,4,4,4,4,4,4,4,4,4,4,4,4,4,4,4,1,2,3,3,4,4,4,4,4,4,4,4,4,4,4,4,4,4,4,4,4,4,4,4,4,4,4,4,
5,12,4,7,6,8,9,9,4,4,4,4,4,21,18,12,4,10,1,2,10,10,3,3,4,10,4,12,10,11,11,10,4,4,4,12,
1,2,2,20,20,20,18,20,
1,2,18,
10,17,6,8,9,9,10,10,10,10,10,10,10,1,2,2,20,3,3,20,4,5,7,6,8,9,9,4,10,11,11,10,10,10,
4,10,10,5,4,4,7,6,8,9,9,4,1,2,3,3,10,19,17,10,
5,18,4,1,2,2,20,3,3,20,4,
1,2,18,
4,4,4,4,4,4,4,18,4,1,2,3,3,
1,2,3,3,4,4,4,10,5,10,6,7,8,9,9,4,10,10,4,10,10,4,4,4,4,4,
1,2,18,
4,1,2,2,14,15,16,13,5,12,20,20,20,3,3,20,4,7,6,8,9,9,4,10,10,4,4,4,12,10,11,11,10,12,12,
10,10,4,1,2,3,3,5,7,6,8,9,9,4,4,4,
12,10,11,11,10,15,13,14,16,12,1,2,3,3,4,12,5,12,7,6,8,9,9,4,12,12,22,22,22,22,22,22,22,12,
3,3,20,4,4,4,1,2,2,20,20,14,13,15,16,12,10,5,6,7,8,9,9,4,10,10,11,11,10,20,10,12,10,
18,20,1,2,2,20,
4,18,4,1,2,3,3,4,4,4,4,
4,4,10,4,10,10,10,10,10,10,10,4,4,4,4,10,1,2,3,3,4,10,5,10,10,6,7,8,9,9,4,10,10,4,10,10,
10,10,10,4,4,4,4,4,10,4,10,4,4,1,2,4,3,3,10,4,4,10,10,4,4,4,4,5,6,7,8,9,9,4,
10,4,4,4,5,6,7,8,9,9,4,10,10,4,4,10,10,1,2,3,3,4,4,10,
18,4,1,2,3,3,4,4,4,4,4,4,4,4,4,4,4,4,4,
1,2,18,
4,4,1,2,4,3,3,4,4,4,4,4,4,4,4,4,4,4,4,4,4,4,4,4,4,4,4,19,4,
1,2,18,
1,2,18,
4,4,4,4,4,4,4,4,4,4,1,2,3,3,4,4,4,4,4,4,4,4,4,4,4,4,4,4,
1,2,18,
20,3,3,20,4,1,2,2,19,4,
4,4,4,4,4,4,10,11,11,10,4,4,4,12,5,7,6,8,9,9,4,10,10,15,14,16,13,12,4,4,4,4,12,1,2,3,3,12,4,4,
1,2,18,
4,4,10,10,4,4,5,4,7,6,8,9,9,4,10,17,6,8,9,9,10,1,2,3,3,6,17,8,9,9,12,22,16,14,13,15,22,4,4,4,4,10,11,11,10,12,
1,2,18,
5,10,4,12,11,11,10,4,22,6,7,8,9,9,4,10,10,12,12,22,22,1,2,3,3,4,21,18,22,
4,1,2,2,20,12,20,20,5,7,6,8,9,9,4,10,10,12,12,10,11,11,10,12,12,12,10,10,12,12,12,12,20,13,15,14,16,12,20,3,3,20,22,4,4,12,12,12,12,12,12,12,22,22,22,22,12,12,22,12,22,
4,1,2,2,20,3,3,20,19,4,
20,1,2,2,3,3,20,4,19,4,
4,4,4,4,4,1,2,3,3,4,4,4,4,4,4,19,4,
4,18,4,1,2,3,3,4,4,
10,10,10,4,4,4,10,4,10,5,4,7,6,8,9,9,4,10,6,17,8,9,9,10,10,10,4,4,4,4,4,4,4,4,10,4,1,2,3,3,4,
22,10,10,12,12,12,12,22,22,12,12,4,22,10,12,11,11,10,22,22,22,12,5,14,13,15,16,12,10,7,6,8,9,9,4,10,1,2,3,3,
1,2,18,
1,2,18,
12,12,10,11,11,10,1,2,3,3,4,12,22,12,22,5,7,6,8,9,9,4,22,22,22,15,14,13,16,12,
10,10,1,2,3,3,4,10,10,4,4,5,10,10,7,6,8,9,9,4,10,10,4,4,
4,4,1,2,3,3,4,4,4,5,19,4,4,4,4,4,
12,4,4,4,4,10,12,11,11,10,12,15,16,13,14,12,4,12,4,4,1,2,3,3,5,4,12,4,7,6,8,9,9,4,10,10,4,4,12,12,12,12,
20,20,20,18,20,1,2,2,
20,18,20,20,20,1,2,2,
18,4,4,4,1,2,3,3,4,
4,4,4,18,4,1,2,3,3,
1,2,18,
1,2,3,3,4,4,4,5,6,7,8,9,9,4,10,11,11,10,12,15,14,16,13,12,
17,6,8,9,9,10,10,17,6,8,9,9,10,10,4,5,4,10,7,6,8,9,9,4,10,10,17,6,8,9,9,10,10,10,6,17,8,9,9,10,10,17,6,8,9,9,10,10,10,10,10,1,2,3,3,4,10,4,4,
4,4,4,19,4,1,2,3,3,
20,18,20,1,2,2,
7,6,8,9,9,4,10,11,11,10,12,12,1,2,3,3,4,12,5,15,14,16,13,12,
1,2,18,
1,2,18,
1,2,2,20,20,20,18,20,
4,15,13,14,16,12,5,7,6,8,9,9,4,4,1,2,2,20,20,4,20,3,3,20,4,4,4,4,10,10,12,10,11,11,10,4,4,
1,2,2,20,18,20,
12,4,4,5,7,6,8,9,9,4,12,14,15,13,16,12,10,11,11,10,10,10,4,4,12,1,2,3,3,4,
1,2,18,
4,4,4,4,4,4,4,4,4,4,4,4,4,4,4,4,4,1,2,4,4,3,3,4,4,4,4,4,
4,10,4,10,10,10,4,10,17,19,10,10,10,5,7,6,8,9,9,4,10,10,10,10,10,20,10,3,3,20,4,4,4,4,1,2,2,
4,1,2,3,3,4,4,4,4,4,4,4,4,4,4,4,4,4,4,4,4,4,4,4,
1,2,2,20,20,20,20,20,20,20,18,20,
20,18,20,1,2,2,
3,3,4,4,4,19,4,1,2,
1,2,18,
1,2,3,3,4,19,4,4,4,
10,1,2,2,10,20,3,3,20,4,5,6,7,8,9,9,4,10,10,10,10,10,10,
1,2,18,
4,4,20,4,4,4,4,20,3,3,20,1,2,2,4,4,4,4,4,20,18,4,4,4,4,4,4,4,
1,2,18,
1,2,18,
20,3,3,20,10,10,4,5,1,2,2,10,7,6,8,9,9,4,10,10,10,
10,10,20,4,3,3,20,4,4,4,4,4,4,4,5,4,6,7,8,9,9,4,10,10,10,1,2,2,10,4,4,4,4,4,4,4,10,4,4,10,4,4,10,4,10,4,4,17,6,8,9,9,10,10,
20,18,20,1,2,2,
10,5,4,6,7,8,9,9,4,4,10,4,4,10,10,4,10,4,4,4,4,4,1,2,3,3,4,4,4,10,
4,4,4,4,1,2,2,20,4,4,4,4,4,4,4,4,4,4,20,20,20,20,3,3,20,4,4,4,4,4,4,4,4,
1,2,18,
4,5,6,7,8,9,9,4,1,2,3,3,10,10,4,4,
1,2,3,3,4,5,6,7,8,9,9,4,10,17,19,10,
1,2,18,
1,2,3,3,4,19,4,
10,18,21,12,1,2,2,10,4,12,12,20,12,4,4,5,6,7,8,9,9,4,20,3,3,20,20,10,11,11,10,
6,7,8,9,9,4,1,2,3,3,10,4,19,17,10,5,
20,18,20,1,2,2,
1,2,18,
4,22,12,10,11,11,10,12,4,4,12,22,22,22,4,12,5,4,16,14,15,13,12,12,12,12,6,7,8,9,9,4,10,1,2,17,6,8,9,9,10,10,10,10,3,3,22,22,12,12,12,22,12,10,12,
1,2,18,
1,2,18,
1,2,2,20,18,20,
1,2,18,
1,2,18,
4,4,4,1,2,2,20,20,20,3,3,20,4,4,4,4,20,4,4,4,18,4,20,4,4,4,
1,2,18,
1,2,18,
10,10,10,10,10,1,2,3,3,4,4,4,5,7,6,8,9,9,4,10,10,10,10,10,
17,6,8,9,9,22,12,12,12,22,22,22,12,11,11,22,22,22,22,22,12,22,22,22,12,10,11,11,10,22,1,2,12,3,3,4,4,4,12,5,6,7,8,9,9,4,10,10,16,15,14,13,12,12,12,12,12,22,22,22,22,22,
1,2,18,
4,4,4,5,4,4,6,7,8,9,9,4,1,2,3,3,10,10,10,10,
3,3,4,4,4,4,4,5,6,7,8,9,9,4,10,10,10,19,17,10,1,2,
10,12,12,12,10,10,22,22,22,22,1,2,3,3,4,12,12,12,5,22,22,22,22,7,6,8,9,9,4,10,10,11,11,10,22,22,22,22,22,11,11,22,17,6,8,9,9,22,22,12,
1,2,18,
4,4,4,4,4,4,4,1,2,2,4,4,4,4,20,19,4,3,3,20,4,4,4,4,4,4,4,4,4,4,
22,10,22,12,10,10,10,10,22,12,12,10,10,22,12,12,12,22,6,17,8,9,9,10,10,12,12,22,22,22,22,12,17,6,8,9,9,10,10,11,11,10,22,12,12,12,22,22,22,10,22,10,22,22,1,2,2,20,22,3,3,20,4,22,22,12,22,15,13,14,16,22,12,22,22,4,4,22,5,22,7,6,8,9,9,4,
4,4,19,4,4,4,4,4,4,4,4,1,2,3,3,4,4,4,4,
1,2,18,
1,2,18,
18,1,2,
1,2,2,20,3,3,20,4,18,4,
10,16,14,13,15,12,11,11,10,4,12,5,1,2,3,3,6,7,8,9,9,4,10,10,10,4,4,10,4,4,
10,12,10,4,12,10,10,22,5,22,22,7,6,8,9,9,4,22,22,22,22,22,4,22,22,4,22,22,22,22,1,2,2,22,22,10,11,11,10,22,20,22,22,3,3,20,4,12,12,22,4,4,10,4,10,4,4,12,12,22,
4,10,10,10,10,10,4,4,4,4,4,4,1,2,2,4,4,4,5,4,4,6,7,8,9,9,4,10,20,3,3,20,4,10,4,11,11,10,4,
11,11,10,10,10,4,12,12,12,4,4,4,4,5,15,16,13,14,12,12,7,6,8,9,9,4,12,1,2,3,3,4,4,10,
20,18,20,1,2,2,
1,2,3,3,4,10,10,10,10,5,7,6,8,9,9,4,10,6,17,8,9,9,10,10,10,10,10,10,10,10,11,11,10,10,10,10,10,
4,1,2,3,3,4,4,5,7,6,8,9,9,4,10,10,10,10,
4,4,10,10,4,4,4,4,17,6,8,9,9,10,10,10,4,4,1,2,2,20,3,3,20,4,5,7,6,8,9,9,4,10,
22,15,16,14,13,12,12,22,22,22,22,12,12,22,12,12,12,12,22,12,22,1,2,22,3,3,22,4,12,12,12,5,12,12,6,7,8,9,9,4,10,12,22,22,10,22,12,12,12,12,12,10,11,11,10,22,
1,2,18,
5,4,6,7,8,9,9,4,12,12,15,16,14,13,12,22,22,10,11,11,10,22,22,22,22,22,22,4,22,11,11,22,22,12,12,4,22,22,1,2,3,3,4,4,6,17,8,9,9,22,22,4,22,4,
5,1,2,3,3,6,7,8,9,9,4,10,10,11,11,10,10,12,18,21,12,10,4,10,4,4,10,10,
4,4,4,1,2,3,3,5,6,7,8,9,9,4,10,17,6,8,9,9,10,10,10,
1,2,2,20,18,20,
1,2,18,
1,2,18,
4,4,4,4,4,4,4,4,4,4,4,4,4,4,4,4,4,4,4,4,1,2,3,3,
1,2,18,
1,2,18,
1,2,18,
1,2,18,
1,2,18,
4,4,4,4,4,4,4,1,2,2,20,4,4,3,3,20,4,4,4,4,4,4,4,
1,2,2,20,18,20,
1,2,18,
4,10,10,5,6,7,8,9,9,4,10,10,10,10,1,2,3,3,10,10,
1,2,18,
4,4,4,4,1,2,3,3,4,4,10,4,10,10,4,5,19,17,10,6,7,8,9,9,4,4,
7,6,8,9,9,4,10,6,17,8,9,9,10,10,10,10,10,4,4,10,17,6,8,9,9,10,10,17,6,8,9,9,10,10,10,1,2,3,3,10,10,10,10,4,5,
1,2,18,
7,6,8,9,9,4,12,16,14,13,15,12,10,1,2,11,11,10,3,3,4,5,
1,2,18,
4,5,6,7,8,9,9,4,10,10,1,2,2,4,4,4,4,4,4,4,4,4,4,10,10,10,10,20,3,3,20,10,17,6,8,9,9,10,4,4,4,4,
1,2,2,20,18,20,
1,2,18,
4,4,5,4,4,10,10,6,7,8,9,9,4,10,6,17,8,9,9,10,10,4,1,2,3,3,4,4,4,10,4,
1,2,18,
4,18,4,1,2,2,4,20,3,3,20,4,
1,2,18,
12,16,15,13,14,12,12,4,5,7,6,8,9,9,4,12,10,11,11,10,1,2,3,3,10,10,10,10,
1,2,2,20,18,20,
1,2,18,
1,2,2,20,18,20,
20,18,20,1,2,2,
22,22,10,11,11,10,22,4,22,5,1,2,3,3,7,6,8,9,9,4,10,10,12,22,10,22,22,10,4,10,10,16,13,14,15,22,22,22,4,22,22,22,22,12,12,
1,2,2,20,18,20,
20,18,20,1,2,2,
1,2,2,20,18,20,
20,18,20,1,2,2,
12,4,12,5,12,6,7,8,9,9,4,10,10,1,2,3,3,4,4,4,4,10,11,11,10,21,18,12,
20,18,20,1,2,2,
4,4,10,10,10,4,6,17,8,9,9,10,10,10,10,1,2,10,3,3,5,7,6,8,9,9,4,10,10,10,10,
1,2,18,
22,22,3,3,12,22,22,12,12,22,22,22,12,12,22,22,12,15,14,13,16,12,4,22,22,10,5,10,6,7,8,9,9,4,10,11,11,10,1,2,
6,7,8,9,9,4,12,12,18,21,12,10,11,11,10,1,2,3,3,12,4,5,
1,2,18,
1,2,18,
1,2,18,
4,5,10,10,7,6,8,9,9,4,10,10,1,2,3,3,
1,2,2,4,4,4,4,4,20,3,3,20,4,18,4,4,4,4,
1,2,18,
4,4,4,4,4,4,4,1,2,3,3,4,4,4,4,4,4,4,4,4,4,4,4,4,4,4,
1,2,18,
4,10,4,4,15,14,16,13,12,4,10,11,11,10,4,4,4,4,5,6,7,8,9,9,4,10,12,4,1,2,3,3,
10,10,10,4,10,10,5,10,7,6,8,9,9,4,10,10,1,2,3,3,
1,2,2,20,18,20,
22,12,10,11,11,10,22,22,22,12,12,1,2,22,3,3,4,22,5,6,7,8,9,9,4,22,12,12,22,12,22,22,22,12,22,22,22,12,10,10,10,10,22,
5,10,6,7,8,9,9,4,10,10,10,10,1,2,3,3,10,4,
1,2,18,
1,2,18,
20,18,20,1,2,2,
10,4,4,10,4,4,4,4,10,10,4,10,4,19,17,10,10,10,1,2,3,3,4,4,4,4,5,6,7,8,9,9,4,4,4,4,
1,2,18,
20,18,20,1,2,2,
4,4,4,19,4,1,2,3,3,
4,4,1,2,3,3,10,10,4,4,4,10,10,10,10,4,4,5,7,6,8,9,9,4,10,10,10,10,
1,2,2,20,18,20,
10,10,10,1,2,2,20,20,20,20,20,3,3,20,4,10,11,11,10,5,7,6,8,9,9,4,10,10,12,10,
4,18,4,1,2,3,3,
1,2,18,
10,11,11,10,5,12,12,22,22,22,22,22,22,22,22,7,6,8,9,9,4,22,22,10,22,22,10,22,22,22,12,13,16,14,15,12,1,2,2,20,12,3,3,20,4,22,22,
1,2,18,
10,10,4,4,4,10,17,19,10,5,6,7,8,9,9,4,10,10,10,10,10,10,1,2,3,3,
1,2,3,3,4,4,4,19,4,
1,2,18,
4,4,4,4,4,1,2,3,3,4,4,4,4,4,4,4,4,4,4,4,4,4,4,4,4,4,4,4,
10,4,10,4,10,4,4,4,4,4,4,5,6,7,8,9,9,4,4,10,10,4,10,10,10,19,17,10,1,2,2,20,20,20,4,4,3,3,20,4,10,
20,4,4,4,4,4,4,3,3,20,4,1,2,2,18,4,
4,4,4,4,4,4,4,4,5,10,7,6,8,9,9,4,10,4,4,10,4,4,4,10,4,4,1,2,3,3,4,4,
1,2,18,
1,2,18,
1,2,18,
1,2,3,3,4,19,4,
1,2,18,
4,4,10,1,2,3,3,10,5,10,7,6,8,9,9,4,10,10,10,10,6,17,8,9,9,10,10,10,10,10,10,10,4,
1,2,18,
4,5,6,7,8,9,9,4,1,2,3,3,10,19,17,10,
7,6,8,9,9,4,10,6,17,8,9,9,10,10,10,10,11,11,10,4,12,4,4,4,18,21,12,4,4,1,2,3,3,4,5,
12,4,5,6,7,8,9,9,4,15,13,14,16,12,10,11,11,10,10,10,4,1,2,3,3,4,
12,4,22,22,10,12,10,5,10,11,11,10,6,7,8,9,9,4,10,22,22,1,2,3,3,12,22,6,17,8,9,9,10,10,10,12,10,10,12,12,19,17,22,12,4,4,
4,4,4,4,4,4,4,4,4,4,4,4,4,4,4,4,1,2,3,3,4,4,4,4,4,4,
1,2,3,3,4,4,
20,20,20,1,2,2,18,20,20,20,
4,4,18,4,4,4,1,2,3,3,4,
1,2,3,3,4,4,4,5,7,6,8,9,9,4,4,4,10,17,19,10,
1,2,18,
1,2,18,
1,2,18,
4,12,18,21,12,5,1,2,3,3,7,6,8,9,9,4,10,17,6,8,9,9,10,10,10,10,11,11,10,
7,6,8,9,9,4,10,17,6,8,9,9,10,12,10,11,11,10,10,10,12,12,14,15,16,13,12,1,2,2,20,20,20,3,3,20,4,5,
18,20,1,2,2,20,20,20,
1,2,18,
1,2,12,3,3,4,12,12,10,11,11,10,5,6,7,8,9,9,4,10,10,12,12,6,17,8,9,9,12,22,14,15,13,16,22,
4,1,2,4,4,3,3,4,4,4,4,4,4,4,4,4,4,4,4,4,4,4,4,4,4,4,4,4,4,4,
4,10,1,2,3,3,19,17,10,4,4,10,10,5,7,6,8,9,9,4,10,10,
10,10,4,4,10,10,10,10,4,1,2,3,3,4,4,5,7,6,8,9,9,4,
10,10,4,4,4,4,4,20,3,3,20,1,2,2,5,4,7,6,8,9,9,4,10,4,17,6,8,9,9,10,10,10,10,10,4,4,
4,4,4,4,4,5,4,4,4,6,7,8,9,9,4,4,4,4,4,20,3,3,20,1,2,2,4,4,4,4,4,4,4,4,4,
20,18,20,1,2,2,
10,10,10,10,10,10,4,1,2,3,3,5,6,7,8,9,9,4,
15,13,14,16,12,4,20,10,11,11,5,10,3,3,20,4,4,7,6,8,9,9,4,10,10,10,10,1,2,2,12,
1,2,18,
4,4,1,2,3,3,5,12,12,7,6,8,9,9,4,12,4,4,10,10,4,10,11,11,10,15,16,14,13,12,
10,10,10,10,1,2,2,4,10,10,10,10,20,3,3,20,5,7,6,8,9,9,4,10,11,11,10,
1,2,2,20,18,20,
1,2,18,
12,10,10,6,17,8,9,9,12,22,14,15,13,16,22,4,4,4,1,2,5,3,3,7,6,8,9,9,4,10,10,11,11,10,17,6,8,9,9,10,10,10,4,4,4,4,
4,4,1,2,3,3,4,4,4,4,4,5,7,6,8,9,9,4,10,4,10,4,4,4,4,4,10,4,4,10,
1,2,18,
1,2,2,20,18,20,
1,2,18,
1,2,2,20,20,20,18,20,
4,4,1,2,3,3,4,4,4,19,4,
10,1,2,3,3,4,10,10,5,7,6,8,9,9,4,10,10,10,17,6,8,9,9,10,10,
20,18,20,1,2,2,
12,12,5,7,6,8,9,9,4,12,17,19,12,10,11,11,10,12,12,10,12,12,10,22,22,12,22,4,22,4,22,22,22,1,2,3,3,4,
5,6,7,8,9,9,4,10,14,15,13,16,12,10,12,12,12,10,11,11,10,10,10,1,2,2,20,3,3,20,4,
1,2,18,
1,2,2,4,20,3,3,20,4,4,19,4,4,4,
3,3,20,4,4,4,4,1,2,2,4,4,4,18,4,20,
1,2,18,
12,12,10,11,11,10,22,12,12,4,22,12,12,22,22,12,22,10,10,5,7,6,8,9,9,4,22,22,12,12,22,22,1,2,3,3,12,22,
12,12,12,4,4,4,5,6,7,8,9,9,4,10,11,11,10,12,12,14,15,13,16,12,1,2,3,3,
1,2,18,
10,11,11,10,12,17,19,12,1,2,3,3,4,4,4,5,7,6,8,9,9,4,10,10,
10,10,20,3,3,20,4,5,7,6,8,9,9,4,10,1,2,2,10,10,10,10,10,
4,22,22,10,11,11,10,22,4,1,2,3,3,5,22,22,22,22,6,7,8,9,9,4,12,12,10,22,12,12,22,16,15,13,14,12,10,4,
1,2,3,3,4,18,4,
10,10,10,10,1,2,3,3,4,5,6,7,8,9,9,4,10,10,10,10,
1,2,18,
20,18,20,1,2,2,
1,2,18,
1,2,18,
17,6,8,9,9,10,22,10,10,12,12,1,2,3,3,4,22,5,22,12,7,6,12,8,9,9,4,10,12,17,6,8,9,9,22,22,12,10,15,14,13,16,12,22,22,22,22,22,11,11,22,22,10,22,22,12,22,22,10,22,11,11,10,12,22,
19,4,1,2,3,3,4,4,4,5,
1,2,18,
1,2,18,
10,10,19,17,10,4,1,2,3,3,5,6,7,8,9,9,4,10,10,10,10,10,
1,2,18,
4,4,20,3,3,20,4,18,4,1,2,2,
1,2,2,4,20,3,3,20,18,4,
1,2,2,20,18,20,
1,2,2,20,18,20,
4,4,4,5,4,6,7,8,9,9,4,10,10,10,10,1,2,3,3,4,4,4,10,4,10,4,4,4,
1,2,18,
10,11,11,10,10,15,14,13,16,12,10,10,10,10,10,10,1,2,3,3,4,12,5,6,7,8,9,9,4,10,
1,2,3,3,14,13,15,16,12,4,5,10,11,11,10,10,6,7,8,9,9,4,10,12,
4,1,2,3,3,4,4,4,4,4,4,19,4,4,4,4,4,
4,19,4,1,2,2,20,3,3,20,4,4,
1,2,2,10,20,3,3,20,10,10,17,19,10,4,5,6,7,8,9,9,4,10,10,10,6,17,8,9,9,10,10,10,4,4,
10,1,2,3,3,10,4,5,7,6,8,9,9,4,10,19,17,10,
1,2,3,3,4,10,5,6,7,8,9,9,4,10,10,10,10,10,
1,2,18,
12,12,12,22,10,11,11,10,18,21,22,1,2,2,20,3,3,20,4,12,12,5,7,6,8,9,9,4,10,10,10,10,
1,2,18,
1,2,18,
1,2,2,20,18,20,
1,2,18,
1,2,18,
11,11,10,1,2,12,3,3,12,4,12,4,14,15,13,16,12,4,5,12,7,6,8,9,9,4,12,12,12,12,12,10,
4,4,4,4,4,1,2,4,3,3,4,4,4,4,4,4,4,4,4,4,4,4,4,4,4,4,4,4,4,4,4,4,
1,2,18,
4,10,10,4,12,12,12,10,11,11,10,22,12,22,12,1,2,3,3,4,5,4,4,7,6,4,8,9,9,4,4,
6,17,8,9,9,10,16,14,13,15,12,10,10,10,11,11,10,1,2,3,3,4,12,5,7,6,8,9,9,4,10,
20,20,20,18,20,1,2,2,
1,2,3,3,4,18,4,
10,4,10,4,5,6,7,8,9,9,4,10,10,10,1,2,10,3,3,4,10,4,4,10,
1,2,18,
1,2,3,3,4,4,4,4,4,4,4,4,19,4,4,4,4,
10,10,1,2,3,3,10,4,10,4,4,5,6,7,8,9,9,4,10,10,
22,12,22,22,22,22,22,1,2,3,3,22,4,4,22,12,12,22,12,12,22,4,5,12,7,6,8,9,9,4,10,22,22,22,10,22,10,11,11,10,
1,2,18,
4,4,4,4,4,4,4,4,4,1,2,3,3,4,4,4,
6,7,8,9,9,4,10,4,10,4,1,2,3,3,4,4,4,4,12,4,10,11,11,10,4,21,18,12,4,5,
20,20,4,4,4,1,2,2,5,7,6,8,9,9,4,20,3,3,20,4,4,4,4,4,4,4,4,4,4,
22,22,22,22,22,4,12,12,12,12,5,1,2,22,3,3,7,6,8,9,9,4,10,10,11,11,10,17,6,8,9,9,12,17,6,22,8,9,9,10,10,22,22,22,15,16,13,14,22,10,4,4,4,4,22,22,12,12,22,12,12,22,22,22,22,12,
1,2,18,
5,7,6,8,9,9,4,10,10,10,6,17,8,9,9,10,10,10,10,19,17,10,4,1,2,3,3,
1,2,2,20,18,20,
1,2,18,
1,2,2,20,18,20,
1,2,18,
4,4,4,4,19,4,1,2,3,3,4,
22,12,22,12,1,2,2,22,22,12,12,4,10,11,11,10,12,5,16,15,13,14,12,20,6,7,8,9,9,4,22,22,3,3,20,22,12,
10,10,10,10,10,4,10,1,2,2,5,7,6,8,9,9,4,10,10,4,4,20,3,3,20,
18,4,20,3,3,20,4,1,2,2,
1,2,18,
4,4,5,6,7,8,9,9,4,10,10,1,2,2,4,4,4,4,20,3,3,20,4,4,10,10,10,6,17,8,9,9,10,10,10,4,11,11,10,10,
20,18,20,20,20,1,2,2,
1,2,3,3,18,4,4,
1,2,18,
1,2,18,
1,2,2,20,18,20,
4,4,4,4,1,2,3,3,4,4,4,4,19,4,4,4,4,
4,4,1,2,3,3,4,4,4,4,
4,4,4,10,10,4,5,7,6,8,9,9,4,1,2,10,3,3,10,4,
5,4,4,4,20,4,7,6,8,9,9,4,1,2,2,10,10,10,10,10,10,3,3,20,10,10,4,4,4,4,4,4,4,
4,10,11,11,10,4,5,4,7,6,8,9,9,4,10,1,2,3,3,10,12,15,14,13,16,12,
4,4,20,3,3,20,4,4,4,4,4,19,4,1,2,2,
5,4,10,10,4,7,6,8,9,9,4,10,17,6,8,9,9,10,10,10,4,4,4,4,4,4,4,1,2,3,3,
1,2,3,3,19,4,4,
22,22,22,22,22,12,12,1,2,3,3,12,22,12,12,22,22,22,22,12,22,12,15,13,14,16,12,4,22,22,22,22,5,22,12,12,6,7,8,9,9,4,10,11,11,10,
17,6,8,9,9,10,10,4,10,4,10,10,10,11,11,10,4,4,4,4,1,2,3,3,4,5,6,7,8,9,9,4,10,
1,2,18,
1,2,18,
1,2,18,
15,14,16,13,22,4,10,11,11,10,5,7,6,8,9,9,4,10,6,17,8,9,9,10,10,10,12,1,2,3,3,10,10,6,17,8,9,9,12,22,
4,1,2,2,4,10,11,11,10,20,3,3,20,4,4,12,4,4,4,4,4,21,18,12,5,7,6,8,9,9,4,10,10,
11,11,10,12,1,2,3,3,4,12,12,15,14,16,13,12,5,7,6,8,9,9,4,12,22,22,22,22,12,12,22,10,
4,10,4,10,20,1,2,2,3,3,20,4,4,4,5,7,6,8,9,9,4,10,17,6,8,9,9,10,
1,2,18,
1,2,18,
20,18,20,1,2,2,
4,10,10,4,11,11,10,5,10,6,7,8,9,9,4,4,20,4,4,3,3,20,4,4,4,4,4,4,4,4,1,2,2,
1,2,18,
1,2,2,20,18,20,
4,5,7,6,8,9,9,4,10,4,4,17,6,8,9,9,10,10,10,4,1,2,2,4,4,4,20,3,3,20,4,4,10,10,4,4,
10,11,11,10,10,4,10,10,10,1,2,3,3,5,6,7,8,9,9,4,10,6,17,8,9,9,10,10,10,
1,2,18,
4,1,2,3,3,5,4,10,4,7,6,8,9,9,4,10,10,19,17,10,
1,2,2,20,3,3,20,4,18,4,
4,5,7,6,8,9,9,4,10,6,17,8,9,9,10,10,10,1,2,2,10,20,4,4,3,3,20,10,
1,2,18,
12,12,4,12,12,6,17,8,9,9,22,12,22,22,12,22,12,22,22,11,11,22,5,12,6,7,8,9,9,4,10,12,12,12,12,12,12,12,12,12,10,10,11,11,10,12,1,2,12,22,3,3,12,12,
4,20,3,3,20,18,4,1,2,2,
22,22,12,22,22,22,22,4,12,12,10,11,11,10,5,16,14,13,15,12,1,2,3,3,7,6,8,9,9,4,22,12,
4,4,4,4,4,4,4,4,4,4,4,4,4,4,1,2,3,3,4,4,4,4,
10,10,4,4,4,1,2,3,3,5,6,7,8,9,9,4,10,10,10,4,4,4,10,4,4,4,
12,1,2,3,3,12,4,4,5,7,6,8,9,9,4,10,10,10,11,11,10,12,12,12,4,15,13,16,14,12,22,4,4,12,12,12,22,22,22,22,
4,4,1,2,2,4,4,4,20,20,4,4,4,4,4,4,4,4,4,4,4,4,20,3,3,20,4,4,4,4,4,4,4,
1,2,18,
5,6,7,8,9,9,4,10,17,6,8,9,9,10,12,10,10,12,1,2,14,15,16,13,12,3,3,10,11,11,10,12,4,
1,2,18,
20,18,20,1,2,2,
1,2,18,
4,4,1,2,2,4,4,4,4,4,4,5,7,6,8,9,9,4,10,20,10,4,4,3,3,20,4,
1,2,18,
1,2,18,
1,2,18,
1,2,2,20,18,20,
4,4,4,10,1,2,3,3,4,5,7,6,8,9,9,4,10,10,10,4,
1,2,18,
4,5,22,6,7,8,9,9,4,22,12,12,1,2,10,11,11,10,3,3,12,22,22,22,12,12,22,12,22,15,16,13,14,12,
1,2,18,
4,18,4,1,2,3,3,
1,2,18,
4,4,1,2,3,3,4,4,4,4,4,4,4,4,4,4,4,4,4,4,4,4,4,4,4,4,
1,2,18,
4,4,4,4,4,4,4,4,4,4,4,4,4,4,4,4,4,1,2,2,20,3,3,20,4,4,4,
1,2,18,
10,11,11,10,22,4,22,5,7,6,8,9,9,4,10,10,22,12,12,22,1,2,3,3,22,17,19,22,12,
1,2,2,20,20,20,18,20,
10,10,10,10,10,10,10,10,10,4,4,10,10,10,10,5,10,7,6,10,8,9,9,4,10,10,10,10,10,1,2,10,3,3,10,10,10,10,4,10,10,10,
4,5,12,22,6,7,8,9,9,4,10,10,10,11,11,10,22,1,2,3,3,17,19,22,12,12,22,
22,12,4,16,14,13,15,12,1,2,2,12,4,4,5,10,11,11,10,7,6,8,9,9,4,10,10,22,12,12,12,22,22,22,20,12,3,3,20,12,12,
10,11,11,10,4,5,17,6,8,9,9,12,22,6,7,8,9,9,4,10,6,17,8,9,9,10,10,10,15,14,13,16,22,4,4,1,2,4,3,3,4,12,4,4,
4,4,4,18,4,1,2,3,3,
4,4,4,4,4,4,4,4,4,4,5,4,19,4,4,4,4,4,4,4,4,4,4,1,2,4,3,3,
1,2,18,
1,2,2,20,18,20,
1,2,2,20,18,20,
10,10,10,17,6,8,9,9,10,4,4,1,2,3,3,5,7,6,8,9,9,4,4,
12,12,12,12,4,12,5,7,6,8,9,9,4,10,4,10,4,12,12,1,2,3,3,12,16,15,13,14,12,12,10,11,11,10,
1,2,18,
22,12,22,22,22,15,14,13,16,12,22,12,12,12,10,11,11,10,4,4,4,5,6,7,8,9,9,4,1,2,3,3,
10,4,10,10,10,4,1,2,3,3,4,4,4,5,7,6,8,9,9,4,
1,2,18,
10,11,11,10,10,1,2,3,3,4,5,6,7,8,9,9,4,10,10,10,
22,22,13,15,14,16,22,12,1,2,3,3,4,5,6,7,8,9,9,4,12,12,10,11,11,10,12,12,22,
18,20,1,2,2,20,
12,12,22,22,10,11,11,10,1,2,3,3,4,4,12,4,4,10,10,4,4,5,10,10,6,7,8,9,9,4,4,4,4,
1,2,3,3,4,18,4,
1,2,18,
20,3,3,20,4,5,7,6,8,9,9,4,10,10,10,10,10,19,17,10,1,2,2,
3,3,4,4,4,18,4,1,2,
18,1,2,
1,2,18,
1,2,18,
4,1,2,3,3,19,4,
20,18,20,1,2,2,
4,20,3,3,20,4,1,2,2,4,4,18,4,4,
20,18,20,1,2,2,
23,23,23,23,1,2,2,23,18,23,
10,10,4,5,6,7,8,9,9,4,1,2,3,3,4,4,
4,15,13,14,16,12,4,4,5,7,6,8,9,9,4,10,11,11,10,1,2,3,3,12,
10,11,11,10,4,12,5,7,6,8,9,9,4,10,10,14,13,15,16,12,1,2,3,3,4,4,
5,10,7,6,8,9,9,4,10,10,10,10,17,6,8,9,9,10,10,10,10,10,10,10,1,2,3,3,4,
4,4,5,6,7,8,9,9,4,10,12,10,4,14,15,16,13,12,10,1,2,3,3,11,11,10,
1,2,18,
1,2,3,3,4,4,4,18,4,
4,22,22,1,2,5,3,3,22,12,22,7,6,8,9,9,4,22,22,12,12,22,22,10,12,12,22,10,22,22,10,22,22,22,10,22,22,22,22,22,22,22,22,22,22,4,12,22,22,22,4,22,22,22,22,12,22,22,22,22,4,22,22,22,4,22,22,22,10,11,11,12,10,
5,7,6,8,9,9,4,10,10,1,2,3,3,10,11,11,10,12,21,18,12,4,
18,20,1,2,2,20,
1,2,2,4,19,4,20,3,3,20,
1,2,18,
4,4,1,2,3,3,4,4,4,19,4,
10,4,10,10,1,2,3,3,10,10,17,6,8,9,9,10,10,4,10,10,5,10,10,6,17,8,9,9,10,10,7,6,8,9,9,4,10,17,6,8,9,9,10,10,10,11,11,10,17,6,8,9,9,10,10,10,10,4,4,4,4,4,
10,10,4,10,11,11,10,1,2,3,3,4,4,5,6,7,8,9,9,4,10,17,6,8,9,9,10,
12,6,17,8,9,9,12,22,14,15,16,13,22,1,2,2,4,20,3,3,20,5,6,7,8,9,9,4,10,17,6,8,9,9,10,10,10,10,11,11,10,
1,2,18,
4,4,19,4,4,4,4,1,2,3,3,4,4,4,4,
1,2,3,3,4,4,4,4,4,4,19,4,4,4,4,
4,4,1,2,3,3,4,4,4,4,4,18,4,4,4,4,4,
4,4,4,10,10,1,2,3,3,5,6,7,8,9,9,4,10,10,
4,19,4,4,1,2,3,3,4,4,4,
1,2,18,
10,17,6,8,9,9,10,4,5,6,7,8,9,9,4,10,6,17,8,9,9,10,10,10,4,4,1,2,3,3,10,11,11,10,22,12,12,10,22,17,6,8,9,9,12,10,4,4,15,16,13,14,12,22,22,22,12,
14,15,13,16,12,1,2,3,3,4,5,7,6,8,9,9,4,10,10,12,10,11,11,10,
10,4,4,4,5,10,10,6,7,8,9,9,4,10,10,4,4,4,4,4,1,2,2,4,20,3,3,20,10,
1,2,3,3,4,4,4,4,4,4,4,5,4,4,4,4,4,
1,2,18,
4,4,5,4,7,6,8,9,9,4,4,4,4,12,1,2,2,4,4,10,11,11,10,20,18,21,12,3,3,20,4,
10,11,11,10,22,22,12,12,22,10,10,22,12,12,22,22,22,1,2,3,3,4,5,7,6,8,9,9,4,10,10,10,10,12,12,12,22,
10,5,7,6,8,9,9,4,1,2,3,3,4,10,10,10,
4,4,4,6,17,8,9,9,10,10,10,10,10,10,10,10,10,10,10,10,1,2,3,3,4,4,10,5,7,6,8,9,9,4,10,
20,18,20,1,2,2,
1,2,3,3,4,4,4,4,22,22,12,12,22,12,12,12,12,12,12,4,12,12,22,4,4,12,12,12,5,10,22,11,11,10,7,6,8,9,9,4,6,17,8,9,9,22,4,22,22,4,
4,4,4,4,1,2,2,4,4,4,4,5,6,7,8,9,9,4,10,20,10,3,3,20,4,4,4,4,4,4,4,4,4,4,4,4,4,
1,2,3,3,10,10,4,4,4,5,7,6,8,9,9,4,10,10,
1,2,18,
12,12,22,4,10,11,11,10,22,22,12,12,5,7,6,8,9,9,4,10,10,12,1,2,22,3,3,22,22,4,12,4,22,22,22,4,22,4,22,15,16,13,14,12,
5,7,6,8,9,9,4,10,10,10,10,1,2,2,4,20,3,3,20,
3,3,20,4,4,4,4,4,4,4,18,4,4,4,4,4,4,1,2,2,4,4,4,4,4,4,4,4,4,4,4,4,4,20,
20,3,3,20,4,4,4,4,4,4,1,2,2,18,4,4,
20,18,20,1,2,2,
1,2,18,
1,2,18,
4,4,20,3,3,20,4,4,4,18,4,1,2,2,
1,2,18,
1,2,18,
10,1,2,3,3,4,4,4,5,4,4,7,6,8,9,9,4,4,4,4,4,4,10,4,
1,2,18,
1,2,18,
10,10,1,2,3,3,4,5,6,7,8,9,9,4,10,10,10,10,
12,12,10,11,11,10,22,22,22,4,12,5,12,6,7,8,9,9,4,22,22,1,2,3,3,12,22,12,22,15,13,14,16,12,12,12,
1,2,18,
4,4,4,4,4,4,4,4,4,4,4,4,4,4,4,4,4,19,4,4,4,4,4,4,4,1,2,3,3,4,4,4,4,
1,2,18,
22,22,3,3,20,4,22,22,22,22,22,22,22,5,6,7,8,9,9,4,10,22,11,11,10,15,14,13,16,12,12,22,22,10,22,22,22,22,22,22,22,22,22,22,22,22,12,22,22,22,22,10,22,22,10,22,22,22,10,1,2,2,20,22,
1,2,18,
1,2,18,
1,2,18,
4,10,5,6,7,8,9,9,4,10,17,6,8,9,9,10,10,10,1,2,3,3,10,
4,18,4,4,1,2,2,4,20,20,20,4,3,3,20,4,4,4,
4,18,4,1,2,3,3,
10,1,2,2,20,4,10,3,3,20,10,10,5,7,6,8,9,9,4,
20,3,3,20,4,4,4,1,2,2,4,4,4,4,18,4,
4,4,5,10,7,6,8,9,9,4,10,10,10,4,4,4,10,4,10,1,2,3,3,4,10,11,11,10,
5,7,6,8,9,9,4,10,10,11,11,10,12,12,12,10,12,10,10,10,10,10,10,12,15,16,13,14,12,10,1,2,3,3,4,6,17,8,9,9,10,
1,2,18,
1,2,3,3,10,10,4,4,10,10,4,5,7,6,8,9,9,4,
4,4,4,4,4,1,2,2,4,4,20,20,4,4,4,4,4,4,4,4,4,4,4,4,4,4,4,4,4,4,4,4,4,20,4,4,3,3,20,
1,2,18,
1,2,2,20,18,20,
1,2,3,3,10,4,10,5,6,7,8,9,9,4,10,10,
12,1,2,2,4,5,7,6,8,9,9,4,10,10,12,20,3,3,20,10,11,11,10,
1,2,18,
12,12,12,13,14,16,15,12,1,2,2,20,3,3,20,4,5,6,7,8,9,9,4,10,12,10,11,11,10,10,12,
10,11,11,10,10,10,1,2,3,3,4,5,7,6,8,9,9,4,10,10,
22,22,22,22,22,22,4,4,22,4,4,12,4,4,22,22,5,4,4,10,22,1,2,4,4,11,11,22,3,3,4,12,22,22,4,6,7,8,9,9,4,6,17,8,9,9,10,16,14,13,15,12,10,10,22,22,22,22,22,4,4,6,17,8,9,9,22,22,22,22,12,12,10,4,11,11,10,4,
4,4,4,5,6,7,8,9,9,4,4,10,10,4,10,17,6,8,9,9,10,10,11,11,10,10,4,10,1,2,3,3,4,
12,10,11,11,10,13,14,16,15,12,1,2,3,3,4,5,7,6,8,9,9,4,10,10,
1,2,3,3,4,4,4,4,4,4,4,4,4,4,
4,1,2,3,3,4,4,18,4,4,4,4,4,
4,1,2,3,3,10,11,11,10,12,5,4,6,7,8,9,9,4,10,22,17,6,8,9,9,10,10,6,17,8,9,9,10,10,6,17,6,17,8,9,9,8,9,9,10,12,4,10,22,16,13,15,14,22,11,11,22,12,12,10,12,10,10,17,6,8,9,9,10,4,4,10,10,4,4,10,4,10,4,10,4,4,
1,2,18,
10,1,2,3,3,4,4,4,4,10,10,4,10,10,4,10,4,5,6,7,8,9,9,4,
1,2,2,20,18,20,
1,2,2,20,18,20,
1,2,2,20,18,20,
12,1,2,3,3,10,11,11,10,4,5,13,14,16,15,12,6,7,8,9,9,4,10,10,
1,2,18,
10,10,10,1,2,3,3,4,10,11,11,10,4,4,5,7,6,8,9,9,4,10,
4,4,10,11,11,10,12,5,6,7,8,9,9,4,15,13,14,16,12,1,2,3,3,4,
1,2,2,20,18,20,
12,12,4,4,4,5,7,6,8,9,9,4,12,1,2,3,3,4,4,16,13,14,15,12,10,11,11,10,
10,10,12,15,14,13,16,12,10,11,11,10,1,2,3,3,4,5,6,7,8,9,9,4,
1,2,18,
4,4,5,7,6,8,9,9,4,10,4,4,10,10,10,4,4,4,1,2,3,3,4,4,4,4,
4,1,2,2,4,4,4,4,4,4,4,4,4,4,4,20,4,4,4,3,3,20,4,4,4,4,4,4,4,4,4,4,4,4,4,
1,2,18,
1,2,18,
1,2,18,
4,19,4,1,2,3,3,4,4,4,4,
4,4,4,4,4,4,4,4,4,1,2,2,4,4,4,4,20,3,3,20,4,4,4,4,4,
12,21,18,12,1,2,3,3,4,5,7,6,8,9,9,4,10,10,10,11,11,10,
4,3,3,20,4,4,4,18,4,4,4,4,4,4,4,4,4,4,4,4,4,4,4,4,4,4,4,4,4,1,2,2,4,4,4,4,4,4,4,4,4,4,4,20,
4,4,5,7,6,8,9,9,4,12,12,22,22,11,11,17,6,8,9,9,22,22,22,22,12,10,11,11,10,1,2,3,3,4,12,15,13,16,14,12,
20,18,20,1,2,2,
20,3,3,20,4,4,10,10,4,5,10,11,11,10,6,7,8,9,9,4,1,2,2,
1,2,2,20,3,3,20,4,18,4,
1,2,3,3,4,4,4,5,7,6,8,9,9,4,10,10,10,11,11,10,13,15,14,16,12,12,
1,2,18,
1,2,2,20,3,3,20,4,4,4,4,4,18,4,4,4,4,4,4,4,4,4,4,4,
23,23,23,18,23,1,2,2,23,23,
1,2,2,20,18,20,
1,2,18,
1,2,18,
1,2,2,20,3,3,20,4,4,
1,2,18,
1,2,18,
10,10,10,1,2,3,3,4,5,7,6,8,9,9,4,10,17,6,8,9,9,10,10,
18,4,4,4,1,2,2,4,4,20,3,3,20,4,
4,18,1,4,2,3,3,
1,2,18,
1,2,2,20,18,20,
1,2,18,
1,2,2,20,20,20,20,20,18,20,
4,5,10,6,7,8,9,9,4,10,10,10,10,10,1,2,3,3,
6,7,8,9,9,4,10,10,10,10,1,2,2,4,4,4,10,10,20,4,20,20,4,3,3,20,4,4,5,
1,2,2,20,18,20,
1,2,18,
12,1,2,2,10,11,11,10,4,14,13,15,16,12,5,20,3,3,20,6,7,8,9,9,4,4,4,
5,6,7,8,9,9,4,10,11,11,10,12,1,2,3,3,4,4,15,16,14,13,12,4,
4,18,4,4,4,20,3,3,20,1,2,2,
1,2,18,
4,4,5,7,6,8,9,9,4,10,12,12,12,10,12,12,12,12,12,12,12,22,22,22,22,22,12,12,6,17,8,9,9,22,12,12,22,1,2,10,22,13,14,16,15,12,3,3,11,11,10,12,12,4,4,12,12,12,12,22,12,4,22,4,12,4,12,12,22,11,11,22,12,22,22,22,22,22,
20,18,20,1,2,2,
10,10,4,4,5,7,6,8,9,9,4,10,10,6,17,8,9,9,10,10,10,10,10,11,11,10,10,17,6,8,9,9,10,1,2,3,3,4,
1,2,18,
6,7,8,9,9,4,10,10,1,2,3,3,4,10,5,10,
22,22,12,12,12,12,12,12,22,12,22,12,12,12,22,14,15,13,16,22,22,12,22,10,22,22,10,22,11,11,10,10,22,1,2,3,3,4,22,5,7,6,8,9,9,4,12,12,22,22,22,12,10,10,
1,2,18,
4,1,2,3,3,10,10,4,4,5,7,6,8,9,9,4,10,6,17,8,9,9,10,10,10,
1,2,3,3,4,18,4,
4,4,4,4,4,1,2,4,3,3,4,4,4,4,4,19,4,4,4,4,4,4,4,4,4,
4,4,1,2,3,3,4,10,10,4,5,6,7,8,9,9,4,4,4,4,
1,2,18,
1,2,2,20,18,20,
1,2,18,
10,10,10,10,10,10,1,2,3,3,4,5,6,7,8,9,9,4,
1,2,18,
1,2,18,
22,22,22,4,4,4,22,4,12,5,12,6,7,8,9,9,4,12,12,10,10,10,10,10,11,11,10,22,22,22,12,22,1,2,3,3,4,
1,2,2,20,18,20,
1,2,2,20,18,20,
10,10,10,1,2,3,3,10,4,5,6,7,8,9,9,4,
22,12,12,13,14,16,15,22,12,22,22,22,4,4,22,12,1,2,3,3,10,4,4,11,11,10,4,5,6,7,8,9,9,4,12,
10,11,11,10,1,2,3,3,4,4,15,13,14,16,12,4,4,4,4,4,5,4,12,7,6,8,9,9,4,10,10,4,
1,2,2,20,18,20,
1,2,2,20,18,20,
4,1,2,2,20,3,3,20,4,18,4,4,4,4,4,4,4,4,
1,2,18,
4,4,4,4,4,1,2,2,4,4,4,20,4,20,4,4,4,4,4,4,4,4,20,4,3,3,20,4,4,4,4,4,4,4,4,4,4,4,4,4,4,
12,14,15,13,16,12,12,1,2,3,3,4,12,5,7,6,10,8,9,9,4,10,10,10,10,11,11,10,12,12,
10,10,1,2,3,3,10,10,4,4,5,6,7,8,9,9,4,10,10,4,10,11,11,10,10,10,
4,4,4,4,1,2,4,3,3,5,6,7,8,9,9,4,10,10,10,10,
20,20,20,18,20,1,2,2,
4,4,4,5,6,7,8,9,9,4,1,2,3,3,10,10,10,17,19,10,
18,4,20,4,4,3,3,20,1,2,2,4,
22,22,22,22,12,22,22,10,21,18,22,20,22,3,3,20,4,22,12,5,7,6,8,9,9,4,10,1,2,2,10,10,10,11,11,10,22,22,12,12,22,22,12,12,
10,10,4,10,5,7,6,8,9,9,4,10,10,1,2,3,3,10,
1,2,18,
20,3,3,20,4,10,11,11,10,5,7,6,8,9,9,4,10,10,10,12,12,12,12,12,12,16,14,15,13,12,12,12,10,12,1,2,2,
1,2,18,
1,2,3,3,4,4,4,10,5,6,7,8,9,9,4,19,17,10,
1,2,3,3,10,4,11,11,10,10,5,6,7,8,9,9,4,10,4,4,
1,2,18,
18,4,1,2,3,3,4,4,4,
22,12,22,22,22,22,22,22,22,22,22,22,22,22,22,22,22,22,22,22,22,12,22,12,12,22,22,22,1,2,2,20,3,3,20,22,4,22,22,22,10,11,11,10,5,17,6,8,9,9,12,22,7,6,8,9,9,4,10,22,10,22,12,12,12,22,22,22,17,6,8,9,9,22,12,22,22,22,22,22,22,11,11,22,22,12,
20,20,20,18,20,1,2,2,
4,4,4,4,4,4,4,4,4,4,4,18,4,4,4,4,4,4,4,4,4,4,4,1,2,2,20,3,3,20,4,4,4,4,4,4,
1,2,2,20,18,20,
10,10,1,2,3,3,4,10,5,10,7,6,8,9,9,4,10,10,
4,4,4,19,4,1,2,3,3,4,4,
1,2,18,
1,2,18,
20,18,20,1,2,2,
11,11,10,1,2,3,3,18,21,12,4,5,6,7,8,9,9,4,12,12,12,12,12,10,
4,4,1,2,2,4,4,4,5,7,6,8,9,9,4,10,10,20,3,3,20,10,11,11,10,10,10,
4,1,2,3,3,4,4,5,6,7,8,9,9,4,10,10,10,11,11,10,
1,2,18,
1,2,18,
1,2,18,
4,12,5,6,7,8,9,9,4,10,22,22,10,22,17,6,8,9,9,22,22,22,22,12,12,12,12,12,12,12,22,22,12,12,1,2,2,20,22,3,3,20,4,12,12,4,12,4,22,22,22,22,22,22,22,22,22,10,11,11,10,22,22,22,12,12,4,12,22,
4,18,4,4,4,4,4,4,4,4,4,20,4,3,3,20,4,4,4,1,2,2,
4,10,11,11,10,14,13,15,16,22,5,7,6,8,9,9,4,10,10,12,12,12,4,22,4,22,22,1,2,3,3,
10,4,5,6,7,8,9,9,4,10,10,10,11,11,10,4,4,12,10,21,18,12,1,2,3,3,
3,3,20,4,4,4,4,4,4,4,4,4,4,20,20,20,20,4,4,4,4,20,1,2,2,
1,2,2,20,18,20,
1,2,2,20,18,20,
4,1,2,2,4,10,11,11,10,5,4,6,7,8,9,9,4,12,12,4,12,4,12,12,21,18,12,4,20,3,3,20,4,
10,11,11,10,1,2,3,3,4,5,7,6,8,9,9,4,10,10,
1,2,18,
4,5,10,10,7,6,8,9,9,4,1,2,2,20,3,3,20,
1,2,18,
4,18,4,1,2,3,3,4,4,
4,12,12,12,12,12,5,6,7,8,9,9,4,12,10,17,6,8,9,9,10,10,10,14,15,13,16,12,10,11,11,10,1,2,2,12,12,20,12,3,3,20,
22,10,22,4,5,10,6,7,8,9,9,4,11,11,10,22,22,22,12,12,12,12,12,22,15,14,16,13,12,1,2,3,3,12,22,12,10,12,
1,2,18,
20,18,20,1,2,2,
1,2,18,
10,10,1,2,3,3,4,10,11,11,10,5,6,7,8,9,9,4,10,10,10,6,17,8,9,9,10,10,10,
4,20,20,20,3,3,20,4,4,19,4,1,2,2,
20,18,20,1,2,2,
23,23,23,20,1,2,2,4,3,3,20,20,20,20,4,4,23,23,23,23,23,23,23,23,23,23,23,20,20,4,23,23,18,4,4,
10,10,1,2,3,3,4,5,6,7,8,9,9,4,10,10,10,10,
1,2,18,
4,4,4,4,4,4,4,4,4,10,4,4,4,10,4,4,4,1,2,2,4,4,20,3,3,20,4,4,4,5,6,7,8,9,9,4,4,4,4,4,4,
4,1,2,3,3,10,10,4,4,5,7,6,8,9,9,4,
4,4,1,2,3,3,4,19,4,4,4,4,4,
1,2,18,
20,20,20,20,20,18,20,1,2,2,
4,4,20,3,3,20,4,4,4,4,4,4,4,4,4,4,4,4,5,6,7,8,9,9,4,10,10,1,2,2,4,4,4,4,4,4,4,
5,15,13,14,16,12,7,6,8,9,9,4,10,11,11,10,12,10,10,4,1,2,3,3,12,12,
1,2,2,20,18,20,
1,2,2,10,10,20,3,3,20,10,10,4,4,4,4,4,5,7,6,8,9,9,4,
1,2,2,20,18,20,
1,2,18,
4,4,5,6,7,8,9,9,4,10,6,17,8,9,9,10,1,2,3,3,4,4,10,10,4,
10,11,11,10,1,2,3,3,4,10,5,6,7,8,9,9,4,10,12,12,22,22,12,
4,4,4,4,4,4,4,4,1,2,3,3,4,4,4,4,4,4,4,5,4,6,7,8,9,9,4,4,
1,2,18,
12,10,6,17,8,9,9,10,10,10,10,11,11,10,21,18,12,1,2,3,3,4,5,4,7,6,8,9,9,4,4,
1,2,18,
4,12,22,15,16,14,13,22,5,6,7,8,9,9,4,10,10,1,2,3,3,10,11,11,10,12,12,4,4,
1,2,18,
1,2,2,4,18,4,20,3,3,20,
1,2,2,20,18,20,
4,4,4,4,4,4,4,4,4,4,4,4,4,4,4,4,4,4,4,4,1,2,2,4,4,4,4,4,4,4,4,4,20,3,3,20,4,
5,7,6,8,9,9,4,10,10,1,2,3,3,10,11,11,10,10,10,4,
20,20,20,20,18,20,1,2,2,20,
4,4,4,4,4,5,6,7,8,9,9,4,20,20,3,3,20,1,2,2,20,10,10,
4,12,4,10,11,11,10,15,13,14,16,12,5,6,7,8,9,9,4,22,22,12,22,22,22,12,12,4,1,2,3,3,
1,2,18,
4,18,4,1,2,2,4,4,20,3,3,20,
10,4,4,4,5,7,6,8,9,9,4,1,2,3,3,10,
10,6,7,8,9,9,4,10,10,10,10,4,4,20,20,3,3,20,1,2,2,4,10,20,5,
1,2,2,20,18,20,
10,11,11,10,1,2,2,20,4,3,3,20,4,4,5,7,6,8,9,9,4,4,4,
20,1,2,2,18,20,
12,10,11,11,10,20,1,2,2,3,3,20,4,18,21,12,5,6,7,8,9,9,4,
4,4,4,4,5,7,6,8,9,9,4,10,10,20,10,11,11,10,3,3,20,4,1,2,2,10,10,
4,1,2,4,3,3,10,11,11,10,4,5,6,7,8,9,9,4,10,10,10,17,6,8,9,9,10,10,10,
4,4,1,2,3,3,10,10,4,5,10,11,11,10,7,6,8,9,9,4,
10,10,4,10,10,5,7,6,8,9,9,4,1,2,3,3,
4,4,4,4,4,4,4,4,4,4,1,2,4,3,3,4,4,4,4,4,4,4,4,4,
4,4,1,2,3,3,4,4,19,4,4,4,4,
4,4,4,4,1,2,3,3,4,4,4,5,6,7,8,9,9,4,10,10,4,4,4,4,4,4,
20,3,3,20,4,18,4,1,2,2,4,4,
4,4,4,4,4,4,4,1,2,19,4,3,3,
1,2,18,
20,18,20,1,2,2,
5,12,12,12,12,15,13,14,16,12,7,6,8,9,9,4,20,10,11,11,10,12,3,3,20,22,22,22,12,10,22,10,1,2,2,22,4,
1,2,3,3,10,6,17,8,9,9,10,4,4,4,5,4,6,7,8,9,9,4,4,4,4,
4,4,1,2,3,3,4,4,4,4,4,4,
4,4,4,4,1,2,2,4,4,4,4,4,20,18,4,20,20,3,3,20,
1,2,18,
12,10,11,11,10,12,12,1,2,3,3,4,4,4,5,6,7,8,9,9,4,15,16,13,14,12,12,12,
1,2,18,
1,2,18,
4,4,4,10,11,11,10,12,5,6,7,8,9,9,4,10,10,4,4,15,14,16,13,12,1,2,2,20,3,3,20,4,4,
1,2,3,3,10,4,4,5,10,10,6,7,8,9,9,4,10,10,6,17,8,9,9,10,10,10,10,10,10,10,4,
7,6,8,9,9,4,10,10,12,12,10,10,10,1,2,3,3,22,22,22,22,10,10,11,11,10,10,10,22,22,22,22,22,4,4,4,12,5,21,18,22,
4,5,4,4,6,7,8,9,9,4,10,10,1,2,3,3,
4,4,20,20,20,3,3,20,10,10,10,4,10,1,2,2,5,6,7,8,9,9,4,10,6,17,8,9,9,10,10,10,
10,5,6,7,8,9,9,4,10,10,19,17,10,1,2,3,3,4,
5,6,7,8,9,9,4,10,19,17,10,1,2,3,3,4,
4,4,12,14,13,15,16,12,5,6,7,8,9,9,4,10,10,4,4,10,11,11,10,12,12,12,12,12,1,2,3,3,12,4,
1,2,18,
12,22,22,12,22,22,22,22,22,12,22,22,22,12,12,12,22,12,12,22,1,2,2,20,22,3,3,20,4,5,7,6,8,9,9,4,10,11,11,10,12,12,22,22,22,22,22,22,22,22,22,22,22,22,22,22,22,22,12,22,22,22,22,22,22,22,22,22,22,22,22,22,
1,2,18,
22,22,22,4,4,12,12,12,4,4,5,4,7,6,8,9,9,4,10,22,11,11,10,22,22,22,15,13,14,16,12,1,2,3,3,12,
10,10,4,4,1,2,3,3,4,4,4,5,6,7,8,9,9,4,4,4,
20,3,3,20,10,11,11,10,4,1,2,2,4,4,4,4,5,7,6,8,9,9,4,10,10,12,15,14,13,16,12,
6,7,10,8,9,9,4,17,6,8,9,9,10,10,10,10,10,10,10,12,12,12,12,10,11,11,10,21,18,12,1,2,2,20,3,3,20,4,12,5,
10,4,10,5,7,6,8,9,9,4,1,2,3,3,
20,18,20,1,2,2,
5,7,6,8,9,9,4,10,10,10,10,1,2,3,3,4,
1,2,2,20,18,20,
1,2,18,
1,2,18,
1,2,18,
10,11,11,10,1,2,2,20,3,3,20,4,12,5,7,6,8,9,9,4,14,15,13,16,12,
10,10,10,10,1,2,3,3,10,10,4,5,6,7,8,9,9,4,10,10,10,10,
4,10,12,11,11,10,5,6,7,8,9,9,4,10,10,10,10,1,2,22,3,3,12,22,4,4,12,12,12,
1,2,18,
1,2,2,20,18,20,
1,2,18,
1,2,2,20,18,20,
5,6,7,8,9,9,4,4,4,4,1,2,3,3,4,4,10,10,
1,2,18,
1,2,18,
1,2,2,20,18,20,
1,2,18,
4,4,4,4,4,4,4,4,4,4,4,4,1,2,3,3,4,4,4,4,4,4,4,4,4,4,4,4,4,4,4,4,
20,18,20,1,2,2,20,20,
4,4,4,18,4,4,4,1,2,2,20,3,3,20,
4,18,4,1,2,2,20,3,3,20,
4,18,4,1,2,2,20,3,3,20,
1,2,2,20,18,20,
15,16,13,14,12,22,22,10,22,22,22,22,10,11,11,10,12,12,12,12,12,1,2,3,3,10,4,22,12,17,6,8,9,9,10,10,5,10,22,7,6,8,9,9,4,10,22,22,22,22,22,
10,11,11,10,4,5,6,7,8,9,9,4,4,4,12,21,18,12,1,2,3,3,
1,2,18,
4,5,6,7,8,9,9,4,10,10,10,19,17,10,10,10,1,2,3,3,
1,2,18,
1,2,2,20,18,20,
1,2,2,20,18,20,
1,2,2,20,18,20,
1,2,18,
1,2,2,20,18,20,
1,2,18,
22,22,12,22,22,22,10,11,11,10,17,6,8,9,9,12,22,12,12,22,22,22,22,22,22,22,22,22,22,22,1,2,3,3,4,22,5,7,6,8,9,9,4,
4,4,4,4,4,4,4,4,4,4,4,4,4,4,4,4,4,4,4,4,1,2,2,4,20,4,4,4,3,3,20,4,4,4,4,4,4,
1,2,18,
4,4,4,4,4,4,4,4,4,4,4,4,4,4,4,4,4,4,4,4,4,4,4,4,4,4,4,4,4,4,4,4,4,1,2,2,20,4,4,4,4,4,4,4,4,3,3,20,4,
4,4,4,4,4,1,2,3,3,4,4,4,4,4,4,4,4,4,4,4,4,4,4,4,4,4,4,4,4,4,4,4,4,4,4,4,4,4,4,4,4,4,4,4,
1,2,2,20,18,20,
1,2,2,20,18,20,
1,2,18,
1,2,18,
4,4,19,4,1,2,3,3,4,
20,18,20,1,2,2,
1,2,2,10,10,4,20,4,4,4,3,3,20,4,5,7,6,8,9,9,4,
1,2,3,3,4,4,4,5,6,7,8,9,9,4,10,17,6,8,9,9,10,10,10,10,10,10,17,6,8,9,9,10,10,10,10,11,11,10,
4,1,2,3,3,5,10,6,7,8,9,9,4,10,10,10,10,10,
1,2,18,
1,2,18,
14,15,13,16,12,12,12,1,2,3,3,4,10,11,11,10,12,23,23,23,5,6,7,8,9,9,4,10,10,12,
4,4,4,10,10,4,4,1,2,3,3,4,4,5,6,7,8,9,9,4,10,10,
5,22,4,6,7,8,9,9,4,12,12,22,22,22,12,12,10,11,11,10,22,22,22,12,12,12,1,2,4,3,3,4,12,4,15,14,13,16,12,4,
1,2,18,
1,2,2,20,18,20,
20,20,20,1,2,2,18,20,20,20,
10,11,11,10,10,10,1,2,3,3,4,12,4,4,5,12,6,7,8,9,9,4,10,10,16,14,13,15,12,12,
10,10,10,10,1,2,3,3,4,5,7,6,8,9,9,4,10,10,10,17,6,8,9,9,10,
4,4,4,18,4,4,20,1,2,2,3,3,20,4,4,4,
10,10,10,1,2,3,3,4,5,6,7,8,9,9,4,10,10,10,6,17,8,9,9,10,10,
4,5,7,6,8,9,9,4,10,10,12,10,11,11,10,14,13,15,16,12,1,2,3,3,
1,2,18,
1,2,3,3,4,19,4,
1,2,2,20,18,20,
5,6,7,8,9,9,4,1,2,3,3,10,10,4,
1,2,2,20,18,20,
22,22,22,4,1,2,3,3,4,4,4,4,10,4,11,11,10,4,12,5,7,6,8,9,9,4,12,12,12,12,12,12,12,13,16,15,14,12,
4,4,1,2,3,3,4,4,4,19,4,4,4,4,4,4,4,
1,2,3,3,4,18,4,
12,10,11,11,10,1,2,3,3,4,12,12,4,4,15,16,14,13,12,5,6,7,8,9,9,4,10,10,
1,2,18,
1,2,3,3,4,5,6,7,8,9,9,4,10,10,10,10,4,4,10,10,
22,1,2,3,3,4,10,11,11,10,4,12,12,22,22,4,12,22,5,6,7,8,9,9,4,22,12,12,22,22,22,22,6,17,8,9,9,12,22,
1,2,3,3,4,5,10,10,10,6,7,8,9,9,4,10,10,10,10,6,17,8,9,9,10,10,10,
1,2,18,
1,2,18,
4,4,4,19,4,1,2,3,3,
20,20,18,20,1,2,2,20,
4,4,4,4,4,4,4,4,1,2,4,3,3,4,4,4,
1,2,18,
4,4,4,5,7,6,8,9,9,4,10,10,1,2,3,3,4,4,
10,4,5,10,7,6,8,9,9,4,10,4,6,17,8,9,9,10,10,10,4,1,2,3,3,
1,2,18,
1,2,2,4,18,4,20,3,3,20,
1,2,2,20,18,20,
1,2,2,20,18,20,
1,2,18,
1,2,18,
1,2,2,20,18,20,
1,2,2,20,18,20,
1,2,18,
1,2,2,20,18,20,
4,4,4,4,4,4,4,4,4,4,4,4,1,2,3,3,
1,2,2,20,18,20,
4,1,2,3,3,5,6,7,8,9,9,4,10,12,12,10,11,11,10,10,
1,2,10,3,3,11,11,10,4,4,4,4,4,4,5,4,7,6,8,9,9,4,
4,1,2,3,3,4,10,5,10,6,7,8,9,9,4,4,
10,10,10,11,11,10,12,4,1,2,12,3,3,12,4,18,21,12,4,5,7,6,8,9,9,4,10,10,
10,10,4,10,11,11,10,5,4,4,7,6,8,9,9,4,10,6,17,8,9,9,10,10,10,1,2,3,3,
1,2,18,
20,18,20,1,2,2,
1,2,2,10,10,4,5,6,7,8,9,9,4,20,3,3,20,
1,2,2,20,18,20,